timestamp,source,origin,destination,lead_time,travel_date,airline,flight_number,departure_time,arrival_time,duration,cabin,fare_class,base_fare,taxes,total_fare,seats_available,status
2026-09-10T19:32:56,EaseMyTrip,DEL,BOM,T+7,2026-09-17,Air India Express,IX-1235,23:25,01:50,02h 25m,ECONOMY,G,5040.0,1489.0,6529.0,9,Available
2026-09-10T19:32:56,EaseMyTrip,DEL,BOM,T+7,2026-09-17,Air India Express,IX-1056,05:35,08:05,02h 30m,ECONOMY,G,5040.0,1489.0,6529.0,9,Available
2026-09-10T19:32:56,EaseMyTrip,DEL,BOM,T+7,2026-09-17,IndiGo,6E-324,13:00,15:10,02h 10m,ECONOMY,R,5065.0,1465.0,6530.0,59,Available
2026-09-10T19:32:56,EaseMyTrip,DEL,BOM,T+7,2026-09-17,Akasa Air,QP-1119,08:40,10:55,02h 15m,ECONOMY,U1,5640.0,890.0,6530.0,9,Available
2026-09-10T19:32:56,EaseMyTrip,DEL,BOM,T+7,2026-09-17,Akasa Air,QP-1110,10:30,12:45,02h 15m,ECONOMY,U1,5640.0,890.0,6530.0,9,Available
2026-09-10T19:32:56,EaseMyTrip,DEL,BOM,T+7,2026-09-17,Akasa Air,QP-1820,17:30,19:45,02h 15m,ECONOMY,U1,5640.0,890.0,6530.0,9,Available
2026-09-10T19:32:56,EaseMyTrip,DEL,BOM,T+7,2026-09-17,IndiGo,6E-449,05:00,07:15,02h 15m,ECONOMY,R,5065.0,1465.0,6530.0,95,Available
2026-09-10T19:32:56,EaseMyTrip,DEL,BOM,T+7,2026-09-17,IndiGo,6E-322,23:30,01:45,02h 15m,ECONOMY,R,5065.0,1465.0,6530.0,56,Available
2026-09-10T19:32:56,EaseMyTrip,DEL,BOM,T+7,2026-09-17,IndiGo,6E-864,15:30,17:45,02h 15m,ECONOMY,R,5065.0,1465.0,6530.0,90,Available
2026-09-10T19:32:56,EaseMyTrip,DEL,BOM,T+7,2026-09-17,IndiGo,6E-6318,14:45,17:00,02h 15m,ECONOMY,R,5065.0,1465.0,6530.0,98,Available
2026-09-10T19:32:56,EaseMyTrip,DEL,BOM,T+7,2026-09-17,IndiGo,6E-6218,06:05,08:20,02h 15m,ECONOMY,R,5065.0,1465.0,6530.0,82,Available
2026-09-10T19:32:56,EaseMyTrip,DEL,BOM,T+7,2026-09-17,IndiGo,6E-675,08:45,11:00,02h 15m,ECONOMY,R,5065.0,1465.0,6530.0,62,Available
2026-09-10T19:32:56,EaseMyTrip,DEL,BOM,T+7,2026-09-17,IndiGo,6E-6814,07:15,09:30,02h 15m,ECONOMY,R,5065.0,1465.0,6530.0,58,Available
2026-09-10T19:32:56,EaseMyTrip,DEL,BOM,T+7,2026-09-17,IndiGo,6E-6047,11:00,13:15,02h 15m,ECONOMY,R,5065.0,1465.0,6530.0,28,Available
2026-09-10T19:32:56,EaseMyTrip,DEL,BOM,T+7,2026-09-17,IndiGo,6E-6676,12:00,14:15,02h 15m,ECONOMY,R,5065.0,1465.0,6530.0,58,Available
2026-09-10T19:32:56,EaseMyTrip,DEL,BOM,T+7,2026-09-17,Akasa Air,QP-1833,06:50,09:10,02h 20m,ECONOMY,U1,5640.0,890.0,6530.0,9,Available
2026-09-10T19:32:56,EaseMyTrip,DEL,BOM,T+7,2026-09-17,Akasa Air,QP-1112,09:20,11:40,02h 20m,ECONOMY,U1,5640.0,890.0,6530.0,9,Available
2026-09-10T19:32:56,EaseMyTrip,DEL,BOM,T+7,2026-09-17,Akasa Air,QP-1128,16:00,18:20,02h 20m,ECONOMY,U1,5640.0,890.0,6530.0,9,Available
2026-09-10T19:32:56,EaseMyTrip,DEL,BOM,T+7,2026-09-17,IndiGo,6E-6114,22:45,01:05,02h 20m,ECONOMY,R,5065.0,1465.0,6530.0,70,Available
2026-09-10T19:32:56,EaseMyTrip,DEL,BOM,T+7,2026-09-17,IndiGo,6E-327,16:15,18:35,02h 20m,ECONOMY,R,5065.0,1465.0,6530.0,94,Available
2026-09-10T19:32:56,EaseMyTrip,DEL,BOM,T+7,2026-09-17,IndiGo,6E-320,08:00,10:20,02h 20m,ECONOMY,R,5065.0,1465.0,6530.0,53,Available
2026-09-10T19:32:56,EaseMyTrip,DEL,BOM,T+7,2026-09-17,IndiGo,6E-6328,10:15,12:35,02h 20m,ECONOMY,R,5065.0,1465.0,6530.0,43,Available
2026-09-10T19:32:56,EaseMyTrip,DEL,BOM,T+7,2026-09-17,Akasa Air,QP-1836,12:30,14:55,02h 25m,ECONOMY,U1,5640.0,890.0,6530.0,9,Available
2026-09-10T19:32:56,EaseMyTrip,DEL,BOM,T+7,2026-09-17,Akasa Air,QP-1826,19:55,22:20,02h 25m,ECONOMY,U1,5640.0,890.0,6530.0,9,Available
2026-09-10T19:32:56,EaseMyTrip,DEL,BOM,T+7,2026-09-17,IndiGo,6E-6022,14:00,16:25,02h 25m,ECONOMY,R,5065.0,1465.0,6530.0,98,Available
2026-09-10T19:32:56,EaseMyTrip,DEL,BOM,T+7,2026-09-17,IndiGo,6E-6107,09:30,11:55,02h 25m,ECONOMY,R,5065.0,1465.0,6530.0,51,Available
2026-09-10T19:32:56,EaseMyTrip,DEL,BOM,T+7,2026-09-17,IndiGo,6E-303,20:00,22:10,02h 10m,ECONOMY,R,5215.0,1473.0,6688.0,5,Available
2026-09-10T19:32:56,EaseMyTrip,DEL,BOM,T+7,2026-09-17,IndiGo,6E-395,21:45,00:05,02h 20m,ECONOMY,R,5215.0,1473.0,6688.0,28,Available
2026-09-10T19:32:56,EaseMyTrip,DEL,BOM,T+7,2026-09-17,Air India,AI-1745,05:00,07:20,02h 20m,ECONOMY,S,5236.0,1494.0,6730.0,9,Available
2026-09-10T19:32:56,EaseMyTrip,DEL,BOM,T+7,2026-09-17,Air India,AI-2439,23:00,01:25,02h 25m,ECONOMY,S,5236.0,1494.0,6730.0,9,Available
2026-09-10T19:32:56,EaseMyTrip,DEL,BOM,T+7,2026-09-17,IndiGo,6E-329,18:00,20:15,02h 15m,ECONOMY,R,5415.0,1483.0,6898.0,31,Available
2026-09-10T19:32:56,EaseMyTrip,DEL,BOM,T+7,2026-09-17,IndiGo,6E-6706,17:00,19:15,02h 15m,ECONOMY,R,5415.0,1483.0,6898.0,4,Available
2026-09-10T19:32:56,EaseMyTrip,DEL,BOM,T+7,2026-09-17,IndiGo,6E-853,20:45,23:00,02h 15m,ECONOMY,R,5415.0,1483.0,6898.0,38,Available
2026-09-10T19:32:56,EaseMyTrip,DEL,BOM,T+7,2026-09-17,Air India,AI-2678,08:30,10:45,02h 15m,ECONOMY,S,5493.0,1507.0,7000.0,9,Available
2026-09-10T19:32:56,EaseMyTrip,DEL,BOM,T+7,2026-09-17,Air India,AI-2963,09:00,11:15,02h 15m,ECONOMY,S,5493.0,1507.0,7000.0,9,Available
2026-09-10T19:32:56,EaseMyTrip,DEL,BOM,T+7,2026-09-17,Air India,AI-2941,16:30,18:50,02h 20m,ECONOMY,S,5493.0,1507.0,7000.0,9,Available
2026-09-10T19:32:56,EaseMyTrip,DEL,BOM,T+7,2026-09-17,Air India,AI-2995,10:00,12:25,02h 25m,ECONOMY,S,5493.0,1507.0,7000.0,9,Available
2026-09-10T19:32:56,EaseMyTrip,DEL,BOM,T+7,2026-09-17,Air India,AI-2945,11:00,13:25,02h 25m,ECONOMY,S,5493.0,1507.0,7000.0,9,Available
2026-09-10T19:32:56,EaseMyTrip,DEL,BOM,T+7,2026-09-17,Air India,AI-1785,12:00,14:25,02h 25m,ECONOMY,S,5493.0,1507.0,7000.0,9,Available
2026-09-10T19:32:56,EaseMyTrip,DEL,BOM,T+7,2026-09-17,Air India,AI-2933,15:30,17:55,02h 25m,ECONOMY,S,5493.0,1507.0,7000.0,9,Available
2026-09-10T19:32:56,EaseMyTrip,DEL,BOM,T+7,2026-09-17,Air India,AI-1777,16:00,18:25,02h 25m,ECONOMY,S,5493.0,1507.0,7000.0,9,Available
2026-09-10T19:32:56,EaseMyTrip,DEL,BOM,T+7,2026-09-17,Air India,AI-441,17:00,19:25,02h 25m,ECONOMY,S,5493.0,1507.0,7000.0,9,Available
2026-09-10T19:32:56,EaseMyTrip,DEL,BOM,T+7,2026-09-17,Air India,AI-887,21:00,23:25,02h 25m,ECONOMY,S,5493.0,1507.0,7000.0,9,Available
2026-09-10T19:32:56,EaseMyTrip,DEL,BOM,T+7,2026-09-17,Air India,AI-2927,09:30,12:00,02h 30m,ECONOMY,S,5493.0,1507.0,7000.0,9,Available
2026-09-10T19:32:56,EaseMyTrip,DEL,BOM,T+7,2026-09-17,Air India,AI-1780,16:10,20:00,03h 50m,ECONOMY,S,5493.0,1507.0,7000.0,8,Available
2026-09-10T19:32:56,EaseMyTrip,DEL,BOM,T+7,2026-09-17,Air India,AI-2975,06:30,08:50,02h 20m,ECONOMY,T,5644.0,1515.0,7159.0,9,Available
2026-09-10T19:32:56,EaseMyTrip,DEL,BOM,T+7,2026-09-17,IndiGo,6E-354,19:00,21:25,02h 25m,ECONOMY,R,5665.0,1495.0,7160.0,24,Available
2026-09-10T19:32:56,EaseMyTrip,DEL,BOM,T+7,2026-09-17,Air India,AI-2951,13:30,15:50,02h 20m,ECONOMY,U,5844.0,1525.0,7369.0,2,Available
2026-09-10T19:32:56,EaseMyTrip,DEL,BOM,T+7,2026-09-17,Air India,AI-2429,07:00,09:25,02h 25m,ECONOMY,U,5844.0,1525.0,7369.0,9,Available
2026-09-10T19:32:56,EaseMyTrip,DEL,BOM,T+7,2026-09-17,Air India,AI-2943,07:30,09:55,02h 25m,ECONOMY,U,5844.0,1525.0,7369.0,9,Available
2026-09-10T19:32:56,EaseMyTrip,DEL,BOM,T+7,2026-09-17,Air India,AI-2433,21:30,23:55,02h 25m,ECONOMY,U,6020.0,1533.0,7553.0,9,Available
2026-09-10T19:32:56,EaseMyTrip,DEL,BOM,T+7,2026-09-17,Air India,AI-2805,20:00,22:25,02h 25m,ECONOMY,U,6078.0,1536.0,7614.0,9,Available
2026-09-10T19:32:56,EaseMyTrip,DEL,BOM,T+7,2026-09-17,Air India,AI-2981,21:00,23:20,02h 20m,ECONOMY,L,6093.0,1537.0,7630.0,9,Available
2026-09-10T19:32:56,EaseMyTrip,DEL,BOM,T+7,2026-09-17,Air India,AI-2985,19:30,21:55,02h 25m,ECONOMY,L,6093.0,1537.0,7630.0,9,Available
2026-09-10T19:32:56,EaseMyTrip,DEL,BOM,T+7,2026-09-17,Air India,AI-2957,20:30,23:05,02h 35m,ECONOMY,L,6093.0,1537.0,7630.0,9,Available
2026-09-10T19:32:56,EaseMyTrip,DEL,BOM,T+7,2026-09-17,Air India,AI-2955,18:00,20:25,02h 25m,ECONOMY,U,6254.0,1545.0,7799.0,9,Available
2026-09-10T19:32:56,EaseMyTrip,DEL,BOM,T+7,2026-09-17,Air India,AI-2977,19:00,21:25,02h 25m,ECONOMY,L,6398.0,1552.0,7950.0,9,Available
2026-09-10T19:32:56,EaseMyTrip,DEL,BOM,T+7,2026-09-17,SpiceJet,SG-162,19:55,22:40,02h 45m,ECONOMY,H,7705.0,1687.0,9392.0,1,Available
2026-09-10T19:32:56,EaseMyTrip,DEL,BOM,T+7,2026-09-17,SpiceJet,SG-2802,22:45,01:25,02h 40m,ECONOMY,X,17192.0,2161.0,19353.0,13,Available
2026-09-10T23:53:34,EaseMyTrip,DEL,BOM,T+7,2026-09-17,Air India Express,IX-1235,23:25,01:50,02h 25m,ECONOMY,G,5040.0,1489.0,6529.0,9,Available
2026-09-10T23:53:34,EaseMyTrip,DEL,BOM,T+7,2026-09-17,Air India Express,IX-1056,05:35,08:05,02h 30m,ECONOMY,G,5040.0,1489.0,6529.0,9,Available
2026-09-10T23:53:34,EaseMyTrip,DEL,BOM,T+7,2026-09-17,IndiGo,6E-324,13:00,15:10,02h 10m,ECONOMY,R,5065.0,1465.0,6530.0,57,Available
2026-09-10T23:53:34,EaseMyTrip,DEL,BOM,T+7,2026-09-17,IndiGo,6E-449,05:00,07:15,02h 15m,ECONOMY,R,5065.0,1465.0,6530.0,95,Available
2026-09-10T23:53:34,EaseMyTrip,DEL,BOM,T+7,2026-09-17,IndiGo,6E-322,23:30,01:45,02h 15m,ECONOMY,R,5065.0,1465.0,6530.0,54,Available
2026-09-10T23:53:34,EaseMyTrip,DEL,BOM,T+7,2026-09-17,IndiGo,6E-864,15:30,17:45,02h 15m,ECONOMY,R,5065.0,1465.0,6530.0,89,Available
2026-09-10T23:53:34,EaseMyTrip,DEL,BOM,T+7,2026-09-17,IndiGo,6E-6318,14:45,17:00,02h 15m,ECONOMY,R,5065.0,1465.0,6530.0,97,Available
2026-09-10T23:53:34,EaseMyTrip,DEL,BOM,T+7,2026-09-17,IndiGo,6E-6218,06:05,08:20,02h 15m,ECONOMY,R,5065.0,1465.0,6530.0,79,Available
2026-09-10T23:53:34,EaseMyTrip,DEL,BOM,T+7,2026-09-17,IndiGo,6E-675,08:45,11:00,02h 15m,ECONOMY,R,5065.0,1465.0,6530.0,60,Available
2026-09-10T23:53:34,EaseMyTrip,DEL,BOM,T+7,2026-09-17,IndiGo,6E-6814,07:15,09:30,02h 15m,ECONOMY,R,5065.0,1465.0,6530.0,50,Available
2026-09-10T23:53:34,EaseMyTrip,DEL,BOM,T+7,2026-09-17,IndiGo,6E-6047,11:00,13:15,02h 15m,ECONOMY,R,5065.0,1465.0,6530.0,28,Available
2026-09-10T23:53:34,EaseMyTrip,DEL,BOM,T+7,2026-09-17,IndiGo,6E-6676,12:00,14:15,02h 15m,ECONOMY,R,5065.0,1465.0,6530.0,58,Available
2026-09-10T23:53:34,EaseMyTrip,DEL,BOM,T+7,2026-09-17,Akasa Air,QP-1833,06:50,09:10,02h 20m,ECONOMY,U1,5640.0,890.0,6530.0,9,Available
2026-09-10T23:53:34,EaseMyTrip,DEL,BOM,T+7,2026-09-17,IndiGo,6E-6114,22:45,01:05,02h 20m,ECONOMY,R,5065.0,1465.0,6530.0,71,Available
2026-09-10T23:53:34,EaseMyTrip,DEL,BOM,T+7,2026-09-17,IndiGo,6E-327,16:15,18:35,02h 20m,ECONOMY,R,5065.0,1465.0,6530.0,94,Available
2026-09-10T23:53:34,EaseMyTrip,DEL,BOM,T+7,2026-09-17,IndiGo,6E-320,08:00,10:20,02h 20m,ECONOMY,R,5065.0,1465.0,6530.0,53,Available
2026-09-10T23:53:34,EaseMyTrip,DEL,BOM,T+7,2026-09-17,IndiGo,6E-6328,10:15,12:35,02h 20m,ECONOMY,R,5065.0,1465.0,6530.0,44,Available
2026-09-10T23:53:34,EaseMyTrip,DEL,BOM,T+7,2026-09-17,IndiGo,6E-6022,14:00,16:25,02h 25m,ECONOMY,R,5065.0,1465.0,6530.0,96,Available
2026-09-10T23:53:34,EaseMyTrip,DEL,BOM,T+7,2026-09-17,IndiGo,6E-6107,09:30,11:55,02h 25m,ECONOMY,R,5065.0,1465.0,6530.0,47,Available
2026-09-10T23:53:34,EaseMyTrip,DEL,BOM,T+7,2026-09-17,IndiGo,6E-303,20:00,22:10,02h 10m,ECONOMY,R,5215.0,1473.0,6688.0,3,Available
2026-09-10T23:53:34,EaseMyTrip,DEL,BOM,T+7,2026-09-17,IndiGo,6E-395,21:45,00:05,02h 20m,ECONOMY,R,5215.0,1473.0,6688.0,28,Available
2026-09-10T23:53:34,EaseMyTrip,DEL,BOM,T+7,2026-09-17,Air India,AI-1745,05:00,07:20,02h 20m,ECONOMY,S,5236.0,1494.0,6730.0,9,Available
2026-09-10T23:53:34,EaseMyTrip,DEL,BOM,T+7,2026-09-17,Air India,AI-2439,23:00,01:25,02h 25m,ECONOMY,S,5236.0,1494.0,6730.0,9,Available
2026-09-10T23:53:34,EaseMyTrip,DEL,BOM,T+7,2026-09-17,IndiGo,6E-329,18:00,20:15,02h 15m,ECONOMY,R,5415.0,1483.0,6898.0,31,Available
2026-09-10T23:53:34,EaseMyTrip,DEL,BOM,T+7,2026-09-17,IndiGo,6E-6706,17:00,19:15,02h 15m,ECONOMY,R,5415.0,1483.0,6898.0,3,Available
2026-09-10T23:53:34,EaseMyTrip,DEL,BOM,T+7,2026-09-17,IndiGo,6E-853,20:45,23:00,02h 15m,ECONOMY,R,5415.0,1483.0,6898.0,38,Available
2026-09-10T23:53:34,EaseMyTrip,DEL,BOM,T+7,2026-09-17,Air India,AI-2678,08:30,10:45,02h 15m,ECONOMY,S,5493.0,1507.0,7000.0,9,Available
2026-09-10T23:53:34,EaseMyTrip,DEL,BOM,T+7,2026-09-17,Air India,AI-2963,09:00,11:15,02h 15m,ECONOMY,S,5493.0,1507.0,7000.0,7,Available
2026-09-10T23:53:34,EaseMyTrip,DEL,BOM,T+7,2026-09-17,Air India,AI-2975,06:30,08:50,02h 20m,ECONOMY,S,5493.0,1507.0,7000.0,9,Available
2026-09-10T23:53:34,EaseMyTrip,DEL,BOM,T+7,2026-09-17,Air India,AI-2941,16:30,18:50,02h 20m,ECONOMY,S,5493.0,1507.0,7000.0,9,Available
2026-09-10T23:53:34,EaseMyTrip,DEL,BOM,T+7,2026-09-17,Air India,AI-2429,07:00,09:25,02h 25m,ECONOMY,S,5493.0,1507.0,7000.0,9,Available
2026-09-10T23:53:34,EaseMyTrip,DEL,BOM,T+7,2026-09-17,Air India,AI-2943,07:30,09:55,02h 25m,ECONOMY,S,5493.0,1507.0,7000.0,9,Available
2026-09-10T23:53:34,EaseMyTrip,DEL,BOM,T+7,2026-09-17,Air India,AI-2995,10:00,12:25,02h 25m,ECONOMY,S,5493.0,1507.0,7000.0,9,Available
2026-09-10T23:53:34,EaseMyTrip,DEL,BOM,T+7,2026-09-17,Air India,AI-2945,11:00,13:25,02h 25m,ECONOMY,S,5493.0,1507.0,7000.0,9,Available
2026-09-10T23:53:34,EaseMyTrip,DEL,BOM,T+7,2026-09-17,Air India,AI-1785,12:00,14:25,02h 25m,ECONOMY,S,5493.0,1507.0,7000.0,9,Available
2026-09-10T23:53:34,EaseMyTrip,DEL,BOM,T+7,2026-09-17,Air India,AI-2933,15:30,17:55,02h 25m,ECONOMY,S,5493.0,1507.0,7000.0,9,Available
2026-09-10T23:53:34,EaseMyTrip,DEL,BOM,T+7,2026-09-17,Air India,AI-1777,16:00,18:25,02h 25m,ECONOMY,S,5493.0,1507.0,7000.0,9,Available
2026-09-10T23:53:34,EaseMyTrip,DEL,BOM,T+7,2026-09-17,Air India,AI-2985,19:30,21:55,02h 25m,ECONOMY,S,5493.0,1507.0,7000.0,9,Available
2026-09-10T23:53:34,EaseMyTrip,DEL,BOM,T+7,2026-09-17,Air India,AI-2805,20:00,22:25,02h 25m,ECONOMY,S,5493.0,1507.0,7000.0,9,Available
2026-09-10T23:53:34,EaseMyTrip,DEL,BOM,T+7,2026-09-17,Air India,AI-2927,09:30,12:00,02h 30m,ECONOMY,S,5493.0,1507.0,7000.0,9,Available
2026-09-10T23:53:34,EaseMyTrip,DEL,BOM,T+7,2026-09-17,Air India,AI-2957,20:30,23:05,02h 35m,ECONOMY,S,5493.0,1507.0,7000.0,9,Available
2026-09-10T23:53:34,EaseMyTrip,DEL,BOM,T+7,2026-09-17,Air India,AI-1780,16:10,20:00,03h 50m,ECONOMY,S,5493.0,1507.0,7000.0,7,Available
2026-09-10T23:53:34,EaseMyTrip,DEL,BOM,T+7,2026-09-17,Air India,AI-2433,21:30,23:55,02h 25m,ECONOMY,T,5644.0,1515.0,7159.0,9,Available
2026-09-10T23:53:34,EaseMyTrip,DEL,BOM,T+7,2026-09-17,IndiGo,6E-354,19:00,21:25,02h 25m,ECONOMY,R,5665.0,1495.0,7160.0,22,Available
2026-09-10T23:53:34,EaseMyTrip,DEL,BOM,T+7,2026-09-17,Air India,AI-2951,13:30,15:50,02h 20m,ECONOMY,U,5844.0,1525.0,7369.0,2,Available
2026-09-10T23:53:34,EaseMyTrip,DEL,BOM,T+7,2026-09-17,Air India,AI-2981,21:00,23:20,02h 20m,ECONOMY,U,5844.0,1525.0,7369.0,9,Available
2026-09-10T23:53:34,EaseMyTrip,DEL,BOM,T+7,2026-09-17,Air India,AI-441,17:00,19:25,02h 25m,ECONOMY,U,5844.0,1525.0,7369.0,9,Available
2026-09-10T23:53:34,EaseMyTrip,DEL,BOM,T+7,2026-09-17,Air India,AI-887,21:00,23:25,02h 25m,ECONOMY,U,5844.0,1525.0,7369.0,9,Available
2026-09-10T23:55:38,EaseMyTrip,DEL,BOM,T+7,2026-09-17,Air India Express,IX-1235,23:25,01:50,02h 25m,ECONOMY,G,5040.0,1489.0,6529.0,9,Available
2026-09-10T23:55:38,EaseMyTrip,DEL,BOM,T+7,2026-09-17,Air India Express,IX-1056,05:35,08:05,02h 30m,ECONOMY,G,5040.0,1489.0,6529.0,9,Available
2026-09-10T23:55:38,EaseMyTrip,DEL,BOM,T+7,2026-09-17,IndiGo,6E-324,13:00,15:10,02h 10m,ECONOMY,R,5065.0,1465.0,6530.0,57,Available
2026-09-10T23:55:38,EaseMyTrip,DEL,BOM,T+7,2026-09-17,IndiGo,6E-449,05:00,07:15,02h 15m,ECONOMY,R,5065.0,1465.0,6530.0,95,Available
2026-09-10T23:55:38,EaseMyTrip,DEL,BOM,T+7,2026-09-17,IndiGo,6E-322,23:30,01:45,02h 15m,ECONOMY,R,5065.0,1465.0,6530.0,54,Available
2026-09-10T23:55:38,EaseMyTrip,DEL,BOM,T+7,2026-09-17,IndiGo,6E-864,15:30,17:45,02h 15m,ECONOMY,R,5065.0,1465.0,6530.0,89,Available
2026-09-10T23:55:38,EaseMyTrip,DEL,BOM,T+7,2026-09-17,IndiGo,6E-6318,14:45,17:00,02h 15m,ECONOMY,R,5065.0,1465.0,6530.0,97,Available
2026-09-10T23:55:38,EaseMyTrip,DEL,BOM,T+7,2026-09-17,IndiGo,6E-6218,06:05,08:20,02h 15m,ECONOMY,R,5065.0,1465.0,6530.0,79,Available
2026-09-10T23:55:38,EaseMyTrip,DEL,BOM,T+7,2026-09-17,IndiGo,6E-675,08:45,11:00,02h 15m,ECONOMY,R,5065.0,1465.0,6530.0,60,Available
2026-09-10T23:55:38,EaseMyTrip,DEL,BOM,T+7,2026-09-17,IndiGo,6E-6814,07:15,09:30,02h 15m,ECONOMY,R,5065.0,1465.0,6530.0,50,Available
2026-09-10T23:55:38,EaseMyTrip,DEL,BOM,T+7,2026-09-17,IndiGo,6E-6047,11:00,13:15,02h 15m,ECONOMY,R,5065.0,1465.0,6530.0,28,Available
2026-09-10T23:55:38,EaseMyTrip,DEL,BOM,T+7,2026-09-17,IndiGo,6E-6676,12:00,14:15,02h 15m,ECONOMY,R,5065.0,1465.0,6530.0,58,Available
2026-09-10T23:55:38,EaseMyTrip,DEL,BOM,T+7,2026-09-17,Akasa Air,QP-1833,06:50,09:10,02h 20m,ECONOMY,U1,5640.0,890.0,6530.0,9,Available
2026-09-10T23:55:38,EaseMyTrip,DEL,BOM,T+7,2026-09-17,IndiGo,6E-6114,22:45,01:05,02h 20m,ECONOMY,R,5065.0,1465.0,6530.0,71,Available
2026-09-10T23:55:38,EaseMyTrip,DEL,BOM,T+7,2026-09-17,IndiGo,6E-327,16:15,18:35,02h 20m,ECONOMY,R,5065.0,1465.0,6530.0,94,Available
2026-09-10T23:55:38,EaseMyTrip,DEL,BOM,T+7,2026-09-17,IndiGo,6E-320,08:00,10:20,02h 20m,ECONOMY,R,5065.0,1465.0,6530.0,53,Available
2026-09-10T23:55:38,EaseMyTrip,DEL,BOM,T+7,2026-09-17,IndiGo,6E-6328,10:15,12:35,02h 20m,ECONOMY,R,5065.0,1465.0,6530.0,44,Available
2026-09-10T23:55:38,EaseMyTrip,DEL,BOM,T+7,2026-09-17,IndiGo,6E-6022,14:00,16:25,02h 25m,ECONOMY,R,5065.0,1465.0,6530.0,96,Available
2026-09-10T23:55:38,EaseMyTrip,DEL,BOM,T+7,2026-09-17,IndiGo,6E-6107,09:30,11:55,02h 25m,ECONOMY,R,5065.0,1465.0,6530.0,47,Available
2026-09-10T23:55:38,EaseMyTrip,DEL,BOM,T+7,2026-09-17,IndiGo,6E-303,20:00,22:10,02h 10m,ECONOMY,R,5215.0,1473.0,6688.0,3,Available
2026-09-10T23:55:38,EaseMyTrip,DEL,BOM,T+7,2026-09-17,IndiGo,6E-395,21:45,00:05,02h 20m,ECONOMY,R,5215.0,1473.0,6688.0,28,Available
2026-09-10T23:55:38,EaseMyTrip,DEL,BOM,T+7,2026-09-17,Air India,AI-1745,05:00,07:20,02h 20m,ECONOMY,S,5236.0,1494.0,6730.0,9,Available
2026-09-10T23:55:38,EaseMyTrip,DEL,BOM,T+7,2026-09-17,Air India,AI-2439,23:00,01:25,02h 25m,ECONOMY,S,5236.0,1494.0,6730.0,9,Available
2026-09-10T23:55:38,EaseMyTrip,DEL,BOM,T+7,2026-09-17,IndiGo,6E-329,18:00,20:15,02h 15m,ECONOMY,R,5415.0,1483.0,6898.0,31,Available
2026-09-10T23:55:38,EaseMyTrip,DEL,BOM,T+7,2026-09-17,IndiGo,6E-6706,17:00,19:15,02h 15m,ECONOMY,R,5415.0,1483.0,6898.0,3,Available
2026-09-10T23:55:38,EaseMyTrip,DEL,BOM,T+7,2026-09-17,IndiGo,6E-853,20:45,23:00,02h 15m,ECONOMY,R,5415.0,1483.0,6898.0,38,Available
2026-09-10T23:55:38,EaseMyTrip,DEL,BOM,T+7,2026-09-17,Air India,AI-2678,08:30,10:45,02h 15m,ECONOMY,S,5493.0,1507.0,7000.0,9,Available
2026-09-10T23:55:38,EaseMyTrip,DEL,BOM,T+7,2026-09-17,Air India,AI-2963,09:00,11:15,02h 15m,ECONOMY,S,5493.0,1507.0,7000.0,7,Available
2026-09-10T23:55:38,EaseMyTrip,DEL,BOM,T+7,2026-09-17,Air India,AI-2975,06:30,08:50,02h 20m,ECONOMY,S,5493.0,1507.0,7000.0,9,Available
2026-09-10T23:55:38,EaseMyTrip,DEL,BOM,T+7,2026-09-17,Air India,AI-2941,16:30,18:50,02h 20m,ECONOMY,S,5493.0,1507.0,7000.0,9,Available
2026-09-10T23:55:38,EaseMyTrip,DEL,BOM,T+7,2026-09-17,Air India,AI-2429,07:00,09:25,02h 25m,ECONOMY,S,5493.0,1507.0,7000.0,9,Available
2026-09-10T23:55:38,EaseMyTrip,DEL,BOM,T+7,2026-09-17,Air India,AI-2943,07:30,09:55,02h 25m,ECONOMY,S,5493.0,1507.0,7000.0,9,Available
2026-09-10T23:55:38,EaseMyTrip,DEL,BOM,T+7,2026-09-17,Air India,AI-2995,10:00,12:25,02h 25m,ECONOMY,S,5493.0,1507.0,7000.0,9,Available
2026-09-10T23:55:38,EaseMyTrip,DEL,BOM,T+7,2026-09-17,Air India,AI-2945,11:00,13:25,02h 25m,ECONOMY,S,5493.0,1507.0,7000.0,9,Available
2026-09-10T23:55:38,EaseMyTrip,DEL,BOM,T+7,2026-09-17,Air India,AI-1785,12:00,14:25,02h 25m,ECONOMY,S,5493.0,1507.0,7000.0,9,Available
2026-09-10T23:55:38,EaseMyTrip,DEL,BOM,T+7,2026-09-17,Air India,AI-2933,15:30,17:55,02h 25m,ECONOMY,S,5493.0,1507.0,7000.0,9,Available
2026-09-10T23:55:38,EaseMyTrip,DEL,BOM,T+7,2026-09-17,Air India,AI-1777,16:00,18:25,02h 25m,ECONOMY,S,5493.0,1507.0,7000.0,9,Available
2026-09-10T23:55:38,EaseMyTrip,DEL,BOM,T+7,2026-09-17,Air India,AI-2985,19:30,21:55,02h 25m,ECONOMY,S,5493.0,1507.0,7000.0,9,Available
2026-09-10T23:55:38,EaseMyTrip,DEL,BOM,T+7,2026-09-17,Air India,AI-2805,20:00,22:25,02h 25m,ECONOMY,S,5493.0,1507.0,7000.0,9,Available
2026-09-10T23:55:38,EaseMyTrip,DEL,BOM,T+7,2026-09-17,Air India,AI-2927,09:30,12:00,02h 30m,ECONOMY,S,5493.0,1507.0,7000.0,9,Available
2026-09-10T23:55:38,EaseMyTrip,DEL,BOM,T+7,2026-09-17,Air India,AI-2957,20:30,23:05,02h 35m,ECONOMY,S,5493.0,1507.0,7000.0,9,Available
2026-09-10T23:55:38,EaseMyTrip,DEL,BOM,T+7,2026-09-17,Air India,AI-1780,16:10,20:00,03h 50m,ECONOMY,S,5493.0,1507.0,7000.0,7,Available
2026-09-10T23:55:38,EaseMyTrip,DEL,BOM,T+7,2026-09-17,Air India,AI-2433,21:30,23:55,02h 25m,ECONOMY,T,5644.0,1515.0,7159.0,9,Available
2026-09-10T23:55:38,EaseMyTrip,DEL,BOM,T+7,2026-09-17,IndiGo,6E-354,19:00,21:25,02h 25m,ECONOMY,R,5665.0,1495.0,7160.0,22,Available
2026-09-10T23:55:38,EaseMyTrip,DEL,BOM,T+7,2026-09-17,Air India,AI-2951,13:30,15:50,02h 20m,ECONOMY,U,5844.0,1525.0,7369.0,2,Available
2026-09-10T23:55:38,EaseMyTrip,DEL,BOM,T+7,2026-09-17,Air India,AI-2981,21:00,23:20,02h 20m,ECONOMY,U,5844.0,1525.0,7369.0,9,Available
2026-09-10T23:55:38,EaseMyTrip,DEL,BOM,T+7,2026-09-17,Air India,AI-441,17:00,19:25,02h 25m,ECONOMY,U,5844.0,1525.0,7369.0,9,Available
2026-09-10T23:55:38,EaseMyTrip,DEL,BOM,T+7,2026-09-17,Air India,AI-887,21:00,23:25,02h 25m,ECONOMY,U,5844.0,1525.0,7369.0,9,Available
2026-09-10T23:57:40,EaseMyTrip,DEL,BOM,T+7,2026-09-17,Air India Express,IX-1235,23:25,01:50,02h 25m,ECONOMY,G,5040.0,1489.0,6529.0,9,Available
2026-09-10T23:57:40,EaseMyTrip,DEL,BOM,T+7,2026-09-17,Air India Express,IX-1056,05:35,08:05,02h 30m,ECONOMY,G,5040.0,1489.0,6529.0,9,Available
2026-09-10T23:57:40,EaseMyTrip,DEL,BOM,T+7,2026-09-17,IndiGo,6E-324,13:00,15:10,02h 10m,ECONOMY,R,5065.0,1465.0,6530.0,57,Available
2026-09-10T23:57:40,EaseMyTrip,DEL,BOM,T+7,2026-09-17,IndiGo,6E-449,05:00,07:15,02h 15m,ECONOMY,R,5065.0,1465.0,6530.0,95,Available
2026-09-10T23:57:40,EaseMyTrip,DEL,BOM,T+7,2026-09-17,IndiGo,6E-322,23:30,01:45,02h 15m,ECONOMY,R,5065.0,1465.0,6530.0,54,Available
2026-09-10T23:57:40,EaseMyTrip,DEL,BOM,T+7,2026-09-17,IndiGo,6E-864,15:30,17:45,02h 15m,ECONOMY,R,5065.0,1465.0,6530.0,89,Available
2026-09-10T23:57:40,EaseMyTrip,DEL,BOM,T+7,2026-09-17,IndiGo,6E-6318,14:45,17:00,02h 15m,ECONOMY,R,5065.0,1465.0,6530.0,97,Available
2026-09-10T23:57:40,EaseMyTrip,DEL,BOM,T+7,2026-09-17,IndiGo,6E-6218,06:05,08:20,02h 15m,ECONOMY,R,5065.0,1465.0,6530.0,79,Available
2026-09-10T23:57:40,EaseMyTrip,DEL,BOM,T+7,2026-09-17,IndiGo,6E-675,08:45,11:00,02h 15m,ECONOMY,R,5065.0,1465.0,6530.0,60,Available
2026-09-10T23:57:40,EaseMyTrip,DEL,BOM,T+7,2026-09-17,IndiGo,6E-6814,07:15,09:30,02h 15m,ECONOMY,R,5065.0,1465.0,6530.0,50,Available
2026-09-10T23:57:40,EaseMyTrip,DEL,BOM,T+7,2026-09-17,IndiGo,6E-6047,11:00,13:15,02h 15m,ECONOMY,R,5065.0,1465.0,6530.0,28,Available
2026-09-10T23:57:40,EaseMyTrip,DEL,BOM,T+7,2026-09-17,IndiGo,6E-6676,12:00,14:15,02h 15m,ECONOMY,R,5065.0,1465.0,6530.0,58,Available
2026-09-10T23:57:40,EaseMyTrip,DEL,BOM,T+7,2026-09-17,Akasa Air,QP-1833,06:50,09:10,02h 20m,ECONOMY,U1,5640.0,890.0,6530.0,9,Available
2026-09-10T23:57:40,EaseMyTrip,DEL,BOM,T+7,2026-09-17,IndiGo,6E-6114,22:45,01:05,02h 20m,ECONOMY,R,5065.0,1465.0,6530.0,71,Available
2026-09-10T23:57:40,EaseMyTrip,DEL,BOM,T+7,2026-09-17,IndiGo,6E-327,16:15,18:35,02h 20m,ECONOMY,R,5065.0,1465.0,6530.0,94,Available
2026-09-10T23:57:40,EaseMyTrip,DEL,BOM,T+7,2026-09-17,IndiGo,6E-320,08:00,10:20,02h 20m,ECONOMY,R,5065.0,1465.0,6530.0,53,Available
2026-09-10T23:57:40,EaseMyTrip,DEL,BOM,T+7,2026-09-17,IndiGo,6E-6328,10:15,12:35,02h 20m,ECONOMY,R,5065.0,1465.0,6530.0,44,Available
2026-09-10T23:57:40,EaseMyTrip,DEL,BOM,T+7,2026-09-17,IndiGo,6E-6022,14:00,16:25,02h 25m,ECONOMY,R,5065.0,1465.0,6530.0,96,Available
2026-09-10T23:57:40,EaseMyTrip,DEL,BOM,T+7,2026-09-17,IndiGo,6E-6107,09:30,11:55,02h 25m,ECONOMY,R,5065.0,1465.0,6530.0,47,Available
2026-09-10T23:57:40,EaseMyTrip,DEL,BOM,T+7,2026-09-17,IndiGo,6E-303,20:00,22:10,02h 10m,ECONOMY,R,5215.0,1473.0,6688.0,3,Available
2026-09-10T23:57:40,EaseMyTrip,DEL,BOM,T+7,2026-09-17,IndiGo,6E-395,21:45,00:05,02h 20m,ECONOMY,R,5215.0,1473.0,6688.0,28,Available
2026-09-10T23:57:40,EaseMyTrip,DEL,BOM,T+7,2026-09-17,Air India,AI-1745,05:00,07:20,02h 20m,ECONOMY,S,5236.0,1494.0,6730.0,9,Available
2026-09-10T23:57:40,EaseMyTrip,DEL,BOM,T+7,2026-09-17,Air India,AI-2439,23:00,01:25,02h 25m,ECONOMY,S,5236.0,1494.0,6730.0,9,Available
2026-09-10T23:57:40,EaseMyTrip,DEL,BOM,T+7,2026-09-17,IndiGo,6E-329,18:00,20:15,02h 15m,ECONOMY,R,5415.0,1483.0,6898.0,31,Available
2026-09-10T23:57:40,EaseMyTrip,DEL,BOM,T+7,2026-09-17,IndiGo,6E-6706,17:00,19:15,02h 15m,ECONOMY,R,5415.0,1483.0,6898.0,3,Available
2026-09-10T23:57:40,EaseMyTrip,DEL,BOM,T+7,2026-09-17,IndiGo,6E-853,20:45,23:00,02h 15m,ECONOMY,R,5415.0,1483.0,6898.0,38,Available
2026-09-10T23:57:40,EaseMyTrip,DEL,BOM,T+7,2026-09-17,Air India,AI-2678,08:30,10:45,02h 15m,ECONOMY,S,5493.0,1507.0,7000.0,9,Available
2026-09-10T23:57:40,EaseMyTrip,DEL,BOM,T+7,2026-09-17,Air India,AI-2963,09:00,11:15,02h 15m,ECONOMY,S,5493.0,1507.0,7000.0,7,Available
2026-09-10T23:57:40,EaseMyTrip,DEL,BOM,T+7,2026-09-17,Air India,AI-2975,06:30,08:50,02h 20m,ECONOMY,S,5493.0,1507.0,7000.0,9,Available
2026-09-10T23:57:40,EaseMyTrip,DEL,BOM,T+7,2026-09-17,Air India,AI-2941,16:30,18:50,02h 20m,ECONOMY,S,5493.0,1507.0,7000.0,9,Available
2026-09-10T23:57:40,EaseMyTrip,DEL,BOM,T+7,2026-09-17,Air India,AI-2429,07:00,09:25,02h 25m,ECONOMY,S,5493.0,1507.0,7000.0,9,Available
2026-09-10T23:57:40,EaseMyTrip,DEL,BOM,T+7,2026-09-17,Air India,AI-2943,07:30,09:55,02h 25m,ECONOMY,S,5493.0,1507.0,7000.0,9,Available
2026-09-10T23:57:40,EaseMyTrip,DEL,BOM,T+7,2026-09-17,Air India,AI-2995,10:00,12:25,02h 25m,ECONOMY,S,5493.0,1507.0,7000.0,9,Available
2026-09-10T23:57:40,EaseMyTrip,DEL,BOM,T+7,2026-09-17,Air India,AI-2945,11:00,13:25,02h 25m,ECONOMY,S,5493.0,1507.0,7000.0,9,Available
2026-09-10T23:57:40,EaseMyTrip,DEL,BOM,T+7,2026-09-17,Air India,AI-1785,12:00,14:25,02h 25m,ECONOMY,S,5493.0,1507.0,7000.0,9,Available
2026-09-10T23:57:40,EaseMyTrip,DEL,BOM,T+7,2026-09-17,Air India,AI-2933,15:30,17:55,02h 25m,ECONOMY,S,5493.0,1507.0,7000.0,9,Available
2026-09-10T23:57:40,EaseMyTrip,DEL,BOM,T+7,2026-09-17,Air India,AI-1777,16:00,18:25,02h 25m,ECONOMY,S,5493.0,1507.0,7000.0,9,Available
2026-09-10T23:57:40,EaseMyTrip,DEL,BOM,T+7,2026-09-17,Air India,AI-2985,19:30,21:55,02h 25m,ECONOMY,S,5493.0,1507.0,7000.0,9,Available
2026-09-10T23:57:40,EaseMyTrip,DEL,BOM,T+7,2026-09-17,Air India,AI-2805,20:00,22:25,02h 25m,ECONOMY,S,5493.0,1507.0,7000.0,9,Available
2026-09-10T23:57:40,EaseMyTrip,DEL,BOM,T+7,2026-09-17,Air India,AI-2927,09:30,12:00,02h 30m,ECONOMY,S,5493.0,1507.0,7000.0,9,Available
2026-09-10T23:57:40,EaseMyTrip,DEL,BOM,T+7,2026-09-17,Air India,AI-2957,20:30,23:05,02h 35m,ECONOMY,S,5493.0,1507.0,7000.0,9,Available
2026-09-10T23:57:40,EaseMyTrip,DEL,BOM,T+7,2026-09-17,Air India,AI-1780,16:10,20:00,03h 50m,ECONOMY,S,5493.0,1507.0,7000.0,7,Available
2026-09-10T23:57:40,EaseMyTrip,DEL,BOM,T+7,2026-09-17,Air India,AI-2433,21:30,23:55,02h 25m,ECONOMY,T,5644.0,1515.0,7159.0,9,Available
2026-09-10T23:57:40,EaseMyTrip,DEL,BOM,T+7,2026-09-17,IndiGo,6E-354,19:00,21:25,02h 25m,ECONOMY,R,5665.0,1495.0,7160.0,22,Available
2026-09-10T23:57:40,EaseMyTrip,DEL,BOM,T+7,2026-09-17,Air India,AI-2951,13:30,15:50,02h 20m,ECONOMY,U,5844.0,1525.0,7369.0,2,Available
2026-09-10T23:57:40,EaseMyTrip,DEL,BOM,T+7,2026-09-17,Air India,AI-2981,21:00,23:20,02h 20m,ECONOMY,U,5844.0,1525.0,7369.0,9,Available
2026-09-10T23:57:40,EaseMyTrip,DEL,BOM,T+7,2026-09-17,Air India,AI-441,17:00,19:25,02h 25m,ECONOMY,U,5844.0,1525.0,7369.0,9,Available
2026-09-10T23:57:40,EaseMyTrip,DEL,BOM,T+7,2026-09-17,Air India,AI-887,21:00,23:25,02h 25m,ECONOMY,U,5844.0,1525.0,7369.0,9,Available
2026-09-11T03:34:54,EaseMyTrip,DEL,BOM,T+7,2026-09-18,Air India Express,IX-1056,05:35,08:05,02h 30m,ECONOMY,G,5040.0,1489.0,6529.0,9,Available
2026-09-11T03:34:54,EaseMyTrip,DEL,BOM,T+7,2026-09-18,IndiGo,6E-324,13:00,15:10,02h 10m,ECONOMY,R,5065.0,1465.0,6530.0,6,Available
2026-09-11T03:34:54,EaseMyTrip,DEL,BOM,T+7,2026-09-18,Akasa Air,QP-1110,10:30,12:45,02h 15m,ECONOMY,U1,5640.0,890.0,6530.0,9,Available
2026-09-11T03:34:54,EaseMyTrip,DEL,BOM,T+7,2026-09-18,IndiGo,6E-449,05:00,07:15,02h 15m,ECONOMY,R,5065.0,1465.0,6530.0,10,Available
2026-09-11T03:34:54,EaseMyTrip,DEL,BOM,T+7,2026-09-18,IndiGo,6E-864,15:30,17:45,02h 15m,ECONOMY,R,5065.0,1465.0,6530.0,79,Available
2026-09-11T03:34:54,EaseMyTrip,DEL,BOM,T+7,2026-09-18,IndiGo,6E-6318,14:45,17:00,02h 15m,ECONOMY,R,5065.0,1465.0,6530.0,1,Available
2026-09-11T03:34:54,EaseMyTrip,DEL,BOM,T+7,2026-09-18,IndiGo,6E-675,08:45,11:00,02h 15m,ECONOMY,R,5065.0,1465.0,6530.0,11,Available
2026-09-11T03:34:54,EaseMyTrip,DEL,BOM,T+7,2026-09-18,IndiGo,6E-6047,11:00,13:15,02h 15m,ECONOMY,R,5065.0,1465.0,6530.0,10,Available
2026-09-11T03:34:54,EaseMyTrip,DEL,BOM,T+7,2026-09-18,IndiGo,6E-6676,12:00,14:15,02h 15m,ECONOMY,R,5065.0,1465.0,6530.0,10,Available
2026-09-11T03:34:54,EaseMyTrip,DEL,BOM,T+7,2026-09-18,Akasa Air,QP-1833,06:50,09:10,02h 20m,ECONOMY,U1,5640.0,890.0,6530.0,9,Available
2026-09-11T03:34:54,EaseMyTrip,DEL,BOM,T+7,2026-09-18,Akasa Air,QP-1112,09:20,11:40,02h 20m,ECONOMY,U1,5640.0,890.0,6530.0,9,Available
2026-09-11T03:34:54,EaseMyTrip,DEL,BOM,T+7,2026-09-18,Akasa Air,QP-1128,16:00,18:20,02h 20m,ECONOMY,U1,5640.0,890.0,6530.0,9,Available
2026-09-11T03:34:54,EaseMyTrip,DEL,BOM,T+7,2026-09-18,IndiGo,6E-6328,10:15,12:35,02h 20m,ECONOMY,R,5065.0,1465.0,6530.0,9,Available
2026-09-11T03:34:54,EaseMyTrip,DEL,BOM,T+7,2026-09-18,Akasa Air,QP-1119,08:40,11:05,02h 25m,ECONOMY,U1,5640.0,890.0,6530.0,9,Available
2026-09-11T03:34:54,EaseMyTrip,DEL,BOM,T+7,2026-09-18,Akasa Air,QP-1836,12:30,14:55,02h 25m,ECONOMY,U1,5640.0,890.0,6530.0,9,Available
2026-09-11T03:34:54,EaseMyTrip,DEL,BOM,T+7,2026-09-18,IndiGo,6E-6022,14:00,16:25,02h 25m,ECONOMY,R,5065.0,1465.0,6530.0,95,Available
2026-09-11T03:34:54,EaseMyTrip,DEL,BOM,T+7,2026-09-18,IndiGo,6E-6107,09:30,11:55,02h 25m,ECONOMY,R,5065.0,1465.0,6530.0,9,Available
2026-09-11T03:34:54,EaseMyTrip,DEL,BOM,T+7,2026-09-18,IndiGo,6E-6218,06:05,08:20,02h 15m,ECONOMY,R,5215.0,1473.0,6688.0,106,Available
2026-09-11T03:34:54,EaseMyTrip,DEL,BOM,T+7,2026-09-18,IndiGo,6E-327,16:15,18:35,02h 20m,ECONOMY,R,5215.0,1473.0,6688.0,74,Available
2026-09-11T03:34:54,EaseMyTrip,DEL,BOM,T+7,2026-09-18,Air India,AI-1745,05:00,07:20,02h 20m,ECONOMY,S,5236.0,1494.0,6730.0,9,Available
2026-09-11T03:34:54,EaseMyTrip,DEL,BOM,T+7,2026-09-18,IndiGo,6E-6814,07:15,09:30,02h 15m,ECONOMY,R,5415.0,1483.0,6898.0,86,Available
2026-09-11T03:34:54,EaseMyTrip,DEL,BOM,T+7,2026-09-18,IndiGo,6E-320,08:00,10:20,02h 20m,ECONOMY,R,5415.0,1483.0,6898.0,68,Available
2026-09-11T03:34:54,EaseMyTrip,DEL,BOM,T+7,2026-09-18,Air India,AI-2425,10:30,12:50,02h 20m,ECONOMY,S,5493.0,1507.0,7000.0,9,Available
2026-09-11T03:34:54,EaseMyTrip,DEL,BOM,T+7,2026-09-18,Air India,AI-2951,13:30,15:50,02h 20m,ECONOMY,S,5493.0,1507.0,7000.0,3,Available
2026-09-11T03:34:54,EaseMyTrip,DEL,BOM,T+7,2026-09-18,Air India,AI-2441,14:10,16:30,02h 20m,ECONOMY,S,5493.0,1507.0,7000.0,9,Available
2026-09-11T03:34:54,EaseMyTrip,DEL,BOM,T+7,2026-09-18,Air India,AI-2995,10:00,12:25,02h 25m,ECONOMY,S,5493.0,1507.0,7000.0,9,Available
2026-09-11T03:34:54,EaseMyTrip,DEL,BOM,T+7,2026-09-18,Air India,AI-1785,12:00,14:25,02h 25m,ECONOMY,S,5493.0,1507.0,7000.0,9,Available
2026-09-11T03:34:54,EaseMyTrip,DEL,BOM,T+7,2026-09-18,Air India,AI-2933,15:30,17:55,02h 25m,ECONOMY,S,5493.0,1507.0,7000.0,9,Available
2026-09-11T03:34:54,EaseMyTrip,DEL,BOM,T+7,2026-09-18,Air India,AI-1777,16:00,18:25,02h 25m,ECONOMY,S,5493.0,1507.0,7000.0,9,Available
2026-09-11T03:34:54,EaseMyTrip,DEL,BOM,T+7,2026-09-18,Air India,AI-441,17:00,19:25,02h 25m,ECONOMY,S,5493.0,1507.0,7000.0,9,Available
2026-09-11T03:34:54,EaseMyTrip,DEL,BOM,T+7,2026-09-18,Air India,AI-2927,09:30,12:00,02h 30m,ECONOMY,S,5493.0,1507.0,7000.0,9,Available
2026-09-11T03:34:54,EaseMyTrip,DEL,BOM,T+7,2026-09-18,Air India Express,IX-1235,23:25,01:50,02h 25m,ECONOMY,K,5649.0,1519.0,7168.0,9,Available
2026-09-11T03:34:54,EaseMyTrip,DEL,BOM,T+7,2026-09-18,Air India,AI-2678,08:30,10:45,02h 15m,ECONOMY,T,5644.0,1515.0,7159.0,9,Available
2026-09-11T03:34:54,EaseMyTrip,DEL,BOM,T+7,2026-09-18,Air India,AI-2975,06:30,08:50,02h 20m,ECONOMY,T,5644.0,1515.0,7159.0,9,Available
2026-09-11T03:34:54,EaseMyTrip,DEL,BOM,T+7,2026-09-18,Air India,AI-2941,16:30,18:50,02h 20m,ECONOMY,T,5644.0,1515.0,7159.0,9,Available
2026-09-11T03:34:54,EaseMyTrip,DEL,BOM,T+7,2026-09-18,Air India,AI-2945,11:00,13:25,02h 25m,ECONOMY,T,5644.0,1515.0,7159.0,9,Available
2026-09-11T03:34:54,EaseMyTrip,DEL,BOM,T+7,2026-09-18,Air India,AI-1780,16:10,20:00,03h 50m,ECONOMY,T,5644.0,1515.0,7159.0,9,Available
2026-09-11T03:34:54,EaseMyTrip,DEL,BOM,T+7,2026-09-18,IndiGo,6E-6114,22:45,01:05,02h 20m,ECONOMY,R,5665.0,1495.0,7160.0,2,Available
2026-09-11T03:34:54,EaseMyTrip,DEL,BOM,T+7,2026-09-18,Air India,AI-2429,07:00,09:25,02h 25m,ECONOMY,U,5844.0,1525.0,7369.0,9,Available
2026-09-11T03:34:54,EaseMyTrip,DEL,BOM,T+7,2026-09-18,Air India,AI-2943,07:30,09:55,02h 25m,ECONOMY,U,5844.0,1525.0,7369.0,9,Available
2026-09-11T03:34:54,EaseMyTrip,DEL,BOM,T+7,2026-09-18,IndiGo,6E-322,23:30,01:45,02h 15m,ECONOMY,R,6265.0,1525.0,7790.0,6,Available
2026-09-11T03:34:54,EaseMyTrip,DEL,BOM,T+7,2026-09-18,Akasa Air,QP-1820,17:30,19:45,02h 15m,ECONOMY,R0,6966.0,956.0,7922.0,9,Available
2026-09-11T03:34:54,EaseMyTrip,DEL,BOM,T+7,2026-09-18,IndiGo,6E-6706,17:00,19:15,02h 15m,ECONOMY,R,6615.0,1543.0,8158.0,6,Available
2026-09-11T03:34:54,EaseMyTrip,DEL,BOM,T+7,2026-09-18,Air India,AI-2439,23:00,01:25,02h 25m,ECONOMY,W,6693.0,1567.0,8260.0,3,Available
2026-09-11T03:34:54,EaseMyTrip,DEL,BOM,T+7,2026-09-18,IndiGo,6E-329,18:00,20:15,02h 15m,ECONOMY,R,7515.0,1588.0,9103.0,10,Available
2026-09-11T03:34:54,EaseMyTrip,DEL,BOM,T+7,2026-09-18,IndiGo,6E-853,20:45,23:00,02h 15m,ECONOMY,R,7515.0,1588.0,9103.0,5,Available
2026-09-11T03:34:54,EaseMyTrip,DEL,BOM,T+7,2026-09-18,IndiGo,6E-395,21:45,00:05,02h 20m,ECONOMY,R,7515.0,1588.0,9103.0,3,Available
2026-09-11T03:34:54,EaseMyTrip,DEL,BOM,T+7,2026-09-18,Air India,AI-2981,21:00,23:20,02h 20m,ECONOMY,K,8720.0,1668.0,10388.0,9,Available
2026-09-11T03:34:54,EaseMyTrip,DEL,BOM,T+7,2026-09-18,Air India,AI-2433,21:30,23:55,02h 25m,ECONOMY,K,8720.0,1668.0,10388.0,9,Available
2026-09-11T13:03:14,EaseMyTrip,DEL,BOM,T+7,2026-09-18,IndiGo,6E-324,13:00,15:10,02h 10m,ECONOMY,R,5065.0,1465.0,6530.0,55,Available
2026-09-11T13:03:14,EaseMyTrip,DEL,BOM,T+7,2026-09-18,Akasa Air,QP-1110,10:30,12:45,02h 15m,ECONOMY,U1,5640.0,890.0,6530.0,9,Available
2026-09-11T13:03:14,EaseMyTrip,DEL,BOM,T+7,2026-09-18,IndiGo,6E-449,05:00,07:15,02h 15m,ECONOMY,R,5065.0,1465.0,6530.0,110,Available
2026-09-11T13:03:14,EaseMyTrip,DEL,BOM,T+7,2026-09-18,IndiGo,6E-864,15:30,17:45,02h 15m,ECONOMY,R,5065.0,1465.0,6530.0,86,Available
2026-09-11T13:03:14,EaseMyTrip,DEL,BOM,T+7,2026-09-18,IndiGo,6E-6318,14:45,17:00,02h 15m,ECONOMY,R,5065.0,1465.0,6530.0,84,Available
2026-09-11T13:03:14,EaseMyTrip,DEL,BOM,T+7,2026-09-18,IndiGo,6E-675,08:45,11:00,02h 15m,ECONOMY,R,5065.0,1465.0,6530.0,24,Available
2026-09-11T13:03:14,EaseMyTrip,DEL,BOM,T+7,2026-09-18,IndiGo,6E-6047,11:00,13:15,02h 15m,ECONOMY,R,5065.0,1465.0,6530.0,56,Available
2026-09-11T13:03:14,EaseMyTrip,DEL,BOM,T+7,2026-09-18,IndiGo,6E-6676,12:00,14:15,02h 15m,ECONOMY,R,5065.0,1465.0,6530.0,74,Available
2026-09-11T13:03:14,EaseMyTrip,DEL,BOM,T+7,2026-09-18,Akasa Air,QP-1833,06:50,09:10,02h 20m,ECONOMY,U1,5640.0,890.0,6530.0,9,Available
2026-09-11T13:03:14,EaseMyTrip,DEL,BOM,T+7,2026-09-18,Akasa Air,QP-1112,09:20,11:40,02h 20m,ECONOMY,U1,5640.0,890.0,6530.0,9,Available
2026-09-11T13:03:14,EaseMyTrip,DEL,BOM,T+7,2026-09-18,Akasa Air,QP-1128,16:00,18:20,02h 20m,ECONOMY,U1,5640.0,890.0,6530.0,9,Available
2026-09-11T13:03:14,EaseMyTrip,DEL,BOM,T+7,2026-09-18,IndiGo,6E-6328,10:15,12:35,02h 20m,ECONOMY,R,5065.0,1465.0,6530.0,43,Available
2026-09-11T13:03:14,EaseMyTrip,DEL,BOM,T+7,2026-09-18,Akasa Air,QP-1119,08:40,11:05,02h 25m,ECONOMY,U1,5640.0,890.0,6530.0,9,Available
2026-09-11T13:03:14,EaseMyTrip,DEL,BOM,T+7,2026-09-18,Akasa Air,QP-1836,12:30,14:55,02h 25m,ECONOMY,U1,5640.0,890.0,6530.0,9,Available
2026-09-11T13:03:14,EaseMyTrip,DEL,BOM,T+7,2026-09-18,IndiGo,6E-6022,14:00,16:25,02h 25m,ECONOMY,R,5065.0,1465.0,6530.0,103,Available
2026-09-11T13:03:14,EaseMyTrip,DEL,BOM,T+7,2026-09-18,IndiGo,6E-6107,09:30,11:55,02h 25m,ECONOMY,R,5065.0,1465.0,6530.0,63,Available
2026-09-11T13:03:14,EaseMyTrip,DEL,BOM,T+7,2026-09-18,Air India Express,IX-1056,05:35,08:05,02h 30m,ECONOMY,H,5191.0,1497.0,6688.0,7,Available
2026-09-11T13:03:14,EaseMyTrip,DEL,BOM,T+7,2026-09-18,IndiGo,6E-6218,06:05,08:20,02h 15m,ECONOMY,R,5215.0,1473.0,6688.0,79,Available
2026-09-11T13:03:14,EaseMyTrip,DEL,BOM,T+7,2026-09-18,IndiGo,6E-327,16:15,18:35,02h 20m,ECONOMY,R,5215.0,1473.0,6688.0,67,Available
2026-09-11T13:03:14,EaseMyTrip,DEL,BOM,T+7,2026-09-18,Air India,AI-1745,05:00,07:20,02h 20m,ECONOMY,S,5236.0,1494.0,6730.0,9,Available
2026-09-11T13:03:14,EaseMyTrip,DEL,BOM,T+7,2026-09-18,IndiGo,6E-6814,07:15,09:30,02h 15m,ECONOMY,R,5415.0,1483.0,6898.0,78,Available
2026-09-11T13:03:14,EaseMyTrip,DEL,BOM,T+7,2026-09-18,IndiGo,6E-320,08:00,10:20,02h 20m,ECONOMY,R,5415.0,1483.0,6898.0,61,Available
2026-09-11T13:03:14,EaseMyTrip,DEL,BOM,T+7,2026-09-18,Air India,AI-2678,08:30,10:45,02h 15m,ECONOMY,S,5493.0,1507.0,7000.0,9,Available
2026-09-11T13:03:14,EaseMyTrip,DEL,BOM,T+7,2026-09-18,Air India,AI-2425,10:30,12:50,02h 20m,ECONOMY,S,5493.0,1507.0,7000.0,9,Available
2026-09-11T13:03:14,EaseMyTrip,DEL,BOM,T+7,2026-09-18,Air India,AI-2951,13:30,15:50,02h 20m,ECONOMY,S,5493.0,1507.0,7000.0,1,Available
2026-09-11T13:03:14,EaseMyTrip,DEL,BOM,T+7,2026-09-18,Air India,AI-2441,14:10,16:30,02h 20m,ECONOMY,S,5493.0,1507.0,7000.0,9,Available
2026-09-11T13:03:14,EaseMyTrip,DEL,BOM,T+7,2026-09-18,Air India,AI-2995,10:00,12:25,02h 25m,ECONOMY,S,5493.0,1507.0,7000.0,9,Available
2026-09-11T13:03:14,EaseMyTrip,DEL,BOM,T+7,2026-09-18,Air India,AI-2945,11:00,13:25,02h 25m,ECONOMY,S,5493.0,1507.0,7000.0,9,Available
2026-09-11T13:03:14,EaseMyTrip,DEL,BOM,T+7,2026-09-18,Air India,AI-1785,12:00,14:25,02h 25m,ECONOMY,S,5493.0,1507.0,7000.0,9,Available
2026-09-11T13:03:14,EaseMyTrip,DEL,BOM,T+7,2026-09-18,Air India,AI-2933,15:30,17:55,02h 25m,ECONOMY,S,5493.0,1507.0,7000.0,9,Available
2026-09-11T13:03:14,EaseMyTrip,DEL,BOM,T+7,2026-09-18,Air India,AI-1777,16:00,18:25,02h 25m,ECONOMY,S,5493.0,1507.0,7000.0,9,Available
2026-09-11T13:03:14,EaseMyTrip,DEL,BOM,T+7,2026-09-18,Air India,AI-441,17:00,19:25,02h 25m,ECONOMY,S,5493.0,1507.0,7000.0,9,Available
2026-09-11T13:03:14,EaseMyTrip,DEL,BOM,T+7,2026-09-18,Air India,AI-2927,09:30,12:00,02h 30m,ECONOMY,S,5493.0,1507.0,7000.0,9,Available
2026-09-11T13:03:14,EaseMyTrip,DEL,BOM,T+7,2026-09-18,Air India,AI-2975,06:30,08:50,02h 20m,ECONOMY,T,5644.0,1515.0,7159.0,9,Available
2026-09-11T13:03:14,EaseMyTrip,DEL,BOM,T+7,2026-09-18,Air India,AI-2941,16:30,18:50,02h 20m,ECONOMY,T,5644.0,1515.0,7159.0,9,Available
2026-09-11T13:03:14,EaseMyTrip,DEL,BOM,T+7,2026-09-18,Air India,AI-1780,16:10,20:00,03h 50m,ECONOMY,T,5644.0,1515.0,7159.0,9,Available
2026-09-11T13:03:14,EaseMyTrip,DEL,BOM,T+7,2026-09-18,IndiGo,6E-322,23:30,01:45,02h 15m,ECONOMY,R,5665.0,1495.0,7160.0,4,Available
2026-09-11T13:03:14,EaseMyTrip,DEL,BOM,T+7,2026-09-18,IndiGo,6E-6114,22:45,01:05,02h 20m,ECONOMY,R,5665.0,1495.0,7160.0,17,Available
2026-09-11T13:03:14,EaseMyTrip,DEL,BOM,T+7,2026-09-18,Air India Express,IX-1235,23:25,01:50,02h 25m,ECONOMY,E,5976.0,1537.0,7513.0,2,Available
2026-09-11T13:03:14,EaseMyTrip,DEL,BOM,T+7,2026-09-18,Air India,AI-2429,07:00,09:25,02h 25m,ECONOMY,U,5844.0,1525.0,7369.0,9,Available
2026-09-11T13:03:14,EaseMyTrip,DEL,BOM,T+7,2026-09-18,Air India,AI-2943,07:30,09:55,02h 25m,ECONOMY,U,5844.0,1525.0,7369.0,9,Available
2026-09-11T13:03:14,EaseMyTrip,DEL,BOM,T+7,2026-09-18,Air India,AI-2439,23:00,01:25,02h 25m,ECONOMY,L,6093.0,1537.0,7630.0,9,Available
2026-09-11T13:03:14,EaseMyTrip,DEL,BOM,T+7,2026-09-18,IndiGo,6E-6706,17:00,19:15,02h 15m,ECONOMY,R,6265.0,1525.0,7790.0,9,Available
2026-09-11T13:03:14,EaseMyTrip,DEL,BOM,T+7,2026-09-18,Akasa Air,QP-1820,17:30,19:45,02h 15m,ECONOMY,R0,6966.0,956.0,7922.0,9,Available
2026-09-11T13:12:16,EaseMyTrip,DEL,BOM,T+7,2026-09-18,Air India Express,IX-1235,23:25,01:50,02h 25m,ECONOMY,G,5040.0,1489.0,6529.0,9,Available
2026-09-11T13:12:16,EaseMyTrip,DEL,BOM,T+7,2026-09-18,Air India Express,IX-1056,05:35,08:05,02h 30m,ECONOMY,G,5040.0,1489.0,6529.0,9,Available
2026-09-11T13:12:16,EaseMyTrip,DEL,BOM,T+7,2026-09-18,IndiGo,6E-324,13:00,15:10,02h 10m,ECONOMY,R,5065.0,1465.0,6530.0,59,Available
2026-09-11T13:12:16,EaseMyTrip,DEL,BOM,T+7,2026-09-18,Akasa Air,QP-1119,08:40,10:55,02h 15m,ECONOMY,U1,5640.0,890.0,6530.0,9,Available
2026-09-11T13:12:16,EaseMyTrip,DEL,BOM,T+7,2026-09-18,Akasa Air,QP-1110,10:30,12:45,02h 15m,ECONOMY,U1,5640.0,890.0,6530.0,9,Available
2026-09-11T13:12:16,EaseMyTrip,DEL,BOM,T+7,2026-09-18,Akasa Air,QP-1820,17:30,19:45,02h 15m,ECONOMY,U1,5640.0,890.0,6530.0,9,Available
2026-09-11T13:12:16,EaseMyTrip,DEL,BOM,T+7,2026-09-18,IndiGo,6E-449,05:00,07:15,02h 15m,ECONOMY,R,5065.0,1465.0,6530.0,95,Available
2026-09-11T13:12:16,EaseMyTrip,DEL,BOM,T+7,2026-09-18,IndiGo,6E-322,23:30,01:45,02h 15m,ECONOMY,R,5065.0,1465.0,6530.0,56,Available
2026-09-11T13:12:16,EaseMyTrip,DEL,BOM,T+7,2026-09-18,IndiGo,6E-864,15:30,17:45,02h 15m,ECONOMY,R,5065.0,1465.0,6530.0,90,Available
2026-09-11T13:12:16,EaseMyTrip,DEL,BOM,T+7,2026-09-18,IndiGo,6E-6318,14:45,17:00,02h 15m,ECONOMY,R,5065.0,1465.0,6530.0,98,Available
2026-09-11T13:12:16,EaseMyTrip,DEL,BOM,T+7,2026-09-18,IndiGo,6E-6218,06:05,08:20,02h 15m,ECONOMY,R,5065.0,1465.0,6530.0,82,Available
2026-09-11T13:12:16,EaseMyTrip,DEL,BOM,T+7,2026-09-18,IndiGo,6E-675,08:45,11:00,02h 15m,ECONOMY,R,5065.0,1465.0,6530.0,62,Available
2026-09-11T13:12:16,EaseMyTrip,DEL,BOM,T+7,2026-09-18,IndiGo,6E-6814,07:15,09:30,02h 15m,ECONOMY,R,5065.0,1465.0,6530.0,58,Available
2026-09-11T13:12:16,EaseMyTrip,DEL,BOM,T+7,2026-09-18,IndiGo,6E-6047,11:00,13:15,02h 15m,ECONOMY,R,5065.0,1465.0,6530.0,28,Available
2026-09-11T13:12:16,EaseMyTrip,DEL,BOM,T+7,2026-09-18,IndiGo,6E-6676,12:00,14:15,02h 15m,ECONOMY,R,5065.0,1465.0,6530.0,58,Available
2026-09-11T13:12:16,EaseMyTrip,DEL,BOM,T+7,2026-09-18,Akasa Air,QP-1833,06:50,09:10,02h 20m,ECONOMY,U1,5640.0,890.0,6530.0,9,Available
2026-09-11T13:12:16,EaseMyTrip,DEL,BOM,T+7,2026-09-18,Akasa Air,QP-1112,09:20,11:40,02h 20m,ECONOMY,U1,5640.0,890.0,6530.0,9,Available
2026-09-11T13:12:16,EaseMyTrip,DEL,BOM,T+7,2026-09-18,Akasa Air,QP-1128,16:00,18:20,02h 20m,ECONOMY,U1,5640.0,890.0,6530.0,9,Available
2026-09-11T13:12:16,EaseMyTrip,DEL,BOM,T+7,2026-09-18,IndiGo,6E-6114,22:45,01:05,02h 20m,ECONOMY,R,5065.0,1465.0,6530.0,70,Available
2026-09-11T13:12:16,EaseMyTrip,DEL,BOM,T+7,2026-09-18,IndiGo,6E-327,16:15,18:35,02h 20m,ECONOMY,R,5065.0,1465.0,6530.0,94,Available
2026-09-11T13:12:16,EaseMyTrip,DEL,BOM,T+7,2026-09-18,IndiGo,6E-320,08:00,10:20,02h 20m,ECONOMY,R,5065.0,1465.0,6530.0,53,Available
2026-09-11T13:12:16,EaseMyTrip,DEL,BOM,T+7,2026-09-18,IndiGo,6E-6328,10:15,12:35,02h 20m,ECONOMY,R,5065.0,1465.0,6530.0,43,Available
2026-09-11T13:12:16,EaseMyTrip,DEL,BOM,T+7,2026-09-18,Akasa Air,QP-1836,12:30,14:55,02h 25m,ECONOMY,U1,5640.0,890.0,6530.0,9,Available
2026-09-11T13:12:16,EaseMyTrip,DEL,BOM,T+7,2026-09-18,Akasa Air,QP-1826,19:55,22:20,02h 25m,ECONOMY,U1,5640.0,890.0,6530.0,9,Available
2026-09-11T13:12:16,EaseMyTrip,DEL,BOM,T+7,2026-09-18,IndiGo,6E-6022,14:00,16:25,02h 25m,ECONOMY,R,5065.0,1465.0,6530.0,98,Available
2026-09-11T13:12:16,EaseMyTrip,DEL,BOM,T+7,2026-09-18,IndiGo,6E-6107,09:30,11:55,02h 25m,ECONOMY,R,5065.0,1465.0,6530.0,51,Available
2026-09-11T13:12:16,EaseMyTrip,DEL,BOM,T+7,2026-09-18,IndiGo,6E-303,20:00,22:10,02h 10m,ECONOMY,R,5215.0,1473.0,6688.0,5,Available
2026-09-11T13:12:16,EaseMyTrip,DEL,BOM,T+7,2026-09-18,IndiGo,6E-395,21:45,00:05,02h 20m,ECONOMY,R,5215.0,1473.0,6688.0,28,Available
2026-09-11T13:12:16,EaseMyTrip,DEL,BOM,T+7,2026-09-18,Air India,AI-1745,05:00,07:20,02h 20m,ECONOMY,S,5236.0,1494.0,6730.0,9,Available
2026-09-11T13:12:16,EaseMyTrip,DEL,BOM,T+7,2026-09-18,Air India,AI-2439,23:00,01:25,02h 25m,ECONOMY,S,5236.0,1494.0,6730.0,9,Available
2026-09-11T13:12:16,EaseMyTrip,DEL,BOM,T+7,2026-09-18,IndiGo,6E-329,18:00,20:15,02h 15m,ECONOMY,R,5415.0,1483.0,6898.0,31,Available
2026-09-11T13:12:16,EaseMyTrip,DEL,BOM,T+7,2026-09-18,IndiGo,6E-6706,17:00,19:15,02h 15m,ECONOMY,R,5415.0,1483.0,6898.0,4,Available
2026-09-11T13:12:16,EaseMyTrip,DEL,BOM,T+7,2026-09-18,IndiGo,6E-853,20:45,23:00,02h 15m,ECONOMY,R,5415.0,1483.0,6898.0,38,Available
2026-09-11T13:12:16,EaseMyTrip,DEL,BOM,T+7,2026-09-18,Air India,AI-2678,08:30,10:45,02h 15m,ECONOMY,S,5493.0,1507.0,7000.0,9,Available
2026-09-11T13:12:16,EaseMyTrip,DEL,BOM,T+7,2026-09-18,Air India,AI-2963,09:00,11:15,02h 15m,ECONOMY,S,5493.0,1507.0,7000.0,9,Available
2026-09-11T13:12:16,EaseMyTrip,DEL,BOM,T+7,2026-09-18,Air India,AI-2941,16:30,18:50,02h 20m,ECONOMY,S,5493.0,1507.0,7000.0,9,Available
2026-09-11T13:12:16,EaseMyTrip,DEL,BOM,T+7,2026-09-18,Air India,AI-2995,10:00,12:25,02h 25m,ECONOMY,S,5493.0,1507.0,7000.0,9,Available
2026-09-11T13:12:16,EaseMyTrip,DEL,BOM,T+7,2026-09-18,Air India,AI-2945,11:00,13:25,02h 25m,ECONOMY,S,5493.0,1507.0,7000.0,9,Available
2026-09-11T13:12:16,EaseMyTrip,DEL,BOM,T+7,2026-09-18,Air India,AI-1785,12:00,14:25,02h 25m,ECONOMY,S,5493.0,1507.0,7000.0,9,Available
2026-09-11T13:12:16,EaseMyTrip,DEL,BOM,T+7,2026-09-18,Air India,AI-2933,15:30,17:55,02h 25m,ECONOMY,S,5493.0,1507.0,7000.0,9,Available
2026-09-11T13:12:16,EaseMyTrip,DEL,BOM,T+7,2026-09-18,Air India,AI-1777,16:00,18:25,02h 25m,ECONOMY,S,5493.0,1507.0,7000.0,9,Available
2026-09-11T13:12:16,EaseMyTrip,DEL,BOM,T+7,2026-09-18,Air India,AI-441,17:00,19:25,02h 25m,ECONOMY,S,5493.0,1507.0,7000.0,9,Available
2026-09-11T13:12:16,EaseMyTrip,DEL,BOM,T+7,2026-09-18,Air India,AI-887,21:00,23:25,02h 25m,ECONOMY,S,5493.0,1507.0,7000.0,9,Available
2026-09-11T13:12:16,EaseMyTrip,DEL,BOM,T+7,2026-09-18,Air India,AI-2927,09:30,12:00,02h 30m,ECONOMY,S,5493.0,1507.0,7000.0,9,Available
2026-09-11T13:12:16,EaseMyTrip,DEL,BOM,T+7,2026-09-18,Air India,AI-1780,16:10,20:00,03h 50m,ECONOMY,S,5493.0,1507.0,7000.0,8,Available
2026-09-11T13:12:16,EaseMyTrip,DEL,BOM,T+7,2026-09-18,Air India,AI-2975,06:30,08:50,02h 20m,ECONOMY,T,5644.0,1515.0,7159.0,9,Available
2026-09-11T13:12:16,EaseMyTrip,DEL,BOM,T+7,2026-09-18,IndiGo,6E-354,19:00,21:25,02h 25m,ECONOMY,R,5665.0,1495.0,7160.0,24,Available
2026-09-11T13:12:16,EaseMyTrip,DEL,BOM,T+7,2026-09-18,Air India,AI-2951,13:30,15:50,02h 20m,ECONOMY,U,5844.0,1525.0,7369.0,2,Available
2026-09-11T13:12:16,EaseMyTrip,DEL,BOM,T+7,2026-09-18,Air India,AI-2429,07:00,09:25,02h 25m,ECONOMY,U,5844.0,1525.0,7369.0,9,Available
2026-09-11T13:12:16,EaseMyTrip,DEL,BOM,T+7,2026-09-18,Air India,AI-2943,07:30,09:55,02h 25m,ECONOMY,U,5844.0,1525.0,7369.0,9,Available
2026-09-11T13:12:16,EaseMyTrip,DEL,BOM,T+7,2026-09-18,Air India,AI-2433,21:30,23:55,02h 25m,ECONOMY,U,6020.0,1533.0,7553.0,9,Available
2026-09-11T13:12:16,EaseMyTrip,DEL,BOM,T+7,2026-09-18,Air India,AI-2805,20:00,22:25,02h 25m,ECONOMY,U,6078.0,1536.0,7614.0,9,Available
2026-09-11T13:12:16,EaseMyTrip,DEL,BOM,T+7,2026-09-18,Air India,AI-2981,21:00,23:20,02h 20m,ECONOMY,L,6093.0,1537.0,7630.0,9,Available
2026-09-11T13:12:16,EaseMyTrip,DEL,BOM,T+7,2026-09-18,Air India,AI-2985,19:30,21:55,02h 25m,ECONOMY,L,6093.0,1537.0,7630.0,9,Available
2026-09-11T13:12:16,EaseMyTrip,DEL,BOM,T+7,2026-09-18,Air India,AI-2957,20:30,23:05,02h 35m,ECONOMY,L,6093.0,1537.0,7630.0,9,Available
2026-09-11T13:13:59,EaseMyTrip,DEL,BOM,T+7,2026-09-18,Air India Express,IX-1235,23:25,01:50,02h 25m,ECONOMY,G,5040.0,1489.0,6529.0,9,Available
2026-09-11T13:13:59,EaseMyTrip,DEL,BOM,T+7,2026-09-18,Air India Express,IX-1056,05:35,08:05,02h 30m,ECONOMY,G,5040.0,1489.0,6529.0,9,Available
2026-09-11T13:13:59,EaseMyTrip,DEL,BOM,T+7,2026-09-18,IndiGo,6E-324,13:00,15:10,02h 10m,ECONOMY,R,5065.0,1465.0,6530.0,59,Available
2026-09-11T13:13:59,EaseMyTrip,DEL,BOM,T+7,2026-09-18,Akasa Air,QP-1119,08:40,10:55,02h 15m,ECONOMY,U1,5640.0,890.0,6530.0,9,Available
2026-09-11T13:13:59,EaseMyTrip,DEL,BOM,T+7,2026-09-18,Akasa Air,QP-1110,10:30,12:45,02h 15m,ECONOMY,U1,5640.0,890.0,6530.0,9,Available
2026-09-11T13:13:59,EaseMyTrip,DEL,BOM,T+7,2026-09-18,Akasa Air,QP-1820,17:30,19:45,02h 15m,ECONOMY,U1,5640.0,890.0,6530.0,9,Available
2026-09-11T13:13:59,EaseMyTrip,DEL,BOM,T+7,2026-09-18,IndiGo,6E-449,05:00,07:15,02h 15m,ECONOMY,R,5065.0,1465.0,6530.0,95,Available
2026-09-11T13:13:59,EaseMyTrip,DEL,BOM,T+7,2026-09-18,IndiGo,6E-322,23:30,01:45,02h 15m,ECONOMY,R,5065.0,1465.0,6530.0,56,Available
2026-09-11T13:13:59,EaseMyTrip,DEL,BOM,T+7,2026-09-18,IndiGo,6E-864,15:30,17:45,02h 15m,ECONOMY,R,5065.0,1465.0,6530.0,90,Available
2026-09-11T13:13:59,EaseMyTrip,DEL,BOM,T+7,2026-09-18,IndiGo,6E-6318,14:45,17:00,02h 15m,ECONOMY,R,5065.0,1465.0,6530.0,98,Available
2026-09-11T13:13:59,EaseMyTrip,DEL,BOM,T+7,2026-09-18,IndiGo,6E-6218,06:05,08:20,02h 15m,ECONOMY,R,5065.0,1465.0,6530.0,82,Available
2026-09-11T13:13:59,EaseMyTrip,DEL,BOM,T+7,2026-09-18,IndiGo,6E-675,08:45,11:00,02h 15m,ECONOMY,R,5065.0,1465.0,6530.0,62,Available
2026-09-11T13:13:59,EaseMyTrip,DEL,BOM,T+7,2026-09-18,IndiGo,6E-6814,07:15,09:30,02h 15m,ECONOMY,R,5065.0,1465.0,6530.0,58,Available
2026-09-11T13:13:59,EaseMyTrip,DEL,BOM,T+7,2026-09-18,IndiGo,6E-6047,11:00,13:15,02h 15m,ECONOMY,R,5065.0,1465.0,6530.0,28,Available
2026-09-11T13:13:59,EaseMyTrip,DEL,BOM,T+7,2026-09-18,IndiGo,6E-6676,12:00,14:15,02h 15m,ECONOMY,R,5065.0,1465.0,6530.0,58,Available
2026-09-11T13:13:59,EaseMyTrip,DEL,BOM,T+7,2026-09-18,Akasa Air,QP-1833,06:50,09:10,02h 20m,ECONOMY,U1,5640.0,890.0,6530.0,9,Available
2026-09-11T13:13:59,EaseMyTrip,DEL,BOM,T+7,2026-09-18,Akasa Air,QP-1112,09:20,11:40,02h 20m,ECONOMY,U1,5640.0,890.0,6530.0,9,Available
2026-09-11T13:13:59,EaseMyTrip,DEL,BOM,T+7,2026-09-18,Akasa Air,QP-1128,16:00,18:20,02h 20m,ECONOMY,U1,5640.0,890.0,6530.0,9,Available
2026-09-11T13:13:59,EaseMyTrip,DEL,BOM,T+7,2026-09-18,IndiGo,6E-6114,22:45,01:05,02h 20m,ECONOMY,R,5065.0,1465.0,6530.0,70,Available
2026-09-11T13:13:59,EaseMyTrip,DEL,BOM,T+7,2026-09-18,IndiGo,6E-327,16:15,18:35,02h 20m,ECONOMY,R,5065.0,1465.0,6530.0,94,Available
2026-09-11T13:13:59,EaseMyTrip,DEL,BOM,T+7,2026-09-18,IndiGo,6E-320,08:00,10:20,02h 20m,ECONOMY,R,5065.0,1465.0,6530.0,53,Available
2026-09-11T13:13:59,EaseMyTrip,DEL,BOM,T+7,2026-09-18,IndiGo,6E-6328,10:15,12:35,02h 20m,ECONOMY,R,5065.0,1465.0,6530.0,43,Available
2026-09-11T13:13:59,EaseMyTrip,DEL,BOM,T+7,2026-09-18,Akasa Air,QP-1836,12:30,14:55,02h 25m,ECONOMY,U1,5640.0,890.0,6530.0,9,Available
2026-09-11T13:13:59,EaseMyTrip,DEL,BOM,T+7,2026-09-18,Akasa Air,QP-1826,19:55,22:20,02h 25m,ECONOMY,U1,5640.0,890.0,6530.0,9,Available
2026-09-11T13:13:59,EaseMyTrip,DEL,BOM,T+7,2026-09-18,IndiGo,6E-6022,14:00,16:25,02h 25m,ECONOMY,R,5065.0,1465.0,6530.0,98,Available
2026-09-11T13:13:59,EaseMyTrip,DEL,BOM,T+7,2026-09-18,IndiGo,6E-6107,09:30,11:55,02h 25m,ECONOMY,R,5065.0,1465.0,6530.0,51,Available
2026-09-11T13:13:59,EaseMyTrip,DEL,BOM,T+7,2026-09-18,IndiGo,6E-303,20:00,22:10,02h 10m,ECONOMY,R,5215.0,1473.0,6688.0,5,Available
2026-09-11T13:13:59,EaseMyTrip,DEL,BOM,T+7,2026-09-18,IndiGo,6E-395,21:45,00:05,02h 20m,ECONOMY,R,5215.0,1473.0,6688.0,28,Available
2026-09-11T13:13:59,EaseMyTrip,DEL,BOM,T+7,2026-09-18,Air India,AI-1745,05:00,07:20,02h 20m,ECONOMY,S,5236.0,1494.0,6730.0,9,Available
2026-09-11T13:13:59,EaseMyTrip,DEL,BOM,T+7,2026-09-18,Air India,AI-2439,23:00,01:25,02h 25m,ECONOMY,S,5236.0,1494.0,6730.0,9,Available
2026-09-11T13:13:59,EaseMyTrip,DEL,BOM,T+7,2026-09-18,IndiGo,6E-329,18:00,20:15,02h 15m,ECONOMY,R,5415.0,1483.0,6898.0,31,Available
2026-09-11T13:13:59,EaseMyTrip,DEL,BOM,T+7,2026-09-18,IndiGo,6E-6706,17:00,19:15,02h 15m,ECONOMY,R,5415.0,1483.0,6898.0,4,Available
2026-09-11T13:13:59,EaseMyTrip,DEL,BOM,T+7,2026-09-18,IndiGo,6E-853,20:45,23:00,02h 15m,ECONOMY,R,5415.0,1483.0,6898.0,38,Available
2026-09-11T13:13:59,EaseMyTrip,DEL,BOM,T+7,2026-09-18,Air India,AI-2678,08:30,10:45,02h 15m,ECONOMY,S,5493.0,1507.0,7000.0,9,Available
2026-09-11T13:13:59,EaseMyTrip,DEL,BOM,T+7,2026-09-18,Air India,AI-2963,09:00,11:15,02h 15m,ECONOMY,S,5493.0,1507.0,7000.0,9,Available
2026-09-11T13:13:59,EaseMyTrip,DEL,BOM,T+7,2026-09-18,Air India,AI-2941,16:30,18:50,02h 20m,ECONOMY,S,5493.0,1507.0,7000.0,9,Available
2026-09-11T13:13:59,EaseMyTrip,DEL,BOM,T+7,2026-09-18,Air India,AI-2995,10:00,12:25,02h 25m,ECONOMY,S,5493.0,1507.0,7000.0,9,Available
2026-09-11T13:13:59,EaseMyTrip,DEL,BOM,T+7,2026-09-18,Air India,AI-2945,11:00,13:25,02h 25m,ECONOMY,S,5493.0,1507.0,7000.0,9,Available
2026-09-11T13:13:59,EaseMyTrip,DEL,BOM,T+7,2026-09-18,Air India,AI-1785,12:00,14:25,02h 25m,ECONOMY,S,5493.0,1507.0,7000.0,9,Available
2026-09-11T13:13:59,EaseMyTrip,DEL,BOM,T+7,2026-09-18,Air India,AI-2933,15:30,17:55,02h 25m,ECONOMY,S,5493.0,1507.0,7000.0,9,Available
2026-09-11T13:13:59,EaseMyTrip,DEL,BOM,T+7,2026-09-18,Air India,AI-1777,16:00,18:25,02h 25m,ECONOMY,S,5493.0,1507.0,7000.0,9,Available
2026-09-11T13:13:59,EaseMyTrip,DEL,BOM,T+7,2026-09-18,Air India,AI-441,17:00,19:25,02h 25m,ECONOMY,S,5493.0,1507.0,7000.0,9,Available
2026-09-11T13:13:59,EaseMyTrip,DEL,BOM,T+7,2026-09-18,Air India,AI-887,21:00,23:25,02h 25m,ECONOMY,S,5493.0,1507.0,7000.0,9,Available
2026-09-11T13:13:59,EaseMyTrip,DEL,BOM,T+7,2026-09-18,Air India,AI-2927,09:30,12:00,02h 30m,ECONOMY,S,5493.0,1507.0,7000.0,9,Available
2026-09-11T13:13:59,EaseMyTrip,DEL,BOM,T+7,2026-09-18,Air India,AI-1780,16:10,20:00,03h 50m,ECONOMY,S,5493.0,1507.0,7000.0,8,Available
2026-09-11T13:13:59,EaseMyTrip,DEL,BOM,T+7,2026-09-18,Air India,AI-2975,06:30,08:50,02h 20m,ECONOMY,T,5644.0,1515.0,7159.0,9,Available
2026-09-11T13:13:59,EaseMyTrip,DEL,BOM,T+7,2026-09-18,IndiGo,6E-354,19:00,21:25,02h 25m,ECONOMY,R,5665.0,1495.0,7160.0,24,Available
2026-09-11T13:13:59,EaseMyTrip,DEL,BOM,T+7,2026-09-18,Air India,AI-2951,13:30,15:50,02h 20m,ECONOMY,U,5844.0,1525.0,7369.0,2,Available
2026-09-11T13:13:59,EaseMyTrip,DEL,BOM,T+7,2026-09-18,Air India,AI-2429,07:00,09:25,02h 25m,ECONOMY,U,5844.0,1525.0,7369.0,9,Available
2026-09-11T13:13:59,EaseMyTrip,DEL,BOM,T+7,2026-09-18,Air India,AI-2943,07:30,09:55,02h 25m,ECONOMY,U,5844.0,1525.0,7369.0,9,Available
2026-09-11T13:13:59,EaseMyTrip,DEL,BOM,T+7,2026-09-18,Air India,AI-2433,21:30,23:55,02h 25m,ECONOMY,U,6020.0,1533.0,7553.0,9,Available
2026-09-11T13:13:59,EaseMyTrip,DEL,BOM,T+7,2026-09-18,Air India,AI-2805,20:00,22:25,02h 25m,ECONOMY,U,6078.0,1536.0,7614.0,9,Available
2026-09-11T13:13:59,EaseMyTrip,DEL,BOM,T+7,2026-09-18,Air India,AI-2981,21:00,23:20,02h 20m,ECONOMY,L,6093.0,1537.0,7630.0,9,Available
2026-09-11T13:13:59,EaseMyTrip,DEL,BOM,T+7,2026-09-18,Air India,AI-2985,19:30,21:55,02h 25m,ECONOMY,L,6093.0,1537.0,7630.0,9,Available
2026-09-11T13:13:59,EaseMyTrip,DEL,BOM,T+7,2026-09-18,Air India,AI-2957,20:30,23:05,02h 35m,ECONOMY,L,6093.0,1537.0,7630.0,9,Available
2026-09-11T13:20:09,EaseMyTrip,DEL,BOM,T+7,2026-09-18,IndiGo,6E-324,13:00,15:10,02h 10m,ECONOMY,R,5065.0,1465.0,6530.0,55,Available
2026-09-11T13:20:09,EaseMyTrip,DEL,BOM,T+7,2026-09-18,Akasa Air,QP-1110,10:30,12:45,02h 15m,ECONOMY,U1,5640.0,890.0,6530.0,9,Available
2026-09-11T13:20:09,EaseMyTrip,DEL,BOM,T+7,2026-09-18,IndiGo,6E-449,05:00,07:15,02h 15m,ECONOMY,R,5065.0,1465.0,6530.0,110,Available
2026-09-11T13:20:09,EaseMyTrip,DEL,BOM,T+7,2026-09-18,IndiGo,6E-864,15:30,17:45,02h 15m,ECONOMY,R,5065.0,1465.0,6530.0,86,Available
2026-09-11T13:20:09,EaseMyTrip,DEL,BOM,T+7,2026-09-18,IndiGo,6E-6318,14:45,17:00,02h 15m,ECONOMY,R,5065.0,1465.0,6530.0,84,Available
2026-09-11T13:20:09,EaseMyTrip,DEL,BOM,T+7,2026-09-18,IndiGo,6E-675,08:45,11:00,02h 15m,ECONOMY,R,5065.0,1465.0,6530.0,24,Available
2026-09-11T13:20:09,EaseMyTrip,DEL,BOM,T+7,2026-09-18,IndiGo,6E-6047,11:00,13:15,02h 15m,ECONOMY,R,5065.0,1465.0,6530.0,56,Available
2026-09-11T13:20:09,EaseMyTrip,DEL,BOM,T+7,2026-09-18,IndiGo,6E-6676,12:00,14:15,02h 15m,ECONOMY,R,5065.0,1465.0,6530.0,74,Available
2026-09-11T13:20:09,EaseMyTrip,DEL,BOM,T+7,2026-09-18,Akasa Air,QP-1833,06:50,09:10,02h 20m,ECONOMY,U1,5640.0,890.0,6530.0,9,Available
2026-09-11T13:20:09,EaseMyTrip,DEL,BOM,T+7,2026-09-18,Akasa Air,QP-1112,09:20,11:40,02h 20m,ECONOMY,U1,5640.0,890.0,6530.0,9,Available
2026-09-11T13:20:09,EaseMyTrip,DEL,BOM,T+7,2026-09-18,Akasa Air,QP-1128,16:00,18:20,02h 20m,ECONOMY,U1,5640.0,890.0,6530.0,9,Available
2026-09-11T13:20:09,EaseMyTrip,DEL,BOM,T+7,2026-09-18,IndiGo,6E-6328,10:15,12:35,02h 20m,ECONOMY,R,5065.0,1465.0,6530.0,43,Available
2026-09-11T13:20:09,EaseMyTrip,DEL,BOM,T+7,2026-09-18,Akasa Air,QP-1119,08:40,11:05,02h 25m,ECONOMY,U1,5640.0,890.0,6530.0,9,Available
2026-09-11T13:20:09,EaseMyTrip,DEL,BOM,T+7,2026-09-18,Akasa Air,QP-1836,12:30,14:55,02h 25m,ECONOMY,U1,5640.0,890.0,6530.0,9,Available
2026-09-11T13:20:09,EaseMyTrip,DEL,BOM,T+7,2026-09-18,IndiGo,6E-6022,14:00,16:25,02h 25m,ECONOMY,R,5065.0,1465.0,6530.0,103,Available
2026-09-11T13:20:09,EaseMyTrip,DEL,BOM,T+7,2026-09-18,IndiGo,6E-6107,09:30,11:55,02h 25m,ECONOMY,R,5065.0,1465.0,6530.0,63,Available
2026-09-11T13:20:09,EaseMyTrip,DEL,BOM,T+7,2026-09-18,Air India Express,IX-1056,05:35,08:05,02h 30m,ECONOMY,H,5191.0,1497.0,6688.0,7,Available
2026-09-11T13:20:09,EaseMyTrip,DEL,BOM,T+7,2026-09-18,IndiGo,6E-6218,06:05,08:20,02h 15m,ECONOMY,R,5215.0,1473.0,6688.0,79,Available
2026-09-11T13:20:09,EaseMyTrip,DEL,BOM,T+7,2026-09-18,IndiGo,6E-327,16:15,18:35,02h 20m,ECONOMY,R,5215.0,1473.0,6688.0,67,Available
2026-09-11T13:20:09,EaseMyTrip,DEL,BOM,T+7,2026-09-18,Air India,AI-1745,05:00,07:20,02h 20m,ECONOMY,S,5236.0,1494.0,6730.0,9,Available
2026-09-11T13:20:09,EaseMyTrip,DEL,BOM,T+7,2026-09-18,IndiGo,6E-6814,07:15,09:30,02h 15m,ECONOMY,R,5415.0,1483.0,6898.0,78,Available
2026-09-11T13:20:09,EaseMyTrip,DEL,BOM,T+7,2026-09-18,IndiGo,6E-320,08:00,10:20,02h 20m,ECONOMY,R,5415.0,1483.0,6898.0,61,Available
2026-09-11T13:20:09,EaseMyTrip,DEL,BOM,T+7,2026-09-18,Air India,AI-2678,08:30,10:45,02h 15m,ECONOMY,S,5493.0,1507.0,7000.0,9,Available
2026-09-11T13:20:09,EaseMyTrip,DEL,BOM,T+7,2026-09-18,Air India,AI-2425,10:30,12:50,02h 20m,ECONOMY,S,5493.0,1507.0,7000.0,9,Available
2026-09-11T13:20:09,EaseMyTrip,DEL,BOM,T+7,2026-09-18,Air India,AI-2951,13:30,15:50,02h 20m,ECONOMY,S,5493.0,1507.0,7000.0,1,Available
2026-09-11T13:20:09,EaseMyTrip,DEL,BOM,T+7,2026-09-18,Air India,AI-2441,14:10,16:30,02h 20m,ECONOMY,S,5493.0,1507.0,7000.0,9,Available
2026-09-11T13:20:09,EaseMyTrip,DEL,BOM,T+7,2026-09-18,Air India,AI-2995,10:00,12:25,02h 25m,ECONOMY,S,5493.0,1507.0,7000.0,9,Available
2026-09-11T13:20:09,EaseMyTrip,DEL,BOM,T+7,2026-09-18,Air India,AI-2945,11:00,13:25,02h 25m,ECONOMY,S,5493.0,1507.0,7000.0,9,Available
2026-09-11T13:20:09,EaseMyTrip,DEL,BOM,T+7,2026-09-18,Air India,AI-1785,12:00,14:25,02h 25m,ECONOMY,S,5493.0,1507.0,7000.0,9,Available
2026-09-11T13:20:09,EaseMyTrip,DEL,BOM,T+7,2026-09-18,Air India,AI-2933,15:30,17:55,02h 25m,ECONOMY,S,5493.0,1507.0,7000.0,9,Available
2026-09-11T13:20:09,EaseMyTrip,DEL,BOM,T+7,2026-09-18,Air India,AI-1777,16:00,18:25,02h 25m,ECONOMY,S,5493.0,1507.0,7000.0,9,Available
2026-09-11T13:20:09,EaseMyTrip,DEL,BOM,T+7,2026-09-18,Air India,AI-441,17:00,19:25,02h 25m,ECONOMY,S,5493.0,1507.0,7000.0,9,Available
2026-09-11T13:20:09,EaseMyTrip,DEL,BOM,T+7,2026-09-18,Air India,AI-2927,09:30,12:00,02h 30m,ECONOMY,S,5493.0,1507.0,7000.0,9,Available
2026-09-11T13:20:09,EaseMyTrip,DEL,BOM,T+7,2026-09-18,Air India,AI-2975,06:30,08:50,02h 20m,ECONOMY,T,5644.0,1515.0,7159.0,9,Available
2026-09-11T13:20:09,EaseMyTrip,DEL,BOM,T+7,2026-09-18,Air India,AI-2941,16:30,18:50,02h 20m,ECONOMY,T,5644.0,1515.0,7159.0,9,Available
2026-09-11T13:20:09,EaseMyTrip,DEL,BOM,T+7,2026-09-18,Air India,AI-1780,16:10,20:00,03h 50m,ECONOMY,T,5644.0,1515.0,7159.0,9,Available
2026-09-11T13:20:09,EaseMyTrip,DEL,BOM,T+7,2026-09-18,IndiGo,6E-322,23:30,01:45,02h 15m,ECONOMY,R,5665.0,1495.0,7160.0,4,Available
2026-09-11T13:20:09,EaseMyTrip,DEL,BOM,T+7,2026-09-18,IndiGo,6E-6114,22:45,01:05,02h 20m,ECONOMY,R,5665.0,1495.0,7160.0,17,Available
2026-09-11T13:20:09,EaseMyTrip,DEL,BOM,T+7,2026-09-18,Air India Express,IX-1235,23:25,01:50,02h 25m,ECONOMY,E,5976.0,1537.0,7513.0,2,Available
2026-09-11T13:20:09,EaseMyTrip,DEL,BOM,T+7,2026-09-18,Air India,AI-2429,07:00,09:25,02h 25m,ECONOMY,U,5844.0,1525.0,7369.0,9,Available
2026-09-11T13:20:09,EaseMyTrip,DEL,BOM,T+7,2026-09-18,Air India,AI-2943,07:30,09:55,02h 25m,ECONOMY,U,5844.0,1525.0,7369.0,9,Available
2026-09-11T13:20:09,EaseMyTrip,DEL,BOM,T+7,2026-09-18,Air India,AI-2439,23:00,01:25,02h 25m,ECONOMY,L,6093.0,1537.0,7630.0,9,Available
2026-09-11T13:20:09,EaseMyTrip,DEL,BOM,T+7,2026-09-18,IndiGo,6E-6706,17:00,19:15,02h 15m,ECONOMY,R,6265.0,1525.0,7790.0,9,Available
2026-09-11T13:20:09,EaseMyTrip,DEL,BOM,T+7,2026-09-18,Akasa Air,QP-1820,17:30,19:45,02h 15m,ECONOMY,R0,6966.0,956.0,7922.0,9,Available
2026-09-11T13:36:15,EaseMyTrip,DEL,BOM,T+7,2026-09-18,IndiGo,6E-324,13:00,15:10,02h 10m,ECONOMY,R,5065.0,1465.0,6530.0,55,Available
2026-09-11T13:36:15,EaseMyTrip,DEL,BOM,T+7,2026-09-18,Akasa Air,QP-1110,10:30,12:45,02h 15m,ECONOMY,U1,5640.0,890.0,6530.0,9,Available
2026-09-11T13:36:15,EaseMyTrip,DEL,BOM,T+7,2026-09-18,IndiGo,6E-449,05:00,07:15,02h 15m,ECONOMY,R,5065.0,1465.0,6530.0,110,Available
2026-09-11T13:36:15,EaseMyTrip,DEL,BOM,T+7,2026-09-18,IndiGo,6E-864,15:30,17:45,02h 15m,ECONOMY,R,5065.0,1465.0,6530.0,86,Available
2026-09-11T13:36:15,EaseMyTrip,DEL,BOM,T+7,2026-09-18,IndiGo,6E-6318,14:45,17:00,02h 15m,ECONOMY,R,5065.0,1465.0,6530.0,84,Available
2026-09-11T13:36:15,EaseMyTrip,DEL,BOM,T+7,2026-09-18,IndiGo,6E-675,08:45,11:00,02h 15m,ECONOMY,R,5065.0,1465.0,6530.0,24,Available
2026-09-11T13:36:15,EaseMyTrip,DEL,BOM,T+7,2026-09-18,IndiGo,6E-6047,11:00,13:15,02h 15m,ECONOMY,R,5065.0,1465.0,6530.0,55,Available
2026-09-11T13:36:15,EaseMyTrip,DEL,BOM,T+7,2026-09-18,IndiGo,6E-6676,12:00,14:15,02h 15m,ECONOMY,R,5065.0,1465.0,6530.0,74,Available
2026-09-11T13:36:15,EaseMyTrip,DEL,BOM,T+7,2026-09-18,Akasa Air,QP-1833,06:50,09:10,02h 20m,ECONOMY,U1,5640.0,890.0,6530.0,9,Available
2026-09-11T13:36:15,EaseMyTrip,DEL,BOM,T+7,2026-09-18,Akasa Air,QP-1112,09:20,11:40,02h 20m,ECONOMY,U1,5640.0,890.0,6530.0,9,Available
2026-09-11T13:36:15,EaseMyTrip,DEL,BOM,T+7,2026-09-18,Akasa Air,QP-1128,16:00,18:20,02h 20m,ECONOMY,U1,5640.0,890.0,6530.0,9,Available
2026-09-11T13:36:15,EaseMyTrip,DEL,BOM,T+7,2026-09-18,IndiGo,6E-6328,10:15,12:35,02h 20m,ECONOMY,R,5065.0,1465.0,6530.0,43,Available
2026-09-11T13:36:15,EaseMyTrip,DEL,BOM,T+7,2026-09-18,Akasa Air,QP-1119,08:40,11:05,02h 25m,ECONOMY,U1,5640.0,890.0,6530.0,9,Available
2026-09-11T13:36:15,EaseMyTrip,DEL,BOM,T+7,2026-09-18,Akasa Air,QP-1836,12:30,14:55,02h 25m,ECONOMY,U1,5640.0,890.0,6530.0,9,Available
2026-09-11T13:36:15,EaseMyTrip,DEL,BOM,T+7,2026-09-18,IndiGo,6E-6022,14:00,16:25,02h 25m,ECONOMY,R,5065.0,1465.0,6530.0,102,Available
2026-09-11T13:36:15,EaseMyTrip,DEL,BOM,T+7,2026-09-18,IndiGo,6E-6107,09:30,11:55,02h 25m,ECONOMY,R,5065.0,1465.0,6530.0,61,Available
2026-09-11T13:36:15,EaseMyTrip,DEL,BOM,T+7,2026-09-18,Air India Express,IX-1056,05:35,08:05,02h 30m,ECONOMY,H,5191.0,1497.0,6688.0,6,Available
2026-09-11T13:36:15,EaseMyTrip,DEL,BOM,T+7,2026-09-18,IndiGo,6E-6218,06:05,08:20,02h 15m,ECONOMY,R,5215.0,1473.0,6688.0,80,Available
2026-09-11T13:36:15,EaseMyTrip,DEL,BOM,T+7,2026-09-18,IndiGo,6E-327,16:15,18:35,02h 20m,ECONOMY,R,5215.0,1473.0,6688.0,66,Available
2026-09-11T13:36:15,EaseMyTrip,DEL,BOM,T+7,2026-09-18,Air India,AI-1745,05:00,07:20,02h 20m,ECONOMY,S,5236.0,1494.0,6730.0,9,Available
2026-09-11T13:36:15,EaseMyTrip,DEL,BOM,T+7,2026-09-18,IndiGo,6E-6814,07:15,09:30,02h 15m,ECONOMY,R,5415.0,1483.0,6898.0,77,Available
2026-09-11T13:36:15,EaseMyTrip,DEL,BOM,T+7,2026-09-18,IndiGo,6E-320,08:00,10:20,02h 20m,ECONOMY,R,5415.0,1483.0,6898.0,59,Available
2026-09-11T13:36:15,EaseMyTrip,DEL,BOM,T+7,2026-09-18,Air India,AI-2678,08:30,10:45,02h 15m,ECONOMY,S,5493.0,1507.0,7000.0,9,Available
2026-09-11T13:36:15,EaseMyTrip,DEL,BOM,T+7,2026-09-18,Air India,AI-2425,10:30,12:50,02h 20m,ECONOMY,S,5493.0,1507.0,7000.0,9,Available
2026-09-11T13:36:15,EaseMyTrip,DEL,BOM,T+7,2026-09-18,Air India,AI-2951,13:30,15:50,02h 20m,ECONOMY,S,5493.0,1507.0,7000.0,1,Available
2026-09-11T13:36:15,EaseMyTrip,DEL,BOM,T+7,2026-09-18,Air India,AI-2441,14:10,16:30,02h 20m,ECONOMY,S,5493.0,1507.0,7000.0,9,Available
2026-09-11T13:36:15,EaseMyTrip,DEL,BOM,T+7,2026-09-18,Air India,AI-2995,10:00,12:25,02h 25m,ECONOMY,S,5493.0,1507.0,7000.0,9,Available
2026-09-11T13:36:15,EaseMyTrip,DEL,BOM,T+7,2026-09-18,Air India,AI-2945,11:00,13:25,02h 25m,ECONOMY,S,5493.0,1507.0,7000.0,9,Available
2026-09-11T13:36:15,EaseMyTrip,DEL,BOM,T+7,2026-09-18,Air India,AI-1785,12:00,14:25,02h 25m,ECONOMY,S,5493.0,1507.0,7000.0,9,Available
2026-09-11T13:36:15,EaseMyTrip,DEL,BOM,T+7,2026-09-18,Air India,AI-2933,15:30,17:55,02h 25m,ECONOMY,S,5493.0,1507.0,7000.0,9,Available
2026-09-11T13:36:15,EaseMyTrip,DEL,BOM,T+7,2026-09-18,Air India,AI-1777,16:00,18:25,02h 25m,ECONOMY,S,5493.0,1507.0,7000.0,9,Available
2026-09-11T13:36:15,EaseMyTrip,DEL,BOM,T+7,2026-09-18,Air India,AI-441,17:00,19:25,02h 25m,ECONOMY,S,5493.0,1507.0,7000.0,9,Available
2026-09-11T13:36:15,EaseMyTrip,DEL,BOM,T+7,2026-09-18,Air India,AI-2927,09:30,12:00,02h 30m,ECONOMY,S,5493.0,1507.0,7000.0,9,Available
2026-09-11T13:36:15,EaseMyTrip,DEL,BOM,T+7,2026-09-18,Air India,AI-2975,06:30,08:50,02h 20m,ECONOMY,T,5644.0,1515.0,7159.0,9,Available
2026-09-11T13:36:15,EaseMyTrip,DEL,BOM,T+7,2026-09-18,Air India,AI-2941,16:30,18:50,02h 20m,ECONOMY,T,5644.0,1515.0,7159.0,9,Available
2026-09-11T13:36:15,EaseMyTrip,DEL,BOM,T+7,2026-09-18,Air India,AI-1780,16:10,20:00,03h 50m,ECONOMY,T,5644.0,1515.0,7159.0,9,Available
2026-09-11T13:36:15,EaseMyTrip,DEL,BOM,T+7,2026-09-18,IndiGo,6E-322,23:30,01:45,02h 15m,ECONOMY,R,5665.0,1495.0,7160.0,4,Available
2026-09-11T13:36:15,EaseMyTrip,DEL,BOM,T+7,2026-09-18,IndiGo,6E-6114,22:45,01:05,02h 20m,ECONOMY,R,5665.0,1495.0,7160.0,17,Available
2026-09-11T13:36:15,EaseMyTrip,DEL,BOM,T+7,2026-09-18,Air India Express,IX-1235,23:25,01:50,02h 25m,ECONOMY,E,5976.0,1537.0,7513.0,2,Available
2026-09-11T13:36:15,EaseMyTrip,DEL,BOM,T+7,2026-09-18,Air India,AI-2429,07:00,09:25,02h 25m,ECONOMY,U,5844.0,1525.0,7369.0,9,Available
2026-09-11T13:36:15,EaseMyTrip,DEL,BOM,T+7,2026-09-18,Air India,AI-2943,07:30,09:55,02h 25m,ECONOMY,U,5844.0,1525.0,7369.0,9,Available
2026-09-11T13:36:15,EaseMyTrip,DEL,BOM,T+7,2026-09-18,Air India,AI-2439,23:00,01:25,02h 25m,ECONOMY,L,6093.0,1537.0,7630.0,9,Available
2026-09-11T13:36:15,EaseMyTrip,DEL,BOM,T+7,2026-09-18,IndiGo,6E-6706,17:00,19:15,02h 15m,ECONOMY,R,6265.0,1525.0,7790.0,9,Available
2026-09-11T13:36:15,EaseMyTrip,DEL,BOM,T+7,2026-09-18,Akasa Air,QP-1820,17:30,19:45,02h 15m,ECONOMY,Q4,7105.0,964.0,8069.0,9,Available
2026-09-11T13:43:43,EaseMyTrip,DEL-BOM,DEL,BOM,T+7,2026-09-18,IndiGo,6E-324,13:00,15:10,02h 10m,ECONOMY,R,5065.0,1465.0,6530.0,55,Available
2026-09-11T13:43:43,EaseMyTrip,DEL-BOM,DEL,BOM,T+7,2026-09-18,Akasa Air,QP-1110,10:30,12:45,02h 15m,ECONOMY,U1,5640.0,890.0,6530.0,9,Available
2026-09-11T13:43:43,EaseMyTrip,DEL-BOM,DEL,BOM,T+7,2026-09-18,IndiGo,6E-449,05:00,07:15,02h 15m,ECONOMY,R,5065.0,1465.0,6530.0,110,Available
2026-09-11T13:43:43,EaseMyTrip,DEL-BOM,DEL,BOM,T+7,2026-09-18,IndiGo,6E-864,15:30,17:45,02h 15m,ECONOMY,R,5065.0,1465.0,6530.0,86,Available
2026-09-11T13:43:43,EaseMyTrip,DEL-BOM,DEL,BOM,T+7,2026-09-18,IndiGo,6E-6318,14:45,17:00,02h 15m,ECONOMY,R,5065.0,1465.0,6530.0,84,Available
2026-09-11T13:43:43,EaseMyTrip,DEL-BOM,DEL,BOM,T+7,2026-09-18,IndiGo,6E-675,08:45,11:00,02h 15m,ECONOMY,R,5065.0,1465.0,6530.0,24,Available
2026-09-11T13:43:43,EaseMyTrip,DEL-BOM,DEL,BOM,T+7,2026-09-18,IndiGo,6E-6047,11:00,13:15,02h 15m,ECONOMY,R,5065.0,1465.0,6530.0,55,Available
2026-09-11T13:43:43,EaseMyTrip,DEL-BOM,DEL,BOM,T+7,2026-09-18,IndiGo,6E-6676,12:00,14:15,02h 15m,ECONOMY,R,5065.0,1465.0,6530.0,74,Available
2026-09-11T13:43:43,EaseMyTrip,DEL-BOM,DEL,BOM,T+7,2026-09-18,Akasa Air,QP-1833,06:50,09:10,02h 20m,ECONOMY,U1,5640.0,890.0,6530.0,9,Available
2026-09-11T13:43:43,EaseMyTrip,DEL-BOM,DEL,BOM,T+7,2026-09-18,Akasa Air,QP-1112,09:20,11:40,02h 20m,ECONOMY,U1,5640.0,890.0,6530.0,9,Available
2026-09-11T13:43:43,EaseMyTrip,DEL-BOM,DEL,BOM,T+7,2026-09-18,Akasa Air,QP-1128,16:00,18:20,02h 20m,ECONOMY,U1,5640.0,890.0,6530.0,9,Available
2026-09-11T13:43:43,EaseMyTrip,DEL-BOM,DEL,BOM,T+7,2026-09-18,IndiGo,6E-6328,10:15,12:35,02h 20m,ECONOMY,R,5065.0,1465.0,6530.0,43,Available
2026-09-11T13:43:43,EaseMyTrip,DEL-BOM,DEL,BOM,T+7,2026-09-18,Akasa Air,QP-1119,08:40,11:05,02h 25m,ECONOMY,U1,5640.0,890.0,6530.0,9,Available
2026-09-11T13:43:43,EaseMyTrip,DEL-BOM,DEL,BOM,T+7,2026-09-18,Akasa Air,QP-1836,12:30,14:55,02h 25m,ECONOMY,U1,5640.0,890.0,6530.0,9,Available
2026-09-11T13:43:43,EaseMyTrip,DEL-BOM,DEL,BOM,T+7,2026-09-18,IndiGo,6E-6022,14:00,16:25,02h 25m,ECONOMY,R,5065.0,1465.0,6530.0,102,Available
2026-09-11T13:43:43,EaseMyTrip,DEL-BOM,DEL,BOM,T+7,2026-09-18,IndiGo,6E-6107,09:30,11:55,02h 25m,ECONOMY,R,5065.0,1465.0,6530.0,61,Available
2026-09-11T13:43:43,EaseMyTrip,DEL-BOM,DEL,BOM,T+7,2026-09-18,Air India Express,IX-1056,05:35,08:05,02h 30m,ECONOMY,H,5191.0,1497.0,6688.0,6,Available
2026-09-11T13:43:43,EaseMyTrip,DEL-BOM,DEL,BOM,T+7,2026-09-18,IndiGo,6E-6218,06:05,08:20,02h 15m,ECONOMY,R,5215.0,1473.0,6688.0,80,Available
2026-09-11T13:43:43,EaseMyTrip,DEL-BOM,DEL,BOM,T+7,2026-09-18,IndiGo,6E-327,16:15,18:35,02h 20m,ECONOMY,R,5215.0,1473.0,6688.0,66,Available
2026-09-11T13:43:43,EaseMyTrip,DEL-BOM,DEL,BOM,T+7,2026-09-18,Air India,AI-1745,05:00,07:20,02h 20m,ECONOMY,S,5236.0,1494.0,6730.0,9,Available
2026-09-11T13:43:43,EaseMyTrip,DEL-BOM,DEL,BOM,T+7,2026-09-18,IndiGo,6E-6814,07:15,09:30,02h 15m,ECONOMY,R,5415.0,1483.0,6898.0,77,Available
2026-09-11T13:43:43,EaseMyTrip,DEL-BOM,DEL,BOM,T+7,2026-09-18,IndiGo,6E-320,08:00,10:20,02h 20m,ECONOMY,R,5415.0,1483.0,6898.0,59,Available
2026-09-11T13:43:43,EaseMyTrip,DEL-BOM,DEL,BOM,T+7,2026-09-18,Air India,AI-2678,08:30,10:45,02h 15m,ECONOMY,S,5493.0,1507.0,7000.0,9,Available
2026-09-11T13:43:43,EaseMyTrip,DEL-BOM,DEL,BOM,T+7,2026-09-18,Air India,AI-2425,10:30,12:50,02h 20m,ECONOMY,S,5493.0,1507.0,7000.0,9,Available
2026-09-11T13:43:43,EaseMyTrip,DEL-BOM,DEL,BOM,T+7,2026-09-18,Air India,AI-2951,13:30,15:50,02h 20m,ECONOMY,S,5493.0,1507.0,7000.0,1,Available
2026-09-11T13:43:43,EaseMyTrip,DEL-BOM,DEL,BOM,T+7,2026-09-18,Air India,AI-2441,14:10,16:30,02h 20m,ECONOMY,S,5493.0,1507.0,7000.0,9,Available
2026-09-11T13:43:43,EaseMyTrip,DEL-BOM,DEL,BOM,T+7,2026-09-18,Air India,AI-2995,10:00,12:25,02h 25m,ECONOMY,S,5493.0,1507.0,7000.0,9,Available
2026-09-11T13:43:43,EaseMyTrip,DEL-BOM,DEL,BOM,T+7,2026-09-18,Air India,AI-2945,11:00,13:25,02h 25m,ECONOMY,S,5493.0,1507.0,7000.0,9,Available
2026-09-11T13:43:43,EaseMyTrip,DEL-BOM,DEL,BOM,T+7,2026-09-18,Air India,AI-1785,12:00,14:25,02h 25m,ECONOMY,S,5493.0,1507.0,7000.0,9,Available
2026-09-11T13:43:43,EaseMyTrip,DEL-BOM,DEL,BOM,T+7,2026-09-18,Air India,AI-2933,15:30,17:55,02h 25m,ECONOMY,S,5493.0,1507.0,7000.0,9,Available
2026-09-11T13:43:43,EaseMyTrip,DEL-BOM,DEL,BOM,T+7,2026-09-18,Air India,AI-1777,16:00,18:25,02h 25m,ECONOMY,S,5493.0,1507.0,7000.0,9,Available
2026-09-11T13:43:43,EaseMyTrip,DEL-BOM,DEL,BOM,T+7,2026-09-18,Air India,AI-441,17:00,19:25,02h 25m,ECONOMY,S,5493.0,1507.0,7000.0,9,Available
2026-09-11T13:43:43,EaseMyTrip,DEL-BOM,DEL,BOM,T+7,2026-09-18,Air India,AI-2927,09:30,12:00,02h 30m,ECONOMY,S,5493.0,1507.0,7000.0,9,Available
2026-09-11T13:43:43,EaseMyTrip,DEL-BOM,DEL,BOM,T+7,2026-09-18,Air India,AI-2975,06:30,08:50,02h 20m,ECONOMY,T,5644.0,1515.0,7159.0,9,Available
2026-09-11T13:43:43,EaseMyTrip,DEL-BOM,DEL,BOM,T+7,2026-09-18,Air India,AI-2941,16:30,18:50,02h 20m,ECONOMY,T,5644.0,1515.0,7159.0,9,Available
2026-09-11T13:43:43,EaseMyTrip,DEL-BOM,DEL,BOM,T+7,2026-09-18,Air India,AI-1780,16:10,20:00,03h 50m,ECONOMY,T,5644.0,1515.0,7159.0,9,Available
2026-09-11T13:43:43,EaseMyTrip,DEL-BOM,DEL,BOM,T+7,2026-09-18,IndiGo,6E-322,23:30,01:45,02h 15m,ECONOMY,R,5665.0,1495.0,7160.0,4,Available
2026-09-11T13:43:43,EaseMyTrip,DEL-BOM,DEL,BOM,T+7,2026-09-18,IndiGo,6E-6114,22:45,01:05,02h 20m,ECONOMY,R,5665.0,1495.0,7160.0,17,Available
2026-09-11T13:43:43,EaseMyTrip,DEL-BOM,DEL,BOM,T+7,2026-09-18,Air India Express,IX-1235,23:25,01:50,02h 25m,ECONOMY,E,5976.0,1537.0,7513.0,2,Available
2026-09-11T13:43:43,EaseMyTrip,DEL-BOM,DEL,BOM,T+7,2026-09-18,Air India,AI-2429,07:00,09:25,02h 25m,ECONOMY,U,5844.0,1525.0,7369.0,9,Available
2026-09-11T13:43:43,EaseMyTrip,DEL-BOM,DEL,BOM,T+7,2026-09-18,Air India,AI-2943,07:30,09:55,02h 25m,ECONOMY,U,5844.0,1525.0,7369.0,9,Available
2026-09-11T13:43:43,EaseMyTrip,DEL-BOM,DEL,BOM,T+7,2026-09-18,Air India,AI-2439,23:00,01:25,02h 25m,ECONOMY,L,6093.0,1537.0,7630.0,9,Available
2026-09-11T13:43:43,EaseMyTrip,DEL-BOM,DEL,BOM,T+7,2026-09-18,IndiGo,6E-6706,17:00,19:15,02h 15m,ECONOMY,R,6265.0,1525.0,7790.0,9,Available
2026-09-11T13:43:43,EaseMyTrip,DEL-BOM,DEL,BOM,T+7,2026-09-18,Akasa Air,QP-1820,17:30,19:45,02h 15m,ECONOMY,Q4,7105.0,964.0,8069.0,9,Available
2026-09-11T13:44:56,EaseMyTrip,DEL-BLR,DEL,BLR,T+15,2026-09-26,Akasa Air,QP-1812,22:55,01:45,02h 50m,ECONOMY,U2,7774.0,1055.0,8829.0,9,Available
2026-09-11T13:44:56,EaseMyTrip,DEL-BLR,DEL,BLR,T+15,2026-09-26,Akasa Air,QP-1308,20:55,23:50,02h 55m,ECONOMY,U2,7774.0,1055.0,8829.0,9,Available
2026-09-11T13:44:56,EaseMyTrip,DEL-BLR,DEL,BLR,T+15,2026-09-26,Akasa Air,QP-1350,21:55,00:50,02h 55m,ECONOMY,U2,7774.0,1055.0,8829.0,9,Available
2026-09-11T13:44:56,EaseMyTrip,DEL-BLR,DEL,BLR,T+15,2026-09-26,IndiGo,6E-6515,20:45,23:40,02h 55m,ECONOMY,R,6998.0,1831.0,8829.0,10,Available
2026-09-11T13:44:56,EaseMyTrip,DEL-BLR,DEL,BLR,T+15,2026-09-26,IndiGo,6E-2314,05:45,08:40,02h 55m,ECONOMY,R,6998.0,1831.0,8829.0,22,Available
2026-09-11T13:44:56,EaseMyTrip,DEL-BLR,DEL,BLR,T+15,2026-09-26,Akasa Air,QP-1824,20:10,23:10,03h 00m,ECONOMY,U2,7774.0,1055.0,8829.0,9,Available
2026-09-11T13:44:56,EaseMyTrip,DEL-BLR,DEL,BLR,T+15,2026-09-26,Air India Express,IX-1070,18:20,21:15,02h 55m,ECONOMY,H,7164.0,1864.0,9028.0,5,Available
2026-09-11T13:44:56,EaseMyTrip,DEL-BLR,DEL,BLR,T+15,2026-09-26,IndiGo,6E-811,18:20,21:10,02h 50m,ECONOMY,R,7433.0,1853.0,9286.0,2,Available
2026-09-11T13:44:56,EaseMyTrip,DEL-BLR,DEL,BLR,T+15,2026-09-26,IndiGo,6E-820,03:00,05:55,02h 55m,ECONOMY,R,7433.0,1853.0,9286.0,14,Available
2026-09-11T13:44:56,EaseMyTrip,DEL-BLR,DEL,BLR,T+15,2026-09-26,IndiGo,6E-846,22:00,00:55,02h 55m,ECONOMY,R,7433.0,1853.0,9286.0,5,Available
2026-09-11T13:44:56,EaseMyTrip,DEL-BLR,DEL,BLR,T+15,2026-09-26,IndiGo,6E-810,07:05,10:00,02h 55m,ECONOMY,R,7433.0,1853.0,9286.0,2,Available
2026-09-11T13:44:56,EaseMyTrip,DEL-BLR,DEL,BLR,T+15,2026-09-26,Air India,AI-2409,06:00,08:55,02h 55m,ECONOMY,T,7427.0,1873.0,9300.0,9,Available
2026-09-11T13:44:56,EaseMyTrip,DEL-BLR,DEL,BLR,T+15,2026-09-26,Air India,AI-2803,06:30,09:25,02h 55m,ECONOMY,T,7427.0,1873.0,9300.0,9,Available
2026-09-11T13:44:56,EaseMyTrip,DEL-BLR,DEL,BLR,T+15,2026-09-26,Air India,AI-2815,07:00,09:55,02h 55m,ECONOMY,T,7427.0,1873.0,9300.0,9,Available
2026-09-11T13:44:56,EaseMyTrip,DEL-BLR,DEL,BLR,T+15,2026-09-26,Air India,AI-2757,00:15,03:10,02h 55m,ECONOMY,U,7719.0,1887.0,9606.0,9,Available
2026-09-11T13:44:56,EaseMyTrip,DEL-BLR,DEL,BLR,T+15,2026-09-26,Akasa Air,QP-1822,16:40,19:40,03h 00m,ECONOMY,T2,8583.0,1097.0,9680.0,9,Available
2026-09-11T13:44:56,EaseMyTrip,DEL-BLR,DEL,BLR,T+15,2026-09-26,Air India,AI-2653,04:30,07:20,02h 50m,ECONOMY,U,7862.0,1894.0,9756.0,9,Available
2026-09-11T13:44:56,EaseMyTrip,DEL-BLR,DEL,BLR,T+15,2026-09-26,Air India,AI-2487,18:30,21:25,02h 55m,ECONOMY,U,7862.0,1894.0,9756.0,9,Available
2026-09-11T13:44:56,EaseMyTrip,DEL-BLR,DEL,BLR,T+15,2026-09-26,Air India,AI-2512,19:00,21:55,02h 55m,ECONOMY,U,7862.0,1894.0,9756.0,9,Available
2026-09-11T13:44:56,EaseMyTrip,DEL-BLR,DEL,BLR,T+15,2026-09-26,Air India,AI-2412,21:30,00:25,02h 55m,ECONOMY,U,7862.0,1894.0,9756.0,1,Available
2026-09-11T13:44:56,EaseMyTrip,DEL-BLR,DEL,BLR,T+15,2026-09-26,IndiGo,6E-873,08:20,11:10,02h 50m,ECONOMY,R,7895.0,1876.0,9771.0,7,Available
2026-09-11T13:44:56,EaseMyTrip,DEL-BLR,DEL,BLR,T+15,2026-09-26,IndiGo,6E-861,19:30,22:25,02h 55m,ECONOMY,R,7895.0,1876.0,9771.0,10,Available
2026-09-11T13:44:56,EaseMyTrip,DEL-BLR,DEL,BLR,T+15,2026-09-26,IndiGo,6E-880,15:45,18:40,02h 55m,ECONOMY,R,7895.0,1876.0,9771.0,9,Available
2026-09-11T13:44:56,EaseMyTrip,DEL-BLR,DEL,BLR,T+15,2026-09-26,IndiGo,6E-826,09:30,12:25,02h 55m,ECONOMY,R,7895.0,1876.0,9771.0,9,Available
2026-09-11T13:44:56,EaseMyTrip,DEL-BLR,DEL,BLR,T+15,2026-09-26,Air India,AI-2817,16:30,19:15,02h 45m,ECONOMY,L,8324.0,1918.0,10242.0,9,Available
2026-09-11T13:44:56,EaseMyTrip,DEL-BLR,DEL,BLR,T+15,2026-09-26,Air India,AI-2809,19:30,22:20,02h 50m,ECONOMY,L,8324.0,1918.0,10242.0,9,Available
2026-09-11T13:44:56,EaseMyTrip,DEL-BLR,DEL,BLR,T+15,2026-09-26,Air India,AI-2415,09:30,12:25,02h 55m,ECONOMY,L,8324.0,1918.0,10242.0,9,Available
2026-09-11T13:44:56,EaseMyTrip,DEL-BLR,DEL,BLR,T+15,2026-09-26,Air India,AI-2664,15:50,18:45,02h 55m,ECONOMY,L,8324.0,1918.0,10242.0,9,Available
2026-09-11T13:44:56,EaseMyTrip,DEL-BLR,DEL,BLR,T+15,2026-09-26,IndiGo,6E-828,14:30,17:25,02h 55m,ECONOMY,R,8385.0,1900.0,10285.0,9,Available
2026-09-11T13:44:56,EaseMyTrip,DEL-BLR,DEL,BLR,T+15,2026-09-26,IndiGo,6E-837,17:00,19:55,02h 55m,ECONOMY,R,8385.0,1900.0,10285.0,7,Available
2026-09-11T13:44:56,EaseMyTrip,DEL-BLR,DEL,BLR,T+15,2026-09-26,IndiGo,6E-176,13:15,16:10,02h 55m,ECONOMY,R,8385.0,1900.0,10285.0,4,Available
2026-09-11T13:44:56,EaseMyTrip,DEL-BLR,DEL,BLR,T+15,2026-09-26,Air India,AI-427,08:30,11:20,02h 50m,ECONOMY,L,8491.0,1926.0,10417.0,9,Available
2026-09-11T13:44:56,EaseMyTrip,DEL-BLR,DEL,BLR,T+15,2026-09-26,Air India,AI-2819,15:00,17:55,02h 55m,ECONOMY,L,8491.0,1926.0,10417.0,9,Available
2026-09-11T13:44:56,EaseMyTrip,DEL-BLR,DEL,BLR,T+15,2026-09-26,Air India,AI-2485,10:30,13:20,02h 50m,ECONOMY,L,8657.0,1934.0,10591.0,9,Available
2026-09-11T13:44:56,EaseMyTrip,DEL-BLR,DEL,BLR,T+15,2026-09-26,IndiGo,6E-842,10:45,13:40,02h 55m,ECONOMY,R,8906.0,1926.0,10832.0,1,Available
2026-09-11T13:44:56,EaseMyTrip,DEL-BLR,DEL,BLR,T+15,2026-09-26,IndiGo,6E-850,12:20,15:20,03h 00m,ECONOMY,R,8906.0,1926.0,10832.0,10,Available
20260911_135434,2026-09-11T13:55:14,EaseMyTrip,DEL-BLR,DEL,BLR,T+15,2026-09-26,Akasa Air,QP-1812,22:55,01:45,02h 50m,ECONOMY,U2,7774.0,1055.0,8829.0,9,Available
20260911_135434,2026-09-11T13:55:14,EaseMyTrip,DEL-BLR,DEL,BLR,T+15,2026-09-26,Akasa Air,QP-1308,20:55,23:50,02h 55m,ECONOMY,U2,7774.0,1055.0,8829.0,9,Available
20260911_135434,2026-09-11T13:55:14,EaseMyTrip,DEL-BLR,DEL,BLR,T+15,2026-09-26,Akasa Air,QP-1350,21:55,00:50,02h 55m,ECONOMY,U2,7774.0,1055.0,8829.0,9,Available
20260911_135434,2026-09-11T13:55:14,EaseMyTrip,DEL-BLR,DEL,BLR,T+15,2026-09-26,IndiGo,6E-6515,20:45,23:40,02h 55m,ECONOMY,R,6998.0,1831.0,8829.0,10,Available
20260911_135434,2026-09-11T13:55:14,EaseMyTrip,DEL-BLR,DEL,BLR,T+15,2026-09-26,IndiGo,6E-2314,05:45,08:40,02h 55m,ECONOMY,R,6998.0,1831.0,8829.0,22,Available
20260911_135434,2026-09-11T13:55:14,EaseMyTrip,DEL-BLR,DEL,BLR,T+15,2026-09-26,Akasa Air,QP-1824,20:10,23:10,03h 00m,ECONOMY,U2,7774.0,1055.0,8829.0,9,Available
20260911_135434,2026-09-11T13:55:14,EaseMyTrip,DEL-BLR,DEL,BLR,T+15,2026-09-26,Air India Express,IX-1070,18:20,21:15,02h 55m,ECONOMY,H,7164.0,1864.0,9028.0,5,Available
20260911_135434,2026-09-11T13:55:14,EaseMyTrip,DEL-BLR,DEL,BLR,T+15,2026-09-26,IndiGo,6E-811,18:20,21:10,02h 50m,ECONOMY,R,7433.0,1853.0,9286.0,2,Available
20260911_135434,2026-09-11T13:55:14,EaseMyTrip,DEL-BLR,DEL,BLR,T+15,2026-09-26,IndiGo,6E-820,03:00,05:55,02h 55m,ECONOMY,R,7433.0,1853.0,9286.0,14,Available
20260911_135434,2026-09-11T13:55:14,EaseMyTrip,DEL-BLR,DEL,BLR,T+15,2026-09-26,IndiGo,6E-846,22:00,00:55,02h 55m,ECONOMY,R,7433.0,1853.0,9286.0,5,Available
20260911_135434,2026-09-11T13:55:14,EaseMyTrip,DEL-BLR,DEL,BLR,T+15,2026-09-26,IndiGo,6E-810,07:05,10:00,02h 55m,ECONOMY,R,7433.0,1853.0,9286.0,2,Available
20260911_135434,2026-09-11T13:55:14,EaseMyTrip,DEL-BLR,DEL,BLR,T+15,2026-09-26,Air India,AI-2409,06:00,08:55,02h 55m,ECONOMY,T,7427.0,1873.0,9300.0,9,Available
20260911_135434,2026-09-11T13:55:14,EaseMyTrip,DEL-BLR,DEL,BLR,T+15,2026-09-26,Air India,AI-2803,06:30,09:25,02h 55m,ECONOMY,T,7427.0,1873.0,9300.0,9,Available
20260911_135434,2026-09-11T13:55:14,EaseMyTrip,DEL-BLR,DEL,BLR,T+15,2026-09-26,Air India,AI-2815,07:00,09:55,02h 55m,ECONOMY,T,7427.0,1873.0,9300.0,9,Available
20260911_135434,2026-09-11T13:55:14,EaseMyTrip,DEL-BLR,DEL,BLR,T+15,2026-09-26,Air India,AI-2757,00:15,03:10,02h 55m,ECONOMY,U,7719.0,1887.0,9606.0,9,Available
20260911_135434,2026-09-11T13:55:14,EaseMyTrip,DEL-BLR,DEL,BLR,T+15,2026-09-26,Akasa Air,QP-1822,16:40,19:40,03h 00m,ECONOMY,T2,8583.0,1097.0,9680.0,9,Available
20260911_135434,2026-09-11T13:55:14,EaseMyTrip,DEL-BLR,DEL,BLR,T+15,2026-09-26,Air India,AI-2653,04:30,07:20,02h 50m,ECONOMY,U,7862.0,1894.0,9756.0,9,Available
20260911_135434,2026-09-11T13:55:14,EaseMyTrip,DEL-BLR,DEL,BLR,T+15,2026-09-26,Air India,AI-2487,18:30,21:25,02h 55m,ECONOMY,U,7862.0,1894.0,9756.0,9,Available
20260911_135434,2026-09-11T13:55:14,EaseMyTrip,DEL-BLR,DEL,BLR,T+15,2026-09-26,Air India,AI-2512,19:00,21:55,02h 55m,ECONOMY,U,7862.0,1894.0,9756.0,9,Available
20260911_135434,2026-09-11T13:55:14,EaseMyTrip,DEL-BLR,DEL,BLR,T+15,2026-09-26,Air India,AI-2412,21:30,00:25,02h 55m,ECONOMY,U,7862.0,1894.0,9756.0,1,Available
20260911_135434,2026-09-11T13:55:14,EaseMyTrip,DEL-BLR,DEL,BLR,T+15,2026-09-26,IndiGo,6E-873,08:20,11:10,02h 50m,ECONOMY,R,7895.0,1876.0,9771.0,7,Available
20260911_135434,2026-09-11T13:55:14,EaseMyTrip,DEL-BLR,DEL,BLR,T+15,2026-09-26,IndiGo,6E-861,19:30,22:25,02h 55m,ECONOMY,R,7895.0,1876.0,9771.0,10,Available
20260911_135434,2026-09-11T13:55:14,EaseMyTrip,DEL-BLR,DEL,BLR,T+15,2026-09-26,IndiGo,6E-880,15:45,18:40,02h 55m,ECONOMY,R,7895.0,1876.0,9771.0,9,Available
20260911_135434,2026-09-11T13:55:14,EaseMyTrip,DEL-BLR,DEL,BLR,T+15,2026-09-26,IndiGo,6E-826,09:30,12:25,02h 55m,ECONOMY,R,7895.0,1876.0,9771.0,9,Available
20260911_135434,2026-09-11T13:55:14,EaseMyTrip,DEL-BLR,DEL,BLR,T+15,2026-09-26,Air India,AI-2817,16:30,19:15,02h 45m,ECONOMY,L,8324.0,1918.0,10242.0,9,Available
20260911_135434,2026-09-11T13:55:14,EaseMyTrip,DEL-BLR,DEL,BLR,T+15,2026-09-26,Air India,AI-2809,19:30,22:20,02h 50m,ECONOMY,L,8324.0,1918.0,10242.0,9,Available
20260911_135434,2026-09-11T13:55:14,EaseMyTrip,DEL-BLR,DEL,BLR,T+15,2026-09-26,Air India,AI-2415,09:30,12:25,02h 55m,ECONOMY,L,8324.0,1918.0,10242.0,9,Available
20260911_135434,2026-09-11T13:55:14,EaseMyTrip,DEL-BLR,DEL,BLR,T+15,2026-09-26,Air India,AI-2664,15:50,18:45,02h 55m,ECONOMY,L,8324.0,1918.0,10242.0,9,Available
20260911_135434,2026-09-11T13:55:14,EaseMyTrip,DEL-BLR,DEL,BLR,T+15,2026-09-26,IndiGo,6E-828,14:30,17:25,02h 55m,ECONOMY,R,8385.0,1900.0,10285.0,9,Available
20260911_135434,2026-09-11T13:55:14,EaseMyTrip,DEL-BLR,DEL,BLR,T+15,2026-09-26,IndiGo,6E-837,17:00,19:55,02h 55m,ECONOMY,R,8385.0,1900.0,10285.0,7,Available
20260911_135434,2026-09-11T13:55:14,EaseMyTrip,DEL-BLR,DEL,BLR,T+15,2026-09-26,IndiGo,6E-176,13:15,16:10,02h 55m,ECONOMY,R,8385.0,1900.0,10285.0,4,Available
20260911_135434,2026-09-11T13:55:14,EaseMyTrip,DEL-BLR,DEL,BLR,T+15,2026-09-26,Air India,AI-427,08:30,11:20,02h 50m,ECONOMY,L,8491.0,1926.0,10417.0,9,Available
20260911_135434,2026-09-11T13:55:14,EaseMyTrip,DEL-BLR,DEL,BLR,T+15,2026-09-26,Air India,AI-2819,15:00,17:55,02h 55m,ECONOMY,L,8491.0,1926.0,10417.0,9,Available
20260911_135434,2026-09-11T13:55:14,EaseMyTrip,DEL-BLR,DEL,BLR,T+15,2026-09-26,Air India,AI-2485,10:30,13:20,02h 50m,ECONOMY,L,8657.0,1934.0,10591.0,9,Available
20260911_135434,2026-09-11T13:55:14,EaseMyTrip,DEL-BLR,DEL,BLR,T+15,2026-09-26,IndiGo,6E-842,10:45,13:40,02h 55m,ECONOMY,R,8906.0,1926.0,10832.0,1,Available
20260911_135434,2026-09-11T13:55:14,EaseMyTrip,DEL-BLR,DEL,BLR,T+15,2026-09-26,IndiGo,6E-850,12:20,15:20,03h 00m,ECONOMY,R,8906.0,1926.0,10832.0,10,Available
20260911_141325,2026-09-11T14:14:04,EaseMyTrip,DEL-BOM,DEL,BOM,T+1,2026-09-12,Akasa Air,QP-1820,17:30,19:45,02h 15m,ECONOMY,U1,5640.0,890.0,6530.0,9,Available
20260911_141325,2026-09-11T14:14:04,EaseMyTrip,DEL-BOM,DEL,BOM,T+1,2026-09-12,IndiGo,6E-322,23:30,01:45,02h 15m,ECONOMY,R,5065.0,1465.0,6530.0,35,Available
20260911_141325,2026-09-11T14:14:04,EaseMyTrip,DEL-BOM,DEL,BOM,T+1,2026-09-12,IndiGo,6E-329,18:00,20:15,02h 15m,ECONOMY,R,5065.0,1465.0,6530.0,38,Available
20260911_141325,2026-09-11T14:14:04,EaseMyTrip,DEL-BOM,DEL,BOM,T+1,2026-09-12,IndiGo,6E-6706,17:00,19:15,02h 15m,ECONOMY,R,5065.0,1465.0,6530.0,23,Available
20260911_141325,2026-09-11T14:14:04,EaseMyTrip,DEL-BOM,DEL,BOM,T+1,2026-09-12,IndiGo,6E-864,15:30,17:45,02h 15m,ECONOMY,R,5065.0,1465.0,6530.0,6,Available
20260911_141325,2026-09-11T14:14:04,EaseMyTrip,DEL-BOM,DEL,BOM,T+1,2026-09-12,IndiGo,6E-6318,14:45,17:00,02h 15m,ECONOMY,R,5065.0,1465.0,6530.0,51,Available
20260911_141325,2026-09-11T14:14:04,EaseMyTrip,DEL-BOM,DEL,BOM,T+1,2026-09-12,IndiGo,6E-6218,06:05,08:20,02h 15m,ECONOMY,R,5065.0,1465.0,6530.0,35,Available
20260911_141325,2026-09-11T14:14:04,EaseMyTrip,DEL-BOM,DEL,BOM,T+1,2026-09-12,IndiGo,6E-6814,07:15,09:30,02h 15m,ECONOMY,R,5065.0,1465.0,6530.0,37,Available
20260911_141325,2026-09-11T14:14:04,EaseMyTrip,DEL-BOM,DEL,BOM,T+1,2026-09-12,Akasa Air,QP-1833,06:50,09:10,02h 20m,ECONOMY,U1,5640.0,890.0,6530.0,9,Available
20260911_141325,2026-09-11T14:14:04,EaseMyTrip,DEL-BOM,DEL,BOM,T+1,2026-09-12,Akasa Air,QP-1128,16:00,18:20,02h 20m,ECONOMY,U1,5640.0,890.0,6530.0,9,Available
20260911_141325,2026-09-11T14:14:04,EaseMyTrip,DEL-BOM,DEL,BOM,T+1,2026-09-12,IndiGo,6E-6114,22:45,01:05,02h 20m,ECONOMY,R,5065.0,1465.0,6530.0,94,Available
20260911_141325,2026-09-11T14:14:04,EaseMyTrip,DEL-BOM,DEL,BOM,T+1,2026-09-12,IndiGo,6E-395,21:45,00:05,02h 20m,ECONOMY,R,5065.0,1465.0,6530.0,44,Available
20260911_141325,2026-09-11T14:14:04,EaseMyTrip,DEL-BOM,DEL,BOM,T+1,2026-09-12,IndiGo,6E-327,16:15,18:35,02h 20m,ECONOMY,R,5065.0,1465.0,6530.0,47,Available
20260911_141325,2026-09-11T14:14:04,EaseMyTrip,DEL-BOM,DEL,BOM,T+1,2026-09-12,Akasa Air,QP-1826,19:55,22:20,02h 25m,ECONOMY,U1,5640.0,890.0,6530.0,9,Available
20260911_141325,2026-09-11T14:14:04,EaseMyTrip,DEL-BOM,DEL,BOM,T+1,2026-09-12,IndiGo,6E-354,19:00,21:25,02h 25m,ECONOMY,R,5065.0,1465.0,6530.0,16,Available
20260911_141325,2026-09-11T14:14:04,EaseMyTrip,DEL-BOM,DEL,BOM,T+1,2026-09-12,IndiGo,6E-6022,14:00,16:25,02h 25m,ECONOMY,R,5065.0,1465.0,6530.0,37,Available
20260911_141325,2026-09-11T14:14:04,EaseMyTrip,DEL-BOM,DEL,BOM,T+1,2026-09-12,Air India Express,IX-1235,23:25,01:50,02h 25m,ECONOMY,H,5191.0,1497.0,6688.0,9,Available
20260911_141325,2026-09-11T14:14:04,EaseMyTrip,DEL-BOM,DEL,BOM,T+1,2026-09-12,IndiGo,6E-303,20:00,22:10,02h 10m,ECONOMY,R,5215.0,1473.0,6688.0,6,Available
20260911_141325,2026-09-11T14:14:04,EaseMyTrip,DEL-BOM,DEL,BOM,T+1,2026-09-12,IndiGo,6E-675,08:45,11:00,02h 15m,ECONOMY,R,5215.0,1473.0,6688.0,4,Available
20260911_141325,2026-09-11T14:14:04,EaseMyTrip,DEL-BOM,DEL,BOM,T+1,2026-09-12,IndiGo,6E-320,08:00,10:20,02h 20m,ECONOMY,R,5215.0,1473.0,6688.0,27,Available
20260911_141325,2026-09-11T14:14:04,EaseMyTrip,DEL-BOM,DEL,BOM,T+1,2026-09-12,IndiGo,6E-6328,10:15,12:35,02h 20m,ECONOMY,R,5215.0,1473.0,6688.0,6,Available
20260911_141325,2026-09-11T14:14:04,EaseMyTrip,DEL-BOM,DEL,BOM,T+1,2026-09-12,IndiGo,6E-6107,09:30,11:55,02h 25m,ECONOMY,R,5215.0,1473.0,6688.0,9,Available
20260911_141325,2026-09-11T14:14:04,EaseMyTrip,DEL-BOM,DEL,BOM,T+1,2026-09-12,Air India,AI-1745,05:00,07:20,02h 20m,ECONOMY,S,5236.0,1494.0,6730.0,7,Available
20260911_141325,2026-09-11T14:14:04,EaseMyTrip,DEL-BOM,DEL,BOM,T+1,2026-09-12,Air India,AI-2439,23:00,01:25,02h 25m,ECONOMY,S,5236.0,1494.0,6730.0,9,Available
20260911_141325,2026-09-11T14:14:04,EaseMyTrip,DEL-BOM,DEL,BOM,T+1,2026-09-12,Akasa Air,QP-1112,09:20,11:40,02h 20m,ECONOMY,T3,5945.0,906.0,6851.0,9,Available
20260911_141325,2026-09-11T14:14:04,EaseMyTrip,DEL-BOM,DEL,BOM,T+1,2026-09-12,Akasa Air,QP-1119,08:40,11:05,02h 25m,ECONOMY,T3,5945.0,906.0,6851.0,9,Available
20260911_141325,2026-09-11T14:14:04,EaseMyTrip,DEL-BOM,DEL,BOM,T+1,2026-09-12,IndiGo,6E-449,05:00,07:15,02h 15m,ECONOMY,R,5415.0,1483.0,6898.0,1,Available
20260911_141325,2026-09-11T14:14:04,EaseMyTrip,DEL-BOM,DEL,BOM,T+1,2026-09-12,IndiGo,6E-6047,11:00,13:15,02h 15m,ECONOMY,R,5415.0,1483.0,6898.0,5,Available
20260911_141325,2026-09-11T14:14:04,EaseMyTrip,DEL-BOM,DEL,BOM,T+1,2026-09-12,Akasa Air,QP-1110,10:30,12:45,02h 15m,ECONOMY,T2,6065.0,912.0,6977.0,9,Available
20260911_141325,2026-09-11T14:14:04,EaseMyTrip,DEL-BOM,DEL,BOM,T+1,2026-09-12,Air India,AI-2678,08:30,10:45,02h 15m,ECONOMY,S,5493.0,1507.0,7000.0,9,Available
20260911_141325,2026-09-11T14:14:04,EaseMyTrip,DEL-BOM,DEL,BOM,T+1,2026-09-12,Air India,AI-865,08:55,11:10,02h 15m,ECONOMY,S,5493.0,1507.0,7000.0,9,Available
20260911_141325,2026-09-11T14:14:04,EaseMyTrip,DEL-BOM,DEL,BOM,T+1,2026-09-12,Air India,AI-2963,09:00,11:15,02h 15m,ECONOMY,S,5493.0,1507.0,7000.0,9,Available
20260911_141325,2026-09-11T14:14:04,EaseMyTrip,DEL-BOM,DEL,BOM,T+1,2026-09-12,Air India,AI-2975,06:30,08:50,02h 20m,ECONOMY,S,5493.0,1507.0,7000.0,9,Available
20260911_141325,2026-09-11T14:14:04,EaseMyTrip,DEL-BOM,DEL,BOM,T+1,2026-09-12,Air India,AI-2941,16:30,18:50,02h 20m,ECONOMY,S,5493.0,1507.0,7000.0,9,Available
20260911_141325,2026-09-11T14:14:04,EaseMyTrip,DEL-BOM,DEL,BOM,T+1,2026-09-12,Air India,AI-2981,21:00,23:20,02h 20m,ECONOMY,S,5493.0,1507.0,7000.0,9,Available
20260911_141325,2026-09-11T14:14:04,EaseMyTrip,DEL-BOM,DEL,BOM,T+1,2026-09-12,Air India,AI-2943,07:30,09:55,02h 25m,ECONOMY,S,5493.0,1507.0,7000.0,9,Available
20260911_141325,2026-09-11T14:14:04,EaseMyTrip,DEL-BOM,DEL,BOM,T+1,2026-09-12,Air India,AI-1777,16:00,18:25,02h 25m,ECONOMY,S,5493.0,1507.0,7000.0,9,Available
20260911_141325,2026-09-11T14:14:04,EaseMyTrip,DEL-BOM,DEL,BOM,T+1,2026-09-12,Air India,AI-441,17:00,19:25,02h 25m,ECONOMY,S,5493.0,1507.0,7000.0,9,Available
20260911_141325,2026-09-11T14:14:04,EaseMyTrip,DEL-BOM,DEL,BOM,T+1,2026-09-12,Air India,AI-2955,18:00,20:25,02h 25m,ECONOMY,S,5493.0,1507.0,7000.0,9,Available
20260911_141325,2026-09-11T14:14:04,EaseMyTrip,DEL-BOM,DEL,BOM,T+1,2026-09-12,Air India,AI-2977,19:00,21:25,02h 25m,ECONOMY,S,5493.0,1507.0,7000.0,9,Available
20260911_141325,2026-09-11T14:14:04,EaseMyTrip,DEL-BOM,DEL,BOM,T+1,2026-09-12,Air India,AI-2985,19:30,21:55,02h 25m,ECONOMY,S,5493.0,1507.0,7000.0,9,Available
20260911_141325,2026-09-11T14:14:04,EaseMyTrip,DEL-BOM,DEL,BOM,T+1,2026-09-12,Air India,AI-2433,21:30,23:55,02h 25m,ECONOMY,S,5493.0,1507.0,7000.0,9,Available
20260911_141325,2026-09-11T14:14:04,EaseMyTrip,DEL-BOM,DEL,BOM,T+1,2026-09-12,Air India,AI-2927,09:30,12:00,02h 30m,ECONOMY,S,5493.0,1507.0,7000.0,9,Available
20260911_141325,2026-09-11T14:14:04,EaseMyTrip,DEL-BOM,DEL,BOM,T+1,2026-09-12,Air India,AI-2429,07:00,09:25,02h 25m,ECONOMY,T,5644.0,1515.0,7159.0,9,Available
20260911_141325,2026-09-11T14:14:04,EaseMyTrip,DEL-BOM,DEL,BOM,T+1,2026-09-12,Air India,AI-2995,10:00,12:25,02h 25m,ECONOMY,T,5644.0,1515.0,7159.0,9,Available
20260911_141325,2026-09-11T14:14:04,EaseMyTrip,DEL-BOM,DEL,BOM,T+1,2026-09-12,Air India,AI-2933,15:30,17:55,02h 25m,ECONOMY,T,5644.0,1515.0,7159.0,9,Available
20260911_141325,2026-09-11T14:14:04,EaseMyTrip,DEL-BOM,DEL,BOM,T+1,2026-09-12,Air India,AI-2957,20:30,23:05,02h 35m,ECONOMY,T,5644.0,1515.0,7159.0,9,Available
20260911_141325,2026-09-11T14:14:04,EaseMyTrip,DEL-BOM,DEL,BOM,T+1,2026-09-12,IndiGo,6E-324,13:00,15:10,02h 10m,ECONOMY,R,5665.0,1495.0,7160.0,15,Available
20260911_141325,2026-09-11T14:14:04,EaseMyTrip,DEL-BOM,DEL,BOM,T+1,2026-09-12,IndiGo,6E-6676,12:00,14:15,02h 15m,ECONOMY,R,5665.0,1495.0,7160.0,13,Available
20260911_141325,2026-09-11T14:14:04,EaseMyTrip,DEL-BOM,DEL,BOM,T+1,2026-09-12,Air India,AI-2945,11:00,13:25,02h 25m,ECONOMY,U,5844.0,1525.0,7369.0,9,Available
20260911_141325,2026-09-11T14:14:04,EaseMyTrip,DEL-BOM,DEL,BOM,T+1,2026-09-12,Akasa Air,QP-1836,12:30,14:55,02h 25m,ECONOMY,R3,6565.0,936.0,7501.0,9,Available
20260911_141325,2026-09-11T14:14:04,EaseMyTrip,DEL-BOM,DEL,BOM,T+1,2026-09-12,Air India,AI-1785,12:00,14:25,02h 25m,ECONOMY,L,6093.0,1537.0,7630.0,4,Available
20260911_141325,2026-09-11T14:14:54,EaseMyTrip,DEL-BOM,DEL,BOM,T+7,2026-09-18,Air India Express,IX-1056,05:35,08:05,02h 30m,ECONOMY,G,5040.0,1489.0,6529.0,6,Available
20260911_141325,2026-09-11T14:14:54,EaseMyTrip,DEL-BOM,DEL,BOM,T+7,2026-09-18,IndiGo,6E-324,13:00,15:10,02h 10m,ECONOMY,R,5065.0,1465.0,6530.0,55,Available
20260911_141325,2026-09-11T14:14:54,EaseMyTrip,DEL-BOM,DEL,BOM,T+7,2026-09-18,Akasa Air,QP-1110,10:30,12:45,02h 15m,ECONOMY,U1,5640.0,890.0,6530.0,9,Available
20260911_141325,2026-09-11T14:14:54,EaseMyTrip,DEL-BOM,DEL,BOM,T+7,2026-09-18,IndiGo,6E-449,05:00,07:15,02h 15m,ECONOMY,R,5065.0,1465.0,6530.0,110,Available
20260911_141325,2026-09-11T14:14:54,EaseMyTrip,DEL-BOM,DEL,BOM,T+7,2026-09-18,IndiGo,6E-864,15:30,17:45,02h 15m,ECONOMY,R,5065.0,1465.0,6530.0,86,Available
20260911_141325,2026-09-11T14:14:54,EaseMyTrip,DEL-BOM,DEL,BOM,T+7,2026-09-18,IndiGo,6E-6318,14:45,17:00,02h 15m,ECONOMY,R,5065.0,1465.0,6530.0,84,Available
20260911_141325,2026-09-11T14:14:54,EaseMyTrip,DEL-BOM,DEL,BOM,T+7,2026-09-18,IndiGo,6E-675,08:45,11:00,02h 15m,ECONOMY,R,5065.0,1465.0,6530.0,24,Available
20260911_141325,2026-09-11T14:14:54,EaseMyTrip,DEL-BOM,DEL,BOM,T+7,2026-09-18,IndiGo,6E-6047,11:00,13:15,02h 15m,ECONOMY,R,5065.0,1465.0,6530.0,55,Available
20260911_141325,2026-09-11T14:14:54,EaseMyTrip,DEL-BOM,DEL,BOM,T+7,2026-09-18,IndiGo,6E-6676,12:00,14:15,02h 15m,ECONOMY,R,5065.0,1465.0,6530.0,73,Available
20260911_141325,2026-09-11T14:14:54,EaseMyTrip,DEL-BOM,DEL,BOM,T+7,2026-09-18,Akasa Air,QP-1833,06:50,09:10,02h 20m,ECONOMY,U1,5640.0,890.0,6530.0,9,Available
20260911_141325,2026-09-11T14:14:54,EaseMyTrip,DEL-BOM,DEL,BOM,T+7,2026-09-18,Akasa Air,QP-1112,09:20,11:40,02h 20m,ECONOMY,U1,5640.0,890.0,6530.0,9,Available
20260911_141325,2026-09-11T14:14:54,EaseMyTrip,DEL-BOM,DEL,BOM,T+7,2026-09-18,Akasa Air,QP-1128,16:00,18:20,02h 20m,ECONOMY,U1,5640.0,890.0,6530.0,9,Available
20260911_141325,2026-09-11T14:14:54,EaseMyTrip,DEL-BOM,DEL,BOM,T+7,2026-09-18,IndiGo,6E-6328,10:15,12:35,02h 20m,ECONOMY,R,5065.0,1465.0,6530.0,43,Available
20260911_141325,2026-09-11T14:14:54,EaseMyTrip,DEL-BOM,DEL,BOM,T+7,2026-09-18,Akasa Air,QP-1119,08:40,11:05,02h 25m,ECONOMY,U1,5640.0,890.0,6530.0,9,Available
20260911_141325,2026-09-11T14:14:54,EaseMyTrip,DEL-BOM,DEL,BOM,T+7,2026-09-18,Akasa Air,QP-1836,12:30,14:55,02h 25m,ECONOMY,U1,5640.0,890.0,6530.0,9,Available
20260911_141325,2026-09-11T14:14:54,EaseMyTrip,DEL-BOM,DEL,BOM,T+7,2026-09-18,IndiGo,6E-6022,14:00,16:25,02h 25m,ECONOMY,R,5065.0,1465.0,6530.0,100,Available
20260911_141325,2026-09-11T14:14:54,EaseMyTrip,DEL-BOM,DEL,BOM,T+7,2026-09-18,IndiGo,6E-6107,09:30,11:55,02h 25m,ECONOMY,R,5065.0,1465.0,6530.0,61,Available
20260911_141325,2026-09-11T14:14:54,EaseMyTrip,DEL-BOM,DEL,BOM,T+7,2026-09-18,IndiGo,6E-6218,06:05,08:20,02h 15m,ECONOMY,R,5215.0,1473.0,6688.0,80,Available
20260911_141325,2026-09-11T14:14:54,EaseMyTrip,DEL-BOM,DEL,BOM,T+7,2026-09-18,IndiGo,6E-327,16:15,18:35,02h 20m,ECONOMY,R,5215.0,1473.0,6688.0,64,Available
20260911_141325,2026-09-11T14:14:54,EaseMyTrip,DEL-BOM,DEL,BOM,T+7,2026-09-18,Air India,AI-1745,05:00,07:20,02h 20m,ECONOMY,S,5236.0,1494.0,6730.0,9,Available
20260911_141325,2026-09-11T14:14:54,EaseMyTrip,DEL-BOM,DEL,BOM,T+7,2026-09-18,IndiGo,6E-6814,07:15,09:30,02h 15m,ECONOMY,R,5415.0,1483.0,6898.0,77,Available
20260911_141325,2026-09-11T14:14:54,EaseMyTrip,DEL-BOM,DEL,BOM,T+7,2026-09-18,IndiGo,6E-320,08:00,10:20,02h 20m,ECONOMY,R,5415.0,1483.0,6898.0,59,Available
20260911_141325,2026-09-11T14:14:54,EaseMyTrip,DEL-BOM,DEL,BOM,T+7,2026-09-18,Air India,AI-2678,08:30,10:45,02h 15m,ECONOMY,S,5493.0,1507.0,7000.0,9,Available
20260911_141325,2026-09-11T14:14:54,EaseMyTrip,DEL-BOM,DEL,BOM,T+7,2026-09-18,Air India,AI-2425,10:30,12:50,02h 20m,ECONOMY,S,5493.0,1507.0,7000.0,9,Available
20260911_141325,2026-09-11T14:14:54,EaseMyTrip,DEL-BOM,DEL,BOM,T+7,2026-09-18,Air India,AI-2951,13:30,15:50,02h 20m,ECONOMY,S,5493.0,1507.0,7000.0,1,Available
20260911_141325,2026-09-11T14:14:54,EaseMyTrip,DEL-BOM,DEL,BOM,T+7,2026-09-18,Air India,AI-2441,14:10,16:30,02h 20m,ECONOMY,S,5493.0,1507.0,7000.0,9,Available
20260911_141325,2026-09-11T14:14:54,EaseMyTrip,DEL-BOM,DEL,BOM,T+7,2026-09-18,Air India,AI-2995,10:00,12:25,02h 25m,ECONOMY,S,5493.0,1507.0,7000.0,9,Available
20260911_141325,2026-09-11T14:14:54,EaseMyTrip,DEL-BOM,DEL,BOM,T+7,2026-09-18,Air India,AI-2945,11:00,13:25,02h 25m,ECONOMY,S,5493.0,1507.0,7000.0,9,Available
20260911_141325,2026-09-11T14:14:54,EaseMyTrip,DEL-BOM,DEL,BOM,T+7,2026-09-18,Air India,AI-1785,12:00,14:25,02h 25m,ECONOMY,S,5493.0,1507.0,7000.0,9,Available
20260911_141325,2026-09-11T14:14:54,EaseMyTrip,DEL-BOM,DEL,BOM,T+7,2026-09-18,Air India,AI-2933,15:30,17:55,02h 25m,ECONOMY,S,5493.0,1507.0,7000.0,9,Available
20260911_141325,2026-09-11T14:14:54,EaseMyTrip,DEL-BOM,DEL,BOM,T+7,2026-09-18,Air India,AI-1777,16:00,18:25,02h 25m,ECONOMY,S,5493.0,1507.0,7000.0,9,Available
20260911_141325,2026-09-11T14:14:54,EaseMyTrip,DEL-BOM,DEL,BOM,T+7,2026-09-18,Air India,AI-441,17:00,19:25,02h 25m,ECONOMY,S,5493.0,1507.0,7000.0,9,Available
20260911_141325,2026-09-11T14:14:54,EaseMyTrip,DEL-BOM,DEL,BOM,T+7,2026-09-18,Air India,AI-2927,09:30,12:00,02h 30m,ECONOMY,S,5493.0,1507.0,7000.0,9,Available
20260911_141325,2026-09-11T14:14:54,EaseMyTrip,DEL-BOM,DEL,BOM,T+7,2026-09-18,Air India,AI-2975,06:30,08:50,02h 20m,ECONOMY,T,5644.0,1515.0,7159.0,9,Available
20260911_141325,2026-09-11T14:14:54,EaseMyTrip,DEL-BOM,DEL,BOM,T+7,2026-09-18,Air India,AI-2941,16:30,18:50,02h 20m,ECONOMY,T,5644.0,1515.0,7159.0,9,Available
20260911_141325,2026-09-11T14:14:54,EaseMyTrip,DEL-BOM,DEL,BOM,T+7,2026-09-18,Air India,AI-1780,16:10,20:00,03h 50m,ECONOMY,T,5644.0,1515.0,7159.0,9,Available
20260911_141325,2026-09-11T14:14:54,EaseMyTrip,DEL-BOM,DEL,BOM,T+7,2026-09-18,IndiGo,6E-322,23:30,01:45,02h 15m,ECONOMY,R,5665.0,1495.0,7160.0,2,Available
20260911_141325,2026-09-11T14:14:54,EaseMyTrip,DEL-BOM,DEL,BOM,T+7,2026-09-18,IndiGo,6E-6114,22:45,01:05,02h 20m,ECONOMY,R,5665.0,1495.0,7160.0,14,Available
20260911_141325,2026-09-11T14:14:54,EaseMyTrip,DEL-BOM,DEL,BOM,T+7,2026-09-18,Air India Express,IX-1235,23:25,01:50,02h 25m,ECONOMY,E,5976.0,1537.0,7513.0,2,Available
20260911_141325,2026-09-11T14:14:54,EaseMyTrip,DEL-BOM,DEL,BOM,T+7,2026-09-18,Air India,AI-2429,07:00,09:25,02h 25m,ECONOMY,U,5844.0,1525.0,7369.0,9,Available
20260911_141325,2026-09-11T14:14:54,EaseMyTrip,DEL-BOM,DEL,BOM,T+7,2026-09-18,Air India,AI-2943,07:30,09:55,02h 25m,ECONOMY,U,5844.0,1525.0,7369.0,9,Available
20260911_141325,2026-09-11T14:14:54,EaseMyTrip,DEL-BOM,DEL,BOM,T+7,2026-09-18,Air India,AI-2439,23:00,01:25,02h 25m,ECONOMY,L,6093.0,1537.0,7630.0,9,Available
20260911_141325,2026-09-11T14:14:54,EaseMyTrip,DEL-BOM,DEL,BOM,T+7,2026-09-18,IndiGo,6E-6706,17:00,19:15,02h 15m,ECONOMY,R,6265.0,1525.0,7790.0,9,Available
20260911_141325,2026-09-11T14:14:54,EaseMyTrip,DEL-BOM,DEL,BOM,T+7,2026-09-18,Akasa Air,QP-1820,17:30,19:45,02h 15m,ECONOMY,Q4,7105.0,964.0,8069.0,9,Available
20260911_141325,2026-09-11T14:15:23,EaseMyTrip,DEL-BOM,DEL,BOM,T+15,2026-09-26,IndiGo,6E-324,13:00,15:10,02h 10m,ECONOMY,R,5065.0,1465.0,6530.0,10,Available
20260911_141325,2026-09-11T14:15:23,EaseMyTrip,DEL-BOM,DEL,BOM,T+15,2026-09-26,Akasa Air,QP-1110,10:30,12:45,02h 15m,ECONOMY,U1,5640.0,890.0,6530.0,9,Available
20260911_141325,2026-09-11T14:15:23,EaseMyTrip,DEL-BOM,DEL,BOM,T+15,2026-09-26,Akasa Air,QP-1820,17:30,19:45,02h 15m,ECONOMY,U1,5640.0,890.0,6530.0,9,Available
20260911_141325,2026-09-11T14:15:23,EaseMyTrip,DEL-BOM,DEL,BOM,T+15,2026-09-26,IndiGo,6E-322,23:30,01:45,02h 15m,ECONOMY,R,5065.0,1465.0,6530.0,8,Available
20260911_141325,2026-09-11T14:15:23,EaseMyTrip,DEL-BOM,DEL,BOM,T+15,2026-09-26,IndiGo,6E-329,18:00,20:15,02h 15m,ECONOMY,R,5065.0,1465.0,6530.0,8,Available
20260911_141325,2026-09-11T14:15:23,EaseMyTrip,DEL-BOM,DEL,BOM,T+15,2026-09-26,IndiGo,6E-6706,17:00,19:15,02h 15m,ECONOMY,R,5065.0,1465.0,6530.0,83,Available
20260911_141325,2026-09-11T14:15:23,EaseMyTrip,DEL-BOM,DEL,BOM,T+15,2026-09-26,IndiGo,6E-864,15:30,17:45,02h 15m,ECONOMY,R,5065.0,1465.0,6530.0,64,Available
20260911_141325,2026-09-11T14:15:23,EaseMyTrip,DEL-BOM,DEL,BOM,T+15,2026-09-26,IndiGo,6E-6318,14:45,17:00,02h 15m,ECONOMY,R,5065.0,1465.0,6530.0,92,Available
20260911_141325,2026-09-11T14:15:23,EaseMyTrip,DEL-BOM,DEL,BOM,T+15,2026-09-26,IndiGo,6E-675,08:45,11:00,02h 15m,ECONOMY,R,5065.0,1465.0,6530.0,62,Available
20260911_141325,2026-09-11T14:15:23,EaseMyTrip,DEL-BOM,DEL,BOM,T+15,2026-09-26,IndiGo,6E-6814,07:15,09:30,02h 15m,ECONOMY,R,5065.0,1465.0,6530.0,10,Available
20260911_141325,2026-09-11T14:15:23,EaseMyTrip,DEL-BOM,DEL,BOM,T+15,2026-09-26,IndiGo,6E-6047,11:00,13:15,02h 15m,ECONOMY,R,5065.0,1465.0,6530.0,4,Available
20260911_141325,2026-09-11T14:15:23,EaseMyTrip,DEL-BOM,DEL,BOM,T+15,2026-09-26,IndiGo,6E-6676,12:00,14:15,02h 15m,ECONOMY,R,5065.0,1465.0,6530.0,10,Available
20260911_141325,2026-09-11T14:15:23,EaseMyTrip,DEL-BOM,DEL,BOM,T+15,2026-09-26,Akasa Air,QP-1833,06:50,09:10,02h 20m,ECONOMY,U1,5640.0,890.0,6530.0,9,Available
20260911_141325,2026-09-11T14:15:23,EaseMyTrip,DEL-BOM,DEL,BOM,T+15,2026-09-26,Akasa Air,QP-1112,09:20,11:40,02h 20m,ECONOMY,U1,5640.0,890.0,6530.0,9,Available
20260911_141325,2026-09-11T14:15:23,EaseMyTrip,DEL-BOM,DEL,BOM,T+15,2026-09-26,Akasa Air,QP-1128,16:00,18:20,02h 20m,ECONOMY,U1,5640.0,890.0,6530.0,9,Available
20260911_141325,2026-09-11T14:15:23,EaseMyTrip,DEL-BOM,DEL,BOM,T+15,2026-09-26,IndiGo,6E-6114,22:45,01:05,02h 20m,ECONOMY,R,5065.0,1465.0,6530.0,8,Available
20260911_141325,2026-09-11T14:15:23,EaseMyTrip,DEL-BOM,DEL,BOM,T+15,2026-09-26,IndiGo,6E-327,16:15,18:35,02h 20m,ECONOMY,R,5065.0,1465.0,6530.0,82,Available
20260911_141325,2026-09-11T14:15:23,EaseMyTrip,DEL-BOM,DEL,BOM,T+15,2026-09-26,IndiGo,6E-320,08:00,10:20,02h 20m,ECONOMY,R,5065.0,1465.0,6530.0,10,Available
20260911_141325,2026-09-11T14:15:23,EaseMyTrip,DEL-BOM,DEL,BOM,T+15,2026-09-26,IndiGo,6E-6328,10:15,12:35,02h 20m,ECONOMY,R,5065.0,1465.0,6530.0,67,Available
20260911_141325,2026-09-11T14:15:23,EaseMyTrip,DEL-BOM,DEL,BOM,T+15,2026-09-26,Akasa Air,QP-1119,08:40,11:05,02h 25m,ECONOMY,U1,5640.0,890.0,6530.0,9,Available
20260911_141325,2026-09-11T14:15:23,EaseMyTrip,DEL-BOM,DEL,BOM,T+15,2026-09-26,Akasa Air,QP-1836,12:30,14:55,02h 25m,ECONOMY,U1,5640.0,890.0,6530.0,9,Available
20260911_141325,2026-09-11T14:15:23,EaseMyTrip,DEL-BOM,DEL,BOM,T+15,2026-09-26,Akasa Air,QP-1826,19:55,22:20,02h 25m,ECONOMY,U1,5640.0,890.0,6530.0,9,Available
20260911_141325,2026-09-11T14:15:23,EaseMyTrip,DEL-BOM,DEL,BOM,T+15,2026-09-26,IndiGo,6E-6022,14:00,16:25,02h 25m,ECONOMY,R,5065.0,1465.0,6530.0,91,Available
20260911_141325,2026-09-11T14:15:23,EaseMyTrip,DEL-BOM,DEL,BOM,T+15,2026-09-26,IndiGo,6E-6107,09:30,11:55,02h 25m,ECONOMY,R,5065.0,1465.0,6530.0,56,Available
20260911_141325,2026-09-11T14:15:23,EaseMyTrip,DEL-BOM,DEL,BOM,T+15,2026-09-26,IndiGo,6E-449,05:00,07:15,02h 15m,ECONOMY,R,5215.0,1473.0,6688.0,78,Available
20260911_141325,2026-09-11T14:15:23,EaseMyTrip,DEL-BOM,DEL,BOM,T+15,2026-09-26,IndiGo,6E-6218,06:05,08:20,02h 15m,ECONOMY,R,5215.0,1473.0,6688.0,2,Available
20260911_141325,2026-09-11T14:15:23,EaseMyTrip,DEL-BOM,DEL,BOM,T+15,2026-09-26,IndiGo,6E-395,21:45,00:05,02h 20m,ECONOMY,R,5215.0,1473.0,6688.0,98,Available
20260911_141325,2026-09-11T14:15:23,EaseMyTrip,DEL-BOM,DEL,BOM,T+15,2026-09-26,IndiGo,6E-354,19:00,21:25,02h 25m,ECONOMY,R,5215.0,1473.0,6688.0,9,Available
20260911_141325,2026-09-11T14:15:23,EaseMyTrip,DEL-BOM,DEL,BOM,T+15,2026-09-26,Air India,AI-2439,23:00,01:25,02h 25m,ECONOMY,S,5236.0,1494.0,6730.0,9,Available
20260911_141325,2026-09-11T14:15:23,EaseMyTrip,DEL-BOM,DEL,BOM,T+15,2026-09-26,IndiGo,6E-303,20:00,22:10,02h 10m,ECONOMY,R,5415.0,1483.0,6898.0,4,Available
20260911_141325,2026-09-11T14:15:23,EaseMyTrip,DEL-BOM,DEL,BOM,T+15,2026-09-26,Air India,AI-2678,08:30,10:45,02h 15m,ECONOMY,S,5493.0,1507.0,7000.0,9,Available
20260911_141325,2026-09-11T14:15:23,EaseMyTrip,DEL-BOM,DEL,BOM,T+15,2026-09-26,Air India,AI-2963,09:00,11:15,02h 15m,ECONOMY,S,5493.0,1507.0,7000.0,9,Available
20260911_141325,2026-09-11T14:15:23,EaseMyTrip,DEL-BOM,DEL,BOM,T+15,2026-09-26,Air India,AI-2425,10:30,12:50,02h 20m,ECONOMY,S,5493.0,1507.0,7000.0,9,Available
20260911_141325,2026-09-11T14:15:23,EaseMyTrip,DEL-BOM,DEL,BOM,T+15,2026-09-26,Air India,AI-2941,16:30,18:50,02h 20m,ECONOMY,S,5493.0,1507.0,7000.0,9,Available
20260911_141325,2026-09-11T14:15:23,EaseMyTrip,DEL-BOM,DEL,BOM,T+15,2026-09-26,Air India,AI-2981,21:00,23:20,02h 20m,ECONOMY,S,5493.0,1507.0,7000.0,9,Available
20260911_141325,2026-09-11T14:15:23,EaseMyTrip,DEL-BOM,DEL,BOM,T+15,2026-09-26,Air India,AI-1745,05:00,07:20,02h 20m,ECONOMY,T,5493.0,1507.0,7000.0,9,Available
20260911_141325,2026-09-11T14:15:23,EaseMyTrip,DEL-BOM,DEL,BOM,T+15,2026-09-26,Air India,AI-2429,07:00,09:25,02h 25m,ECONOMY,S,5493.0,1507.0,7000.0,9,Available
20260911_141325,2026-09-11T14:15:23,EaseMyTrip,DEL-BOM,DEL,BOM,T+15,2026-09-26,Air India,AI-2943,07:30,09:55,02h 25m,ECONOMY,S,5493.0,1507.0,7000.0,9,Available
20260911_141325,2026-09-11T14:15:23,EaseMyTrip,DEL-BOM,DEL,BOM,T+15,2026-09-26,Air India,AI-2995,10:00,12:25,02h 25m,ECONOMY,S,5493.0,1507.0,7000.0,9,Available
20260911_141325,2026-09-11T14:15:23,EaseMyTrip,DEL-BOM,DEL,BOM,T+15,2026-09-26,Air India,AI-2945,11:00,13:25,02h 25m,ECONOMY,S,5493.0,1507.0,7000.0,9,Available
20260911_141325,2026-09-11T14:15:23,EaseMyTrip,DEL-BOM,DEL,BOM,T+15,2026-09-26,Air India,AI-1785,12:00,14:25,02h 25m,ECONOMY,S,5493.0,1507.0,7000.0,9,Available
20260911_141325,2026-09-11T14:15:23,EaseMyTrip,DEL-BOM,DEL,BOM,T+15,2026-09-26,Air India,AI-2933,15:30,17:55,02h 25m,ECONOMY,S,5493.0,1507.0,7000.0,3,Available
20260911_141325,2026-09-11T14:15:23,EaseMyTrip,DEL-BOM,DEL,BOM,T+15,2026-09-26,Air India,AI-1777,16:00,18:25,02h 25m,ECONOMY,S,5493.0,1507.0,7000.0,9,Available
20260911_141325,2026-09-11T14:15:23,EaseMyTrip,DEL-BOM,DEL,BOM,T+15,2026-09-26,Air India,AI-441,17:00,19:25,02h 25m,ECONOMY,S,5493.0,1507.0,7000.0,9,Available
20260911_141325,2026-09-11T14:15:23,EaseMyTrip,DEL-BOM,DEL,BOM,T+15,2026-09-26,Air India,AI-2955,18:00,20:25,02h 25m,ECONOMY,S,5493.0,1507.0,7000.0,9,Available
20260911_141325,2026-09-11T14:15:23,EaseMyTrip,DEL-BOM,DEL,BOM,T+15,2026-09-26,Air India,AI-2927,09:30,12:00,02h 30m,ECONOMY,S,5493.0,1507.0,7000.0,9,Available
20260911_141325,2026-09-11T14:15:23,EaseMyTrip,DEL-BOM,DEL,BOM,T+15,2026-09-26,Air India,AI-1780,16:10,20:00,03h 50m,ECONOMY,S,5493.0,1507.0,7000.0,9,Available
20260911_141325,2026-09-11T14:15:23,EaseMyTrip,DEL-BOM,DEL,BOM,T+15,2026-09-26,Air India Express,IX-1235,23:25,01:50,02h 25m,ECONOMY,K,5649.0,1519.0,7168.0,2,Available
20260911_141325,2026-09-11T14:15:23,EaseMyTrip,DEL-BOM,DEL,BOM,T+15,2026-09-26,Air India,AI-2977,19:00,21:25,02h 25m,ECONOMY,T,5644.0,1515.0,7159.0,9,Available
20260911_141325,2026-09-11T14:15:23,EaseMyTrip,DEL-BOM,DEL,BOM,T+15,2026-09-26,Air India,AI-2985,19:30,21:55,02h 25m,ECONOMY,T,5644.0,1515.0,7159.0,9,Available
20260911_141325,2026-09-11T14:15:23,EaseMyTrip,DEL-BOM,DEL,BOM,T+15,2026-09-26,Air India,AI-2433,21:30,23:55,02h 25m,ECONOMY,T,5644.0,1515.0,7159.0,2,Available
20260911_141325,2026-09-11T14:15:23,EaseMyTrip,DEL-BOM,DEL,BOM,T+15,2026-09-26,Air India,AI-2957,20:30,23:05,02h 35m,ECONOMY,T,5644.0,1515.0,7159.0,9,Available
20260911_141325,2026-09-11T14:15:23,EaseMyTrip,DEL-BOM,DEL,BOM,T+15,2026-09-26,Air India,AI-2975,06:30,08:50,02h 20m,ECONOMY,U,5844.0,1525.0,7369.0,9,Available
20260911_141325,2026-09-11T14:15:53,EaseMyTrip,DEL-BLR,DEL,BLR,T+1,2026-09-12,IndiGo,6E-846,22:00,00:55,02h 55m,ECONOMY,R,6998.0,1831.0,8829.0,33,Available
20260911_141325,2026-09-11T14:15:53,EaseMyTrip,DEL-BLR,DEL,BLR,T+1,2026-09-12,IndiGo,6E-6515,20:45,23:40,02h 55m,ECONOMY,R,6998.0,1831.0,8829.0,35,Available
20260911_141325,2026-09-11T14:15:53,EaseMyTrip,DEL-BLR,DEL,BLR,T+1,2026-09-12,IndiGo,6E-861,19:30,22:25,02h 55m,ECONOMY,R,6998.0,1831.0,8829.0,13,Available
20260911_141325,2026-09-11T14:15:53,EaseMyTrip,DEL-BLR,DEL,BLR,T+1,2026-09-12,IndiGo,6E-811,18:20,21:10,02h 50m,ECONOMY,R,7433.0,1853.0,9286.0,18,Available
20260911_141325,2026-09-11T14:15:53,EaseMyTrip,DEL-BLR,DEL,BLR,T+1,2026-09-12,IndiGo,6E-873,08:20,11:10,02h 50m,ECONOMY,R,7433.0,1853.0,9286.0,10,Available
20260911_141325,2026-09-11T14:15:53,EaseMyTrip,DEL-BLR,DEL,BLR,T+1,2026-09-12,IndiGo,6E-880,15:45,18:40,02h 55m,ECONOMY,R,7433.0,1853.0,9286.0,10,Available
20260911_141325,2026-09-11T14:15:53,EaseMyTrip,DEL-BLR,DEL,BLR,T+1,2026-09-12,IndiGo,6E-837,17:00,19:55,02h 55m,ECONOMY,R,7433.0,1853.0,9286.0,15,Available
20260911_141325,2026-09-11T14:15:53,EaseMyTrip,DEL-BLR,DEL,BLR,T+1,2026-09-12,IndiGo,6E-810,07:05,10:00,02h 55m,ECONOMY,R,7433.0,1853.0,9286.0,15,Available
20260911_141325,2026-09-11T14:15:53,EaseMyTrip,DEL-BLR,DEL,BLR,T+1,2026-09-12,IndiGo,6E-2314,05:45,08:40,02h 55m,ECONOMY,R,7433.0,1853.0,9286.0,5,Available
20260911_141325,2026-09-11T14:15:53,EaseMyTrip,DEL-BLR,DEL,BLR,T+1,2026-09-12,Air India,AI-2817,16:30,19:15,02h 45m,ECONOMY,T,7427.0,1873.0,9300.0,9,Available
20260911_141325,2026-09-11T14:15:53,EaseMyTrip,DEL-BLR,DEL,BLR,T+1,2026-09-12,Air India,AI-2653,04:30,07:20,02h 50m,ECONOMY,T,7427.0,1873.0,9300.0,9,Available
20260911_141325,2026-09-11T14:15:53,EaseMyTrip,DEL-BLR,DEL,BLR,T+1,2026-09-12,Air India,AI-427,08:30,11:20,02h 50m,ECONOMY,T,7427.0,1873.0,9300.0,9,Available
20260911_141325,2026-09-11T14:15:53,EaseMyTrip,DEL-BLR,DEL,BLR,T+1,2026-09-12,Air India,AI-2809,19:30,22:20,02h 50m,ECONOMY,T,7427.0,1873.0,9300.0,9,Available
20260911_141325,2026-09-11T14:15:53,EaseMyTrip,DEL-BLR,DEL,BLR,T+1,2026-09-12,Air India,AI-2409,06:00,08:55,02h 55m,ECONOMY,T,7427.0,1873.0,9300.0,9,Available
20260911_141325,2026-09-11T14:15:53,EaseMyTrip,DEL-BLR,DEL,BLR,T+1,2026-09-12,Air India,AI-2803,06:30,09:25,02h 55m,ECONOMY,T,7427.0,1873.0,9300.0,9,Available
20260911_141325,2026-09-11T14:15:53,EaseMyTrip,DEL-BLR,DEL,BLR,T+1,2026-09-12,Air India,AI-2815,07:00,09:55,02h 55m,ECONOMY,T,7427.0,1873.0,9300.0,9,Available
20260911_141325,2026-09-11T14:15:53,EaseMyTrip,DEL-BLR,DEL,BLR,T+1,2026-09-12,Air India,AI-2819,15:00,17:55,02h 55m,ECONOMY,T,7427.0,1873.0,9300.0,9,Available
20260911_141325,2026-09-11T14:15:53,EaseMyTrip,DEL-BLR,DEL,BLR,T+1,2026-09-12,Air India,AI-2664,15:50,18:45,02h 55m,ECONOMY,T,7427.0,1873.0,9300.0,9,Available
20260911_141325,2026-09-11T14:15:53,EaseMyTrip,DEL-BLR,DEL,BLR,T+1,2026-09-12,Air India,AI-2487,18:30,21:25,02h 55m,ECONOMY,T,7427.0,1873.0,9300.0,9,Available
20260911_141325,2026-09-11T14:15:53,EaseMyTrip,DEL-BLR,DEL,BLR,T+1,2026-09-12,Air India,AI-2512,19:00,21:55,02h 55m,ECONOMY,T,7427.0,1873.0,9300.0,9,Available
20260911_141325,2026-09-11T14:15:53,EaseMyTrip,DEL-BLR,DEL,BLR,T+1,2026-09-12,Akasa Air,QP-1822,16:40,19:40,03h 00m,ECONOMY,T4,8249.0,1079.0,9328.0,9,Available
20260911_141325,2026-09-11T14:15:53,EaseMyTrip,DEL-BLR,DEL,BLR,T+1,2026-09-12,Air India Express,IX-1070,18:20,21:15,02h 55m,ECONOMY,K,7695.0,1890.0,9585.0,9,Available
20260911_141325,2026-09-11T14:15:53,EaseMyTrip,DEL-BLR,DEL,BLR,T+1,2026-09-12,Air India,AI-2412,21:30,00:25,02h 55m,ECONOMY,U,7862.0,1894.0,9756.0,4,Available
20260911_141325,2026-09-11T14:15:53,EaseMyTrip,DEL-BLR,DEL,BLR,T+1,2026-09-12,IndiGo,6E-820,03:00,05:55,02h 55m,ECONOMY,R,7895.0,1876.0,9771.0,4,Available
20260911_141325,2026-09-11T14:15:53,EaseMyTrip,DEL-BLR,DEL,BLR,T+1,2026-09-12,IndiGo,6E-828,14:30,17:25,02h 55m,ECONOMY,R,7895.0,1876.0,9771.0,15,Available
20260911_141325,2026-09-11T14:15:53,EaseMyTrip,DEL-BLR,DEL,BLR,T+1,2026-09-12,IndiGo,6E-842,10:45,13:40,02h 55m,ECONOMY,R,7895.0,1876.0,9771.0,12,Available
20260911_141325,2026-09-11T14:15:53,EaseMyTrip,DEL-BLR,DEL,BLR,T+1,2026-09-12,IndiGo,6E-826,09:30,12:25,02h 55m,ECONOMY,R,7895.0,1876.0,9771.0,15,Available
20260911_141325,2026-09-11T14:15:53,EaseMyTrip,DEL-BLR,DEL,BLR,T+1,2026-09-12,IndiGo,6E-176,13:15,16:10,02h 55m,ECONOMY,R,7895.0,1876.0,9771.0,16,Available
20260911_141325,2026-09-11T14:15:53,EaseMyTrip,DEL-BLR,DEL,BLR,T+1,2026-09-12,IndiGo,6E-850,12:20,15:20,03h 00m,ECONOMY,R,7895.0,1876.0,9771.0,13,Available
20260911_141325,2026-09-11T14:15:53,EaseMyTrip,DEL-BLR,DEL,BLR,T+1,2026-09-12,Air India,AI-2757,00:15,03:10,02h 55m,ECONOMY,L,8181.0,1910.0,10091.0,1,Available
20260911_141325,2026-09-11T14:15:53,EaseMyTrip,DEL-BLR,DEL,BLR,T+1,2026-09-12,Air India,AI-2415,09:30,12:25,02h 55m,ECONOMY,L,8324.0,1918.0,10242.0,9,Available
20260911_141325,2026-09-11T14:16:31,EaseMyTrip,DEL-BLR,DEL,BLR,T+7,2026-09-18,Akasa Air,QP-1812,22:55,01:45,02h 50m,ECONOMY,U2,7774.0,1055.0,8829.0,9,Available
20260911_141325,2026-09-11T14:16:31,EaseMyTrip,DEL-BLR,DEL,BLR,T+7,2026-09-18,Akasa Air,QP-1350,21:55,00:50,02h 55m,ECONOMY,U2,7774.0,1055.0,8829.0,9,Available
20260911_141325,2026-09-11T14:16:31,EaseMyTrip,DEL-BLR,DEL,BLR,T+7,2026-09-18,IndiGo,6E-820,03:00,05:55,02h 55m,ECONOMY,R,6998.0,1831.0,8829.0,94,Available
20260911_141325,2026-09-11T14:16:31,EaseMyTrip,DEL-BLR,DEL,BLR,T+7,2026-09-18,IndiGo,6E-871,23:30,02:25,02h 55m,ECONOMY,R,6998.0,1831.0,8829.0,108,Available
20260911_141325,2026-09-11T14:16:31,EaseMyTrip,DEL-BLR,DEL,BLR,T+7,2026-09-18,IndiGo,6E-846,22:00,00:55,02h 55m,ECONOMY,R,6998.0,1831.0,8829.0,42,Available
20260911_141325,2026-09-11T14:16:31,EaseMyTrip,DEL-BLR,DEL,BLR,T+7,2026-09-18,IndiGo,6E-842,10:45,13:40,02h 55m,ECONOMY,R,6998.0,1831.0,8829.0,41,Available
20260911_141325,2026-09-11T14:16:31,EaseMyTrip,DEL-BLR,DEL,BLR,T+7,2026-09-18,IndiGo,6E-826,09:30,12:25,02h 55m,ECONOMY,R,6998.0,1831.0,8829.0,44,Available
20260911_141325,2026-09-11T14:16:31,EaseMyTrip,DEL-BLR,DEL,BLR,T+7,2026-09-18,IndiGo,6E-810,07:05,10:00,02h 55m,ECONOMY,R,6998.0,1831.0,8829.0,67,Available
20260911_141325,2026-09-11T14:16:31,EaseMyTrip,DEL-BLR,DEL,BLR,T+7,2026-09-18,IndiGo,6E-2314,05:45,08:40,02h 55m,ECONOMY,R,6998.0,1831.0,8829.0,77,Available
20260911_141325,2026-09-11T14:16:31,EaseMyTrip,DEL-BLR,DEL,BLR,T+7,2026-09-18,IndiGo,6E-850,12:20,15:20,03h 00m,ECONOMY,R,6998.0,1831.0,8829.0,36,Available
20260911_141325,2026-09-11T14:16:31,EaseMyTrip,DEL-BLR,DEL,BLR,T+7,2026-09-18,Air India,AI-2757,00:15,03:10,02h 55m,ECONOMY,T,7284.0,1866.0,9150.0,9,Available
20260911_141325,2026-09-11T14:16:31,EaseMyTrip,DEL-BLR,DEL,BLR,T+7,2026-09-18,Air India Express,IX-5975,21:00,23:55,02h 55m,ECONOMY,W,7409.0,1876.0,9285.0,2,Available
20260911_141325,2026-09-11T14:16:31,EaseMyTrip,DEL-BLR,DEL,BLR,T+7,2026-09-18,IndiGo,6E-873,08:20,11:10,02h 50m,ECONOMY,R,7433.0,1853.0,9286.0,31,Available
20260911_141325,2026-09-11T14:16:31,EaseMyTrip,DEL-BLR,DEL,BLR,T+7,2026-09-18,IndiGo,6E-6515,20:45,23:40,02h 55m,ECONOMY,R,7433.0,1853.0,9286.0,42,Available
20260911_141325,2026-09-11T14:16:31,EaseMyTrip,DEL-BLR,DEL,BLR,T+7,2026-09-18,IndiGo,6E-880,15:45,18:40,02h 55m,ECONOMY,R,7433.0,1853.0,9286.0,36,Available
20260911_141325,2026-09-11T14:16:31,EaseMyTrip,DEL-BLR,DEL,BLR,T+7,2026-09-18,IndiGo,6E-828,14:30,17:25,02h 55m,ECONOMY,R,7433.0,1853.0,9286.0,40,Available
20260911_141325,2026-09-11T14:16:31,EaseMyTrip,DEL-BLR,DEL,BLR,T+7,2026-09-18,IndiGo,6E-837,17:00,19:55,02h 55m,ECONOMY,R,7433.0,1853.0,9286.0,19,Available
20260911_141325,2026-09-11T14:16:31,EaseMyTrip,DEL-BLR,DEL,BLR,T+7,2026-09-18,IndiGo,6E-176,13:15,16:10,02h 55m,ECONOMY,R,7433.0,1853.0,9286.0,34,Available
20260911_141325,2026-09-11T14:16:31,EaseMyTrip,DEL-BLR,DEL,BLR,T+7,2026-09-18,Air India,AI-2653,04:30,07:20,02h 50m,ECONOMY,T,7427.0,1873.0,9300.0,9,Available
20260911_141325,2026-09-11T14:16:31,EaseMyTrip,DEL-BLR,DEL,BLR,T+7,2026-09-18,Air India,AI-427,08:30,11:20,02h 50m,ECONOMY,T,7427.0,1873.0,9300.0,9,Available
20260911_141325,2026-09-11T14:16:31,EaseMyTrip,DEL-BLR,DEL,BLR,T+7,2026-09-18,Air India,AI-2409,06:00,08:55,02h 55m,ECONOMY,T,7427.0,1873.0,9300.0,9,Available
20260911_141325,2026-09-11T14:16:31,EaseMyTrip,DEL-BLR,DEL,BLR,T+7,2026-09-18,Air India,AI-2803,06:30,09:25,02h 55m,ECONOMY,T,7427.0,1873.0,9300.0,9,Available
20260911_141325,2026-09-11T14:16:31,EaseMyTrip,DEL-BLR,DEL,BLR,T+7,2026-09-18,Air India,AI-2815,07:00,09:55,02h 55m,ECONOMY,T,7427.0,1873.0,9300.0,9,Available
20260911_141325,2026-09-11T14:16:31,EaseMyTrip,DEL-BLR,DEL,BLR,T+7,2026-09-18,Air India,AI-2485,10:30,13:20,02h 50m,ECONOMY,U,7862.0,1894.0,9756.0,9,Available
20260911_141325,2026-09-11T14:16:31,EaseMyTrip,DEL-BLR,DEL,BLR,T+7,2026-09-18,Air India,AI-2415,09:30,12:25,02h 55m,ECONOMY,U,7862.0,1894.0,9756.0,9,Available
20260911_141325,2026-09-11T14:16:31,EaseMyTrip,DEL-BLR,DEL,BLR,T+7,2026-09-18,IndiGo,6E-861,19:30,22:25,02h 55m,ECONOMY,R,7895.0,1876.0,9771.0,14,Available
20260911_141325,2026-09-11T14:16:31,EaseMyTrip,DEL-BLR,DEL,BLR,T+7,2026-09-18,Akasa Air,QP-1822,16:40,19:40,03h 00m,ECONOMY,T1,8754.0,1105.0,9859.0,9,Available
20260911_141325,2026-09-11T14:16:31,EaseMyTrip,DEL-BLR,DEL,BLR,T+7,2026-09-18,Air India Express,IX-1070,18:20,21:15,02h 55m,ECONOMY,E,8028.0,1908.0,9936.0,5,Available
20260911_141325,2026-09-11T14:16:31,EaseMyTrip,DEL-BLR,DEL,BLR,T+7,2026-09-18,Akasa Air,QP-1308,20:55,23:50,02h 55m,ECONOMY,T0,8929.0,1113.0,10042.0,9,Available
20260911_141325,2026-09-11T14:16:31,EaseMyTrip,DEL-BLR,DEL,BLR,T+7,2026-09-18,Air India,AI-2664,15:50,18:45,02h 55m,ECONOMY,L,8324.0,1918.0,10242.0,9,Available
20260911_141325,2026-09-11T14:16:31,EaseMyTrip,DEL-BLR,DEL,BLR,T+7,2026-09-18,IndiGo,6E-811,18:20,21:10,02h 50m,ECONOMY,R,8385.0,1900.0,10285.0,27,Available
20260911_141325,2026-09-11T14:16:31,EaseMyTrip,DEL-BLR,DEL,BLR,T+7,2026-09-18,Air India,AI-2819,15:00,17:55,02h 55m,ECONOMY,L,8491.0,1926.0,10417.0,9,Available
20260911_141325,2026-09-11T14:16:31,EaseMyTrip,DEL-BLR,DEL,BLR,T+7,2026-09-18,Air India,AI-2412,21:30,00:25,02h 55m,ECONOMY,L,8574.0,1930.0,10504.0,9,Available
20260911_141325,2026-09-11T14:16:31,EaseMyTrip,DEL-BLR,DEL,BLR,T+7,2026-09-18,Akasa Air,QP-1824,20:10,23:10,03h 00m,ECONOMY,R2,9476.0,1141.0,10617.0,9,Available
20260911_141325,2026-09-11T14:16:31,EaseMyTrip,DEL-BLR,DEL,BLR,T+7,2026-09-18,Air India,AI-2417,13:00,15:55,02h 55m,ECONOMY,G,8990.0,1951.0,10941.0,1,Available
20260911_141325,2026-09-11T14:16:31,EaseMyTrip,DEL-BLR,DEL,BLR,T+7,2026-09-18,Air India,AI-2817,16:30,19:15,02h 45m,ECONOMY,W,9334.0,1968.0,11302.0,5,Available
20260911_141325,2026-09-11T14:16:31,EaseMyTrip,DEL-BLR,DEL,BLR,T+7,2026-09-18,Air India,AI-2809,19:30,22:20,02h 50m,ECONOMY,W,9521.0,1977.0,11498.0,9,Available
20260911_141325,2026-09-11T14:16:31,EaseMyTrip,DEL-BLR,DEL,BLR,T+7,2026-09-18,Air India,AI-2512,19:00,21:55,02h 55m,ECONOMY,V,9889.0,1996.0,11885.0,9,Available
20260911_141325,2026-09-11T14:17:10,EaseMyTrip,DEL-BLR,DEL,BLR,T+15,2026-09-26,Akasa Air,QP-1812,22:55,01:45,02h 50m,ECONOMY,U2,7774.0,1055.0,8829.0,9,Available
20260911_141325,2026-09-11T14:17:10,EaseMyTrip,DEL-BLR,DEL,BLR,T+15,2026-09-26,Akasa Air,QP-1308,20:55,23:50,02h 55m,ECONOMY,U2,7774.0,1055.0,8829.0,9,Available
20260911_141325,2026-09-11T14:17:10,EaseMyTrip,DEL-BLR,DEL,BLR,T+15,2026-09-26,Akasa Air,QP-1350,21:55,00:50,02h 55m,ECONOMY,U2,7774.0,1055.0,8829.0,9,Available
20260911_141325,2026-09-11T14:17:10,EaseMyTrip,DEL-BLR,DEL,BLR,T+15,2026-09-26,IndiGo,6E-6515,20:45,23:40,02h 55m,ECONOMY,R,6998.0,1831.0,8829.0,10,Available
20260911_141325,2026-09-11T14:17:10,EaseMyTrip,DEL-BLR,DEL,BLR,T+15,2026-09-26,IndiGo,6E-2314,05:45,08:40,02h 55m,ECONOMY,R,6998.0,1831.0,8829.0,22,Available
20260911_141325,2026-09-11T14:17:10,EaseMyTrip,DEL-BLR,DEL,BLR,T+15,2026-09-26,Akasa Air,QP-1824,20:10,23:10,03h 00m,ECONOMY,U2,7774.0,1055.0,8829.0,9,Available
20260911_141325,2026-09-11T14:17:10,EaseMyTrip,DEL-BLR,DEL,BLR,T+15,2026-09-26,Air India Express,IX-1070,18:20,21:15,02h 55m,ECONOMY,H,7164.0,1864.0,9028.0,5,Available
20260911_141325,2026-09-11T14:17:10,EaseMyTrip,DEL-BLR,DEL,BLR,T+15,2026-09-26,IndiGo,6E-811,18:20,21:10,02h 50m,ECONOMY,R,7433.0,1853.0,9286.0,2,Available
20260911_141325,2026-09-11T14:17:10,EaseMyTrip,DEL-BLR,DEL,BLR,T+15,2026-09-26,IndiGo,6E-820,03:00,05:55,02h 55m,ECONOMY,R,7433.0,1853.0,9286.0,14,Available
20260911_141325,2026-09-11T14:17:10,EaseMyTrip,DEL-BLR,DEL,BLR,T+15,2026-09-26,IndiGo,6E-846,22:00,00:55,02h 55m,ECONOMY,R,7433.0,1853.0,9286.0,5,Available
20260911_141325,2026-09-11T14:17:10,EaseMyTrip,DEL-BLR,DEL,BLR,T+15,2026-09-26,IndiGo,6E-810,07:05,10:00,02h 55m,ECONOMY,R,7433.0,1853.0,9286.0,2,Available
20260911_141325,2026-09-11T14:17:10,EaseMyTrip,DEL-BLR,DEL,BLR,T+15,2026-09-26,Air India,AI-2409,06:00,08:55,02h 55m,ECONOMY,T,7427.0,1873.0,9300.0,9,Available
20260911_141325,2026-09-11T14:17:10,EaseMyTrip,DEL-BLR,DEL,BLR,T+15,2026-09-26,Air India,AI-2803,06:30,09:25,02h 55m,ECONOMY,T,7427.0,1873.0,9300.0,9,Available
20260911_141325,2026-09-11T14:17:10,EaseMyTrip,DEL-BLR,DEL,BLR,T+15,2026-09-26,Air India,AI-2815,07:00,09:55,02h 55m,ECONOMY,T,7427.0,1873.0,9300.0,9,Available
20260911_141325,2026-09-11T14:17:10,EaseMyTrip,DEL-BLR,DEL,BLR,T+15,2026-09-26,Air India,AI-2757,00:15,03:10,02h 55m,ECONOMY,U,7719.0,1887.0,9606.0,9,Available
20260911_141325,2026-09-11T14:17:10,EaseMyTrip,DEL-BLR,DEL,BLR,T+15,2026-09-26,Akasa Air,QP-1822,16:40,19:40,03h 00m,ECONOMY,T2,8583.0,1097.0,9680.0,9,Available
20260911_141325,2026-09-11T14:17:10,EaseMyTrip,DEL-BLR,DEL,BLR,T+15,2026-09-26,Air India,AI-2653,04:30,07:20,02h 50m,ECONOMY,U,7862.0,1894.0,9756.0,9,Available
20260911_141325,2026-09-11T14:17:10,EaseMyTrip,DEL-BLR,DEL,BLR,T+15,2026-09-26,Air India,AI-2487,18:30,21:25,02h 55m,ECONOMY,U,7862.0,1894.0,9756.0,9,Available
20260911_141325,2026-09-11T14:17:10,EaseMyTrip,DEL-BLR,DEL,BLR,T+15,2026-09-26,Air India,AI-2512,19:00,21:55,02h 55m,ECONOMY,U,7862.0,1894.0,9756.0,9,Available
20260911_141325,2026-09-11T14:17:10,EaseMyTrip,DEL-BLR,DEL,BLR,T+15,2026-09-26,Air India,AI-2412,21:30,00:25,02h 55m,ECONOMY,U,7862.0,1894.0,9756.0,1,Available
20260911_141325,2026-09-11T14:17:10,EaseMyTrip,DEL-BLR,DEL,BLR,T+15,2026-09-26,IndiGo,6E-873,08:20,11:10,02h 50m,ECONOMY,R,7895.0,1876.0,9771.0,7,Available
20260911_141325,2026-09-11T14:17:10,EaseMyTrip,DEL-BLR,DEL,BLR,T+15,2026-09-26,IndiGo,6E-861,19:30,22:25,02h 55m,ECONOMY,R,7895.0,1876.0,9771.0,10,Available
20260911_141325,2026-09-11T14:17:10,EaseMyTrip,DEL-BLR,DEL,BLR,T+15,2026-09-26,IndiGo,6E-880,15:45,18:40,02h 55m,ECONOMY,R,7895.0,1876.0,9771.0,9,Available
20260911_141325,2026-09-11T14:17:10,EaseMyTrip,DEL-BLR,DEL,BLR,T+15,2026-09-26,IndiGo,6E-826,09:30,12:25,02h 55m,ECONOMY,R,7895.0,1876.0,9771.0,9,Available
20260911_141325,2026-09-11T14:17:10,EaseMyTrip,DEL-BLR,DEL,BLR,T+15,2026-09-26,Air India,AI-2817,16:30,19:15,02h 45m,ECONOMY,L,8324.0,1918.0,10242.0,9,Available
20260911_141325,2026-09-11T14:17:10,EaseMyTrip,DEL-BLR,DEL,BLR,T+15,2026-09-26,Air India,AI-2809,19:30,22:20,02h 50m,ECONOMY,L,8324.0,1918.0,10242.0,9,Available
20260911_141325,2026-09-11T14:17:10,EaseMyTrip,DEL-BLR,DEL,BLR,T+15,2026-09-26,Air India,AI-2415,09:30,12:25,02h 55m,ECONOMY,L,8324.0,1918.0,10242.0,9,Available
20260911_141325,2026-09-11T14:17:10,EaseMyTrip,DEL-BLR,DEL,BLR,T+15,2026-09-26,Air India,AI-2664,15:50,18:45,02h 55m,ECONOMY,L,8324.0,1918.0,10242.0,9,Available
20260911_141325,2026-09-11T14:17:10,EaseMyTrip,DEL-BLR,DEL,BLR,T+15,2026-09-26,IndiGo,6E-828,14:30,17:25,02h 55m,ECONOMY,R,8385.0,1900.0,10285.0,9,Available
20260911_141325,2026-09-11T14:17:10,EaseMyTrip,DEL-BLR,DEL,BLR,T+15,2026-09-26,IndiGo,6E-837,17:00,19:55,02h 55m,ECONOMY,R,8385.0,1900.0,10285.0,7,Available
20260911_141325,2026-09-11T14:17:10,EaseMyTrip,DEL-BLR,DEL,BLR,T+15,2026-09-26,IndiGo,6E-176,13:15,16:10,02h 55m,ECONOMY,R,8385.0,1900.0,10285.0,4,Available
20260911_141325,2026-09-11T14:17:10,EaseMyTrip,DEL-BLR,DEL,BLR,T+15,2026-09-26,Air India,AI-427,08:30,11:20,02h 50m,ECONOMY,L,8491.0,1926.0,10417.0,9,Available
20260911_141325,2026-09-11T14:17:10,EaseMyTrip,DEL-BLR,DEL,BLR,T+15,2026-09-26,Air India,AI-2819,15:00,17:55,02h 55m,ECONOMY,L,8491.0,1926.0,10417.0,9,Available
20260911_141325,2026-09-11T14:17:10,EaseMyTrip,DEL-BLR,DEL,BLR,T+15,2026-09-26,Air India,AI-2485,10:30,13:20,02h 50m,ECONOMY,L,8657.0,1934.0,10591.0,9,Available
20260911_141325,2026-09-11T14:17:10,EaseMyTrip,DEL-BLR,DEL,BLR,T+15,2026-09-26,IndiGo,6E-842,10:45,13:40,02h 55m,ECONOMY,R,8906.0,1926.0,10832.0,1,Available
20260911_141325,2026-09-11T14:17:10,EaseMyTrip,DEL-BLR,DEL,BLR,T+15,2026-09-26,IndiGo,6E-850,12:20,15:20,03h 00m,ECONOMY,R,8906.0,1926.0,10832.0,10,Available
20260911_141325,2026-09-11T14:18:00,EaseMyTrip,BOM-BLR,BOM,BLR,T+1,2026-09-12,Akasa Air,QP-1518,21:45,23:45,02h 00m,ECONOMY,Q2,7056.0,1074.0,8130.0,7,Available
20260911_141325,2026-09-11T14:18:00,EaseMyTrip,BOM-BLR,BOM,BLR,T+1,2026-09-12,IndiGo,6E-6188,21:30,23:25,01h 55m,ECONOMY,R,7563.0,1494.0,9057.0,2,Available
20260911_141325,2026-09-11T14:18:00,EaseMyTrip,BOM-BLR,BOM,BLR,T+1,2026-09-12,IndiGo,6E-5388,22:20,00:20,02h 00m,ECONOMY,R,7563.0,1494.0,9057.0,1,Available
20260911_141325,2026-09-11T14:18:00,EaseMyTrip,BOM-BLR,BOM,BLR,T+1,2026-09-12,Air India,AI-2641,18:30,20:35,02h 05m,ECONOMY,Q,7635.0,1571.0,9206.0,9,Available
20260911_141325,2026-09-11T14:18:00,EaseMyTrip,BOM-BLR,BOM,BLR,T+1,2026-09-12,Air India,AI-2401,20:45,22:45,02h 00m,ECONOMY,K,9100.0,1644.0,10744.0,4,Available
20260911_141325,2026-09-11T14:18:00,EaseMyTrip,BOM-BLR,BOM,BLR,T+1,2026-09-12,Air India,AI-2865,19:45,21:50,02h 05m,ECONOMY,K,9100.0,1644.0,10744.0,9,Available
20260911_141325,2026-09-11T14:18:00,EaseMyTrip,BOM-BLR,BOM,BLR,T+1,2026-09-12,Air India,AI-2849,17:30,19:35,02h 05m,ECONOMY,K,9464.0,1662.0,11126.0,9,Available
20260911_141325,2026-09-11T14:18:00,EaseMyTrip,BOM-BLR,BOM,BLR,T+1,2026-09-12,Akasa Air,QP-1382,18:25,20:20,01h 55m,ECONOMY,O4,10096.0,1226.0,11322.0,8,Available
20260911_141325,2026-09-11T14:18:00,EaseMyTrip,BOM-BLR,BOM,BLR,T+1,2026-09-12,IndiGo,6E-5047,18:30,20:25,01h 55m,ECONOMY,R,9763.0,1604.0,11367.0,3,Available
20260911_141325,2026-09-11T14:18:00,EaseMyTrip,BOM-BLR,BOM,BLR,T+1,2026-09-12,IndiGo,6E-5071,15:35,17:25,01h 50m,ECONOMY,R,10463.0,1639.0,12102.0,2,Available
20260911_141325,2026-09-11T14:18:00,EaseMyTrip,BOM-BLR,BOM,BLR,T+1,2026-09-12,IndiGo,6E-5221,17:00,18:55,01h 55m,ECONOMY,R,10463.0,1639.0,12102.0,4,Available
20260911_141325,2026-09-11T14:18:00,EaseMyTrip,BOM-BLR,BOM,BLR,T+1,2026-09-12,Air India,AI-2857,23:30,01:35,02h 05m,ECONOMY,H,10900.0,1734.0,12634.0,2,Available
20260911_141325,2026-09-11T14:18:00,EaseMyTrip,BOM-BLR,BOM,BLR,T+1,2026-09-12,Air India,AI-2853,15:25,17:35,02h 10m,ECONOMY,H,11118.0,1745.0,12863.0,1,Available
20260911_141325,2026-09-11T14:18:00,EaseMyTrip,BOM-BLR,BOM,BLR,T+1,2026-09-12,Akasa Air,QP-1133,19:40,21:45,02h 05m,ECONOMY,N4,12630.0,1354.0,13984.0,8,Available
20260911_141325,2026-09-11T14:18:00,EaseMyTrip,BOM-BLR,BOM,BLR,T+1,2026-09-12,IndiGo,6E-5382,14:30,16:25,01h 55m,ECONOMY,R,12763.0,1754.0,14517.0,8,Available
20260911_141325,2026-09-11T14:18:00,EaseMyTrip,BOM-BLR,BOM,BLR,T+1,2026-09-12,IndiGo,6E-5184,12:30,14:25,01h 55m,ECONOMY,R,12763.0,1754.0,14517.0,10,Available
20260911_141325,2026-09-11T14:18:00,EaseMyTrip,BOM-BLR,BOM,BLR,T+1,2026-09-12,IndiGo,6E-5217,11:00,12:55,01h 55m,ECONOMY,R,12763.0,1754.0,14517.0,1,Available
20260911_141325,2026-09-11T14:18:00,EaseMyTrip,BOM-BLR,BOM,BLR,T+1,2026-09-12,Air India,AI-2603,06:35,08:35,02h 00m,ECONOMY,M,12700.0,1824.0,14524.0,1,Available
20260911_141325,2026-09-11T14:18:00,EaseMyTrip,BOM-BLR,BOM,BLR,T+1,2026-09-12,Akasa Air,QP-1527,07:35,09:35,02h 00m,ECONOMY,N3,13209.0,1382.0,14591.0,7,Available
20260911_141325,2026-09-11T14:18:00,EaseMyTrip,BOM-BLR,BOM,BLR,T+1,2026-09-12,IndiGo,6E-5294,04:30,06:25,01h 55m,ECONOMY,R,13646.0,1798.0,15444.0,3,Available
20260911_141325,2026-09-11T14:18:00,EaseMyTrip,BOM-BLR,BOM,BLR,T+1,2026-09-12,IndiGo,6E-5296,06:30,08:25,01h 55m,ECONOMY,R,13763.0,1804.0,15567.0,3,Available
20260911_141325,2026-09-11T14:18:00,EaseMyTrip,BOM-BLR,BOM,BLR,T+1,2026-09-12,IndiGo,6E-5092,09:50,11:55,02h 05m,ECONOMY,R,13763.0,1804.0,15567.0,1,Available
20260911_141325,2026-09-11T14:18:00,EaseMyTrip,BOM-BLR,BOM,BLR,T+1,2026-09-12,Akasa Air,QP-1516,00:35,02:25,01h 50m,ECONOMY,N1,14446.0,1444.0,15890.0,9,Available
20260911_141325,2026-09-11T14:18:00,EaseMyTrip,BOM-BLR,BOM,BLR,T+1,2026-09-12,IndiGo,6E-5193,08:05,09:55,01h 50m,ECONOMY,R,14963.0,1864.0,16827.0,4,Available
20260911_141325,2026-09-11T14:18:00,EaseMyTrip,BOM-BLR,BOM,BLR,T+1,2026-09-12,IndiGo,6E-5323,01:10,03:05,01h 55m,ECONOMY,R,14963.0,1864.0,16827.0,4,Available
20260911_141325,2026-09-11T14:18:00,EaseMyTrip,BOM-BLR,BOM,BLR,T+1,2026-09-12,Air India,AI-2863,10:00,12:05,02h 05m,ECONOMY,B,15647.0,1971.0,17618.0,1,Available
20260911_141325,2026-09-11T14:18:00,EaseMyTrip,BOM-BLR,BOM,BLR,T+1,2026-09-12,Air India,AI-2812,02:05,04:10,02h 05m,ECONOMY,Y,17331.0,2055.0,19386.0,3,Available
20260911_141325,2026-09-11T14:18:00,EaseMyTrip,BOM-BLR,BOM,BLR,T+1,2026-09-12,Air India,AI-2410,05:30,07:35,02h 05m,ECONOMY,Y,17331.0,2055.0,19386.0,5,Available
20260911_141325,2026-09-11T14:18:00,EaseMyTrip,BOM-BLR,BOM,BLR,T+1,2026-09-12,Air India,AI-2632,12:00,14:05,02h 05m,ECONOMY,Y,17678.0,2073.0,19751.0,3,Available
20260911_141325,2026-09-11T14:18:00,EaseMyTrip,BOM-BLR,BOM,BLR,T+1,2026-09-12,Air India,AI-2851,07:55,10:05,02h 10m,ECONOMY,Y,18371.0,2107.0,20478.0,1,Available
20260911_141325,2026-09-11T14:18:38,EaseMyTrip,BOM-BLR,BOM,BLR,T+7,2026-09-18,IndiGo,6E-5323,01:10,03:05,01h 55m,ECONOMY,R,3747.0,1303.0,5050.0,55,Available
20260911_141325,2026-09-11T14:18:38,EaseMyTrip,BOM-BLR,BOM,BLR,T+7,2026-09-18,IndiGo,6E-5294,04:30,06:25,01h 55m,ECONOMY,R,3747.0,1303.0,5050.0,29,Available
20260911_141325,2026-09-11T14:18:38,EaseMyTrip,BOM-BLR,BOM,BLR,T+7,2026-09-18,Akasa Air,QP-1516,00:35,02:25,01h 50m,ECONOMY,T2,4508.0,948.0,5456.0,8,Available
20260911_141325,2026-09-11T14:18:38,EaseMyTrip,BOM-BLR,BOM,BLR,T+7,2026-09-18,Air India,AI-3305,23:40,01:40,02h 00m,ECONOMY,T,4238.0,1401.0,5639.0,2,Available
20260911_141325,2026-09-11T14:18:38,EaseMyTrip,BOM-BLR,BOM,BLR,T+7,2026-09-18,Air India,AI-2812,02:05,04:10,02h 05m,ECONOMY,T,4238.0,1401.0,5639.0,9,Available
20260911_141325,2026-09-11T14:18:38,EaseMyTrip,BOM-BLR,BOM,BLR,T+7,2026-09-18,Akasa Air,QP-1384,23:10,01:05,01h 55m,ECONOMY,R1,5898.0,1016.0,6914.0,8,Available
20260911_141325,2026-09-11T14:18:38,EaseMyTrip,BOM-BLR,BOM,BLR,T+7,2026-09-18,Akasa Air,QP-1518,21:45,23:45,02h 00m,ECONOMY,R1,5898.0,1016.0,6914.0,8,Available
20260911_141325,2026-09-11T14:18:38,EaseMyTrip,BOM-BLR,BOM,BLR,T+7,2026-09-18,Air India,AI-2857,23:30,01:35,02h 05m,ECONOMY,L,5582.0,1468.0,7050.0,9,Available
20260911_141325,2026-09-11T14:18:38,EaseMyTrip,BOM-BLR,BOM,BLR,T+7,2026-09-18,IndiGo,6E-5071,15:35,17:25,01h 50m,ECONOMY,R,5663.0,1399.0,7062.0,7,Available
20260911_141325,2026-09-11T14:18:38,EaseMyTrip,BOM-BLR,BOM,BLR,T+7,2026-09-18,IndiGo,6E-6188,21:30,23:25,01h 55m,ECONOMY,R,5663.0,1399.0,7062.0,7,Available
20260911_141325,2026-09-11T14:18:38,EaseMyTrip,BOM-BLR,BOM,BLR,T+7,2026-09-18,IndiGo,6E-5184,12:30,14:25,01h 55m,ECONOMY,R,5663.0,1399.0,7062.0,10,Available
20260911_141325,2026-09-11T14:18:38,EaseMyTrip,BOM-BLR,BOM,BLR,T+7,2026-09-18,IndiGo,6E-5217,11:00,12:55,01h 55m,ECONOMY,R,5663.0,1399.0,7062.0,7,Available
20260911_141325,2026-09-11T14:18:38,EaseMyTrip,BOM-BLR,BOM,BLR,T+7,2026-09-18,IndiGo,6E-5296,06:30,08:25,01h 55m,ECONOMY,R,5663.0,1399.0,7062.0,95,Available
20260911_141325,2026-09-11T14:18:38,EaseMyTrip,BOM-BLR,BOM,BLR,T+7,2026-09-18,IndiGo,6E-5388,22:20,00:20,02h 00m,ECONOMY,R,5663.0,1399.0,7062.0,61,Available
20260911_141325,2026-09-11T14:18:38,EaseMyTrip,BOM-BLR,BOM,BLR,T+7,2026-09-18,IndiGo,6E-5092,09:50,11:55,02h 05m,ECONOMY,R,5663.0,1399.0,7062.0,6,Available
20260911_141325,2026-09-11T14:18:38,EaseMyTrip,BOM-BLR,BOM,BLR,T+7,2026-09-18,Akasa Air,QP-1527,07:35,09:35,02h 00m,ECONOMY,R0,6169.0,1030.0,7199.0,4,Available
20260911_141325,2026-09-11T14:18:38,EaseMyTrip,BOM-BLR,BOM,BLR,T+7,2026-09-18,IndiGo,6E-5193,08:05,09:55,01h 50m,ECONOMY,R,5963.0,1414.0,7377.0,75,Available
20260911_141325,2026-09-11T14:18:38,EaseMyTrip,BOM-BLR,BOM,BLR,T+7,2026-09-18,IndiGo,6E-5382,14:30,16:25,01h 55m,ECONOMY,R,5963.0,1414.0,7377.0,88,Available
20260911_141325,2026-09-11T14:18:38,EaseMyTrip,BOM-BLR,BOM,BLR,T+7,2026-09-18,IndiGo,6E-5221,17:00,18:55,01h 55m,ECONOMY,R,5963.0,1414.0,7377.0,5,Available
20260911_141325,2026-09-11T14:18:38,EaseMyTrip,BOM-BLR,BOM,BLR,T+7,2026-09-18,Air India,AI-2603,06:35,08:35,02h 00m,ECONOMY,L,5941.0,1486.0,7427.0,9,Available
20260911_141325,2026-09-11T14:18:38,EaseMyTrip,BOM-BLR,BOM,BLR,T+7,2026-09-18,Air India,AI-2863,10:00,12:05,02h 05m,ECONOMY,L,6179.0,1498.0,7677.0,9,Available
20260911_141325,2026-09-11T14:18:38,EaseMyTrip,BOM-BLR,BOM,BLR,T+7,2026-09-18,Air India,AI-2632,12:00,14:05,02h 05m,ECONOMY,G,6241.0,1501.0,7742.0,5,Available
20260911_141325,2026-09-11T14:18:38,EaseMyTrip,BOM-BLR,BOM,BLR,T+7,2026-09-18,Air India,AI-2853,15:25,17:35,02h 10m,ECONOMY,G,6241.0,1501.0,7742.0,9,Available
20260911_141325,2026-09-11T14:18:38,EaseMyTrip,BOM-BLR,BOM,BLR,T+7,2026-09-18,Air India,AI-2851,07:55,10:05,02h 10m,ECONOMY,L,6298.0,1504.0,7802.0,9,Available
20260911_141325,2026-09-11T14:18:38,EaseMyTrip,BOM-BLR,BOM,BLR,T+7,2026-09-18,IndiGo,6E-5047,18:30,20:25,01h 55m,ECONOMY,R,7563.0,1494.0,9057.0,4,Available
20260911_141325,2026-09-11T14:18:38,EaseMyTrip,BOM-BLR,BOM,BLR,T+7,2026-09-18,Air India,AI-2849,17:30,19:35,02h 05m,ECONOMY,Q,7635.0,1571.0,9206.0,9,Available
20260911_141325,2026-09-11T14:18:38,EaseMyTrip,BOM-BLR,BOM,BLR,T+7,2026-09-18,Air India,AI-2401,20:45,22:45,02h 00m,ECONOMY,Q,7708.0,1574.0,9282.0,5,Available
20260911_141325,2026-09-11T14:18:38,EaseMyTrip,BOM-BLR,BOM,BLR,T+7,2026-09-18,Air India,AI-2865,19:45,21:50,02h 05m,ECONOMY,Q,7708.0,1574.0,9282.0,9,Available
20260911_141325,2026-09-11T14:18:38,EaseMyTrip,BOM-BLR,BOM,BLR,T+7,2026-09-18,IndiGo,6E-5032,19:55,21:45,01h 50m,ECONOMY,R,8063.0,1519.0,9582.0,10,Available
20260911_141325,2026-09-11T14:18:38,EaseMyTrip,BOM-BLR,BOM,BLR,T+7,2026-09-18,Akasa Air,QP-1382,18:25,20:20,01h 55m,ECONOMY,P3,8440.0,1144.0,9584.0,8,Available
20260911_141325,2026-09-11T14:18:38,EaseMyTrip,BOM-BLR,BOM,BLR,T+7,2026-09-18,Akasa Air,QP-1133,19:40,21:45,02h 05m,ECONOMY,P1,9231.0,1184.0,10415.0,8,Available
20260911_141325,2026-09-11T14:18:38,EaseMyTrip,BOM-BLR,BOM,BLR,T+7,2026-09-18,Air India,AI-2641,18:30,20:35,02h 05m,ECONOMY,K,9646.0,1671.0,11317.0,9,Available
20260911_141325,2026-09-11T14:19:07,EaseMyTrip,BOM-BLR,BOM,BLR,T+15,2026-09-26,Akasa Air,QP-1518,21:45,23:45,02h 00m,ECONOMY,R1,5898.0,1016.0,6914.0,8,Available
20260911_141325,2026-09-11T14:19:07,EaseMyTrip,BOM-BLR,BOM,BLR,T+15,2026-09-26,IndiGo,6E-5193,08:05,09:55,01h 50m,ECONOMY,R,5663.0,1399.0,7062.0,2,Available
20260911_141325,2026-09-11T14:19:07,EaseMyTrip,BOM-BLR,BOM,BLR,T+15,2026-09-26,IndiGo,6E-6188,21:30,23:25,01h 55m,ECONOMY,R,5663.0,1399.0,7062.0,2,Available
20260911_141325,2026-09-11T14:19:07,EaseMyTrip,BOM-BLR,BOM,BLR,T+15,2026-09-26,IndiGo,6E-5047,18:30,20:25,01h 55m,ECONOMY,R,5663.0,1399.0,7062.0,20,Available
20260911_141325,2026-09-11T14:19:07,EaseMyTrip,BOM-BLR,BOM,BLR,T+15,2026-09-26,IndiGo,6E-5382,14:30,16:25,01h 55m,ECONOMY,R,5663.0,1399.0,7062.0,10,Available
20260911_141325,2026-09-11T14:19:07,EaseMyTrip,BOM-BLR,BOM,BLR,T+15,2026-09-26,IndiGo,6E-5184,12:30,14:25,01h 55m,ECONOMY,R,5663.0,1399.0,7062.0,6,Available
20260911_141325,2026-09-11T14:19:07,EaseMyTrip,BOM-BLR,BOM,BLR,T+15,2026-09-26,IndiGo,6E-5221,17:00,18:55,01h 55m,ECONOMY,R,5663.0,1399.0,7062.0,9,Available
20260911_141325,2026-09-11T14:19:07,EaseMyTrip,BOM-BLR,BOM,BLR,T+15,2026-09-26,IndiGo,6E-5296,06:30,08:25,01h 55m,ECONOMY,R,5663.0,1399.0,7062.0,95,Available
20260911_141325,2026-09-11T14:19:07,EaseMyTrip,BOM-BLR,BOM,BLR,T+15,2026-09-26,IndiGo,6E-5388,22:20,00:20,02h 00m,ECONOMY,R,5663.0,1399.0,7062.0,106,Available
20260911_141325,2026-09-11T14:19:07,EaseMyTrip,BOM-BLR,BOM,BLR,T+15,2026-09-26,IndiGo,6E-5092,09:50,11:55,02h 05m,ECONOMY,R,5663.0,1399.0,7062.0,10,Available
20260911_141325,2026-09-11T14:19:07,EaseMyTrip,BOM-BLR,BOM,BLR,T+15,2026-09-26,Akasa Air,QP-1382,18:25,20:20,01h 55m,ECONOMY,R0,6169.0,1030.0,7199.0,8,Available
20260911_141325,2026-09-11T14:19:07,EaseMyTrip,BOM-BLR,BOM,BLR,T+15,2026-09-26,Akasa Air,QP-1527,07:35,09:35,02h 00m,ECONOMY,R0,6169.0,1030.0,7199.0,8,Available
20260911_141325,2026-09-11T14:19:07,EaseMyTrip,BOM-BLR,BOM,BLR,T+15,2026-09-26,IndiGo,6E-5071,15:35,17:25,01h 50m,ECONOMY,R,5963.0,1414.0,7377.0,42,Available
20260911_141325,2026-09-11T14:19:07,EaseMyTrip,BOM-BLR,BOM,BLR,T+15,2026-09-26,Air India,AI-2603,06:35,08:35,02h 00m,ECONOMY,L,5941.0,1486.0,7427.0,9,Available
20260911_141325,2026-09-11T14:19:07,EaseMyTrip,BOM-BLR,BOM,BLR,T+15,2026-09-26,Air India,AI-2401,20:45,22:45,02h 00m,ECONOMY,L,5941.0,1486.0,7427.0,9,Available
20260911_141325,2026-09-11T14:19:07,EaseMyTrip,BOM-BLR,BOM,BLR,T+15,2026-09-26,Air India,AI-2865,19:45,21:50,02h 05m,ECONOMY,L,5941.0,1486.0,7427.0,9,Available
20260911_141325,2026-09-11T14:19:07,EaseMyTrip,BOM-BLR,BOM,BLR,T+15,2026-09-26,Air India,AI-2853,15:25,17:35,02h 10m,ECONOMY,L,6060.0,1492.0,7552.0,9,Available
20260911_141325,2026-09-11T14:19:07,EaseMyTrip,BOM-BLR,BOM,BLR,T+15,2026-09-26,Air India,AI-2849,17:30,19:35,02h 05m,ECONOMY,L,6179.0,1498.0,7677.0,9,Available
20260911_141325,2026-09-11T14:19:07,EaseMyTrip,BOM-BLR,BOM,BLR,T+15,2026-09-26,IndiGo,6E-5217,11:00,12:55,01h 55m,ECONOMY,R,6263.0,1429.0,7692.0,74,Available
20260911_141325,2026-09-11T14:19:07,EaseMyTrip,BOM-BLR,BOM,BLR,T+15,2026-09-26,Air India,AI-2851,07:55,10:05,02h 10m,ECONOMY,L,6298.0,1504.0,7802.0,9,Available
20260911_141325,2026-09-11T14:19:07,EaseMyTrip,BOM-BLR,BOM,BLR,T+15,2026-09-26,Air India,AI-2863,10:00,12:05,02h 05m,ECONOMY,G,6491.0,1513.0,8004.0,7,Available
20260911_141325,2026-09-11T14:19:07,EaseMyTrip,BOM-BLR,BOM,BLR,T+15,2026-09-26,Air India,AI-2641,18:30,20:35,02h 05m,ECONOMY,G,6491.0,1513.0,8004.0,9,Available
20260911_141325,2026-09-11T14:19:07,EaseMyTrip,BOM-BLR,BOM,BLR,T+15,2026-09-26,Akasa Air,QP-1133,19:40,21:45,02h 05m,ECONOMY,Q2,7056.0,1074.0,8130.0,8,Available
20260911_141325,2026-09-11T14:19:07,EaseMyTrip,BOM-BLR,BOM,BLR,T+15,2026-09-26,Air India,AI-2632,12:00,14:05,02h 05m,ECONOMY,W,6672.0,1522.0,8194.0,4,Available
20260911_142131,2026-09-11T14:22:03,EaseMyTrip,DEL-BOM,DEL,BOM,T+1,2026-09-12,IndiGo,6E-322,23:30,01:45,02h 15m,ECONOMY,R,5065.0,1465.0,6530.0,34,Available
20260911_142131,2026-09-11T14:22:03,EaseMyTrip,DEL-BOM,DEL,BOM,T+1,2026-09-12,IndiGo,6E-329,18:00,20:15,02h 15m,ECONOMY,R,5065.0,1465.0,6530.0,38,Available
20260911_142131,2026-09-11T14:22:03,EaseMyTrip,DEL-BOM,DEL,BOM,T+1,2026-09-12,IndiGo,6E-6706,17:00,19:15,02h 15m,ECONOMY,R,5065.0,1465.0,6530.0,23,Available
20260911_142131,2026-09-11T14:22:03,EaseMyTrip,DEL-BOM,DEL,BOM,T+1,2026-09-12,IndiGo,6E-864,15:30,17:45,02h 15m,ECONOMY,R,5065.0,1465.0,6530.0,7,Available
20260911_142131,2026-09-11T14:22:03,EaseMyTrip,DEL-BOM,DEL,BOM,T+1,2026-09-12,IndiGo,6E-6318,14:45,17:00,02h 15m,ECONOMY,R,5065.0,1465.0,6530.0,51,Available
20260911_142131,2026-09-11T14:22:03,EaseMyTrip,DEL-BOM,DEL,BOM,T+1,2026-09-12,IndiGo,6E-6218,06:05,08:20,02h 15m,ECONOMY,R,5065.0,1465.0,6530.0,31,Available
20260911_142131,2026-09-11T14:22:03,EaseMyTrip,DEL-BOM,DEL,BOM,T+1,2026-09-12,IndiGo,6E-6814,07:15,09:30,02h 15m,ECONOMY,R,5065.0,1465.0,6530.0,35,Available
20260911_142131,2026-09-11T14:22:03,EaseMyTrip,DEL-BOM,DEL,BOM,T+1,2026-09-12,Akasa Air,QP-1833,06:50,09:10,02h 20m,ECONOMY,U1,5640.0,890.0,6530.0,9,Available
20260911_142131,2026-09-11T14:22:03,EaseMyTrip,DEL-BOM,DEL,BOM,T+1,2026-09-12,Akasa Air,QP-1128,16:00,18:20,02h 20m,ECONOMY,U1,5640.0,890.0,6530.0,9,Available
20260911_142131,2026-09-11T14:22:03,EaseMyTrip,DEL-BOM,DEL,BOM,T+1,2026-09-12,IndiGo,6E-6114,22:45,01:05,02h 20m,ECONOMY,R,5065.0,1465.0,6530.0,94,Available
20260911_142131,2026-09-11T14:22:03,EaseMyTrip,DEL-BOM,DEL,BOM,T+1,2026-09-12,IndiGo,6E-395,21:45,00:05,02h 20m,ECONOMY,R,5065.0,1465.0,6530.0,44,Available
20260911_142131,2026-09-11T14:22:03,EaseMyTrip,DEL-BOM,DEL,BOM,T+1,2026-09-12,IndiGo,6E-327,16:15,18:35,02h 20m,ECONOMY,R,5065.0,1465.0,6530.0,47,Available
20260911_142131,2026-09-11T14:22:03,EaseMyTrip,DEL-BOM,DEL,BOM,T+1,2026-09-12,Akasa Air,QP-1826,19:55,22:20,02h 25m,ECONOMY,U1,5640.0,890.0,6530.0,9,Available
20260911_142131,2026-09-11T14:22:03,EaseMyTrip,DEL-BOM,DEL,BOM,T+1,2026-09-12,IndiGo,6E-354,19:00,21:25,02h 25m,ECONOMY,R,5065.0,1465.0,6530.0,16,Available
20260911_142131,2026-09-11T14:22:03,EaseMyTrip,DEL-BOM,DEL,BOM,T+1,2026-09-12,IndiGo,6E-6022,14:00,16:25,02h 25m,ECONOMY,R,5065.0,1465.0,6530.0,37,Available
20260911_142131,2026-09-11T14:22:03,EaseMyTrip,DEL-BOM,DEL,BOM,T+1,2026-09-12,Air India Express,IX-1235,23:25,01:50,02h 25m,ECONOMY,H,5191.0,1497.0,6688.0,9,Available
20260911_142131,2026-09-11T14:22:03,EaseMyTrip,DEL-BOM,DEL,BOM,T+1,2026-09-12,IndiGo,6E-303,20:00,22:10,02h 10m,ECONOMY,R,5215.0,1473.0,6688.0,6,Available
20260911_142131,2026-09-11T14:22:03,EaseMyTrip,DEL-BOM,DEL,BOM,T+1,2026-09-12,IndiGo,6E-675,08:45,11:00,02h 15m,ECONOMY,R,5215.0,1473.0,6688.0,3,Available
20260911_142131,2026-09-11T14:22:03,EaseMyTrip,DEL-BOM,DEL,BOM,T+1,2026-09-12,IndiGo,6E-320,08:00,10:20,02h 20m,ECONOMY,R,5215.0,1473.0,6688.0,25,Available
20260911_142131,2026-09-11T14:22:03,EaseMyTrip,DEL-BOM,DEL,BOM,T+1,2026-09-12,IndiGo,6E-6328,10:15,12:35,02h 20m,ECONOMY,R,5215.0,1473.0,6688.0,6,Available
20260911_142131,2026-09-11T14:22:03,EaseMyTrip,DEL-BOM,DEL,BOM,T+1,2026-09-12,IndiGo,6E-6107,09:30,11:55,02h 25m,ECONOMY,R,5215.0,1473.0,6688.0,9,Available
20260911_142131,2026-09-11T14:22:03,EaseMyTrip,DEL-BOM,DEL,BOM,T+1,2026-09-12,Akasa Air,QP-1820,17:30,19:45,02h 15m,ECONOMY,T4,5829.0,900.0,6729.0,9,Available
20260911_142131,2026-09-11T14:22:03,EaseMyTrip,DEL-BOM,DEL,BOM,T+1,2026-09-12,Air India,AI-1745,05:00,07:20,02h 20m,ECONOMY,S,5236.0,1494.0,6730.0,7,Available
20260911_142131,2026-09-11T14:22:03,EaseMyTrip,DEL-BOM,DEL,BOM,T+1,2026-09-12,Air India,AI-2439,23:00,01:25,02h 25m,ECONOMY,S,5236.0,1494.0,6730.0,9,Available
20260911_142131,2026-09-11T14:22:03,EaseMyTrip,DEL-BOM,DEL,BOM,T+1,2026-09-12,Akasa Air,QP-1112,09:20,11:40,02h 20m,ECONOMY,T3,5945.0,906.0,6851.0,9,Available
20260911_142131,2026-09-11T14:22:03,EaseMyTrip,DEL-BOM,DEL,BOM,T+1,2026-09-12,Akasa Air,QP-1119,08:40,11:05,02h 25m,ECONOMY,T3,5945.0,906.0,6851.0,9,Available
20260911_142131,2026-09-11T14:22:03,EaseMyTrip,DEL-BOM,DEL,BOM,T+1,2026-09-12,IndiGo,6E-449,05:00,07:15,02h 15m,ECONOMY,R,5415.0,1483.0,6898.0,1,Available
20260911_142131,2026-09-11T14:22:03,EaseMyTrip,DEL-BOM,DEL,BOM,T+1,2026-09-12,IndiGo,6E-6047,11:00,13:15,02h 15m,ECONOMY,R,5415.0,1483.0,6898.0,5,Available
20260911_142131,2026-09-11T14:22:03,EaseMyTrip,DEL-BOM,DEL,BOM,T+1,2026-09-12,Akasa Air,QP-1110,10:30,12:45,02h 15m,ECONOMY,T2,6065.0,912.0,6977.0,9,Available
20260911_142131,2026-09-11T14:22:03,EaseMyTrip,DEL-BOM,DEL,BOM,T+1,2026-09-12,Air India,AI-2678,08:30,10:45,02h 15m,ECONOMY,S,5493.0,1507.0,7000.0,9,Available
20260911_142131,2026-09-11T14:22:03,EaseMyTrip,DEL-BOM,DEL,BOM,T+1,2026-09-12,Air India,AI-865,08:55,11:10,02h 15m,ECONOMY,S,5493.0,1507.0,7000.0,9,Available
20260911_142131,2026-09-11T14:22:03,EaseMyTrip,DEL-BOM,DEL,BOM,T+1,2026-09-12,Air India,AI-2963,09:00,11:15,02h 15m,ECONOMY,S,5493.0,1507.0,7000.0,9,Available
20260911_142131,2026-09-11T14:22:03,EaseMyTrip,DEL-BOM,DEL,BOM,T+1,2026-09-12,Air India,AI-2975,06:30,08:50,02h 20m,ECONOMY,S,5493.0,1507.0,7000.0,9,Available
20260911_142131,2026-09-11T14:22:03,EaseMyTrip,DEL-BOM,DEL,BOM,T+1,2026-09-12,Air India,AI-2941,16:30,18:50,02h 20m,ECONOMY,S,5493.0,1507.0,7000.0,9,Available
20260911_142131,2026-09-11T14:22:03,EaseMyTrip,DEL-BOM,DEL,BOM,T+1,2026-09-12,Air India,AI-2981,21:00,23:20,02h 20m,ECONOMY,S,5493.0,1507.0,7000.0,9,Available
20260911_142131,2026-09-11T14:22:03,EaseMyTrip,DEL-BOM,DEL,BOM,T+1,2026-09-12,Air India,AI-2943,07:30,09:55,02h 25m,ECONOMY,S,5493.0,1507.0,7000.0,9,Available
20260911_142131,2026-09-11T14:22:03,EaseMyTrip,DEL-BOM,DEL,BOM,T+1,2026-09-12,Air India,AI-1777,16:00,18:25,02h 25m,ECONOMY,S,5493.0,1507.0,7000.0,9,Available
20260911_142131,2026-09-11T14:22:03,EaseMyTrip,DEL-BOM,DEL,BOM,T+1,2026-09-12,Air India,AI-441,17:00,19:25,02h 25m,ECONOMY,S,5493.0,1507.0,7000.0,9,Available
20260911_142131,2026-09-11T14:22:03,EaseMyTrip,DEL-BOM,DEL,BOM,T+1,2026-09-12,Air India,AI-2955,18:00,20:25,02h 25m,ECONOMY,S,5493.0,1507.0,7000.0,9,Available
20260911_142131,2026-09-11T14:22:03,EaseMyTrip,DEL-BOM,DEL,BOM,T+1,2026-09-12,Air India,AI-2977,19:00,21:25,02h 25m,ECONOMY,S,5493.0,1507.0,7000.0,9,Available
20260911_142131,2026-09-11T14:22:03,EaseMyTrip,DEL-BOM,DEL,BOM,T+1,2026-09-12,Air India,AI-2985,19:30,21:55,02h 25m,ECONOMY,S,5493.0,1507.0,7000.0,9,Available
20260911_142131,2026-09-11T14:22:03,EaseMyTrip,DEL-BOM,DEL,BOM,T+1,2026-09-12,Air India,AI-2433,21:30,23:55,02h 25m,ECONOMY,S,5493.0,1507.0,7000.0,9,Available
20260911_142131,2026-09-11T14:22:03,EaseMyTrip,DEL-BOM,DEL,BOM,T+1,2026-09-12,Air India,AI-2927,09:30,12:00,02h 30m,ECONOMY,S,5493.0,1507.0,7000.0,9,Available
20260911_142131,2026-09-11T14:22:03,EaseMyTrip,DEL-BOM,DEL,BOM,T+1,2026-09-12,Air India,AI-2429,07:00,09:25,02h 25m,ECONOMY,T,5644.0,1515.0,7159.0,9,Available
20260911_142131,2026-09-11T14:22:03,EaseMyTrip,DEL-BOM,DEL,BOM,T+1,2026-09-12,Air India,AI-2995,10:00,12:25,02h 25m,ECONOMY,T,5644.0,1515.0,7159.0,9,Available
20260911_142131,2026-09-11T14:22:03,EaseMyTrip,DEL-BOM,DEL,BOM,T+1,2026-09-12,Air India,AI-2933,15:30,17:55,02h 25m,ECONOMY,T,5644.0,1515.0,7159.0,9,Available
20260911_142131,2026-09-11T14:22:03,EaseMyTrip,DEL-BOM,DEL,BOM,T+1,2026-09-12,Air India,AI-2957,20:30,23:05,02h 35m,ECONOMY,T,5644.0,1515.0,7159.0,9,Available
20260911_142131,2026-09-11T14:22:03,EaseMyTrip,DEL-BOM,DEL,BOM,T+1,2026-09-12,IndiGo,6E-324,13:00,15:10,02h 10m,ECONOMY,R,5665.0,1495.0,7160.0,15,Available
20260911_142131,2026-09-11T14:22:03,EaseMyTrip,DEL-BOM,DEL,BOM,T+1,2026-09-12,IndiGo,6E-6676,12:00,14:15,02h 15m,ECONOMY,R,5665.0,1495.0,7160.0,12,Available
20260911_142131,2026-09-11T14:22:03,EaseMyTrip,DEL-BOM,DEL,BOM,T+1,2026-09-12,Air India,AI-2945,11:00,13:25,02h 25m,ECONOMY,U,5844.0,1525.0,7369.0,9,Available
20260911_142131,2026-09-11T14:22:03,EaseMyTrip,DEL-BOM,DEL,BOM,T+1,2026-09-12,Akasa Air,QP-1836,12:30,14:55,02h 25m,ECONOMY,R3,6565.0,936.0,7501.0,9,Available
20260911_142131,2026-09-11T14:22:03,EaseMyTrip,DEL-BOM,DEL,BOM,T+1,2026-09-12,Air India,AI-1785,12:00,14:25,02h 25m,ECONOMY,L,6093.0,1537.0,7630.0,4,Available
20260911_142131,2026-09-11T14:23:00,EaseMyTrip,DEL-BOM,DEL,BOM,T+15,2026-09-26,IndiGo,6E-324,13:00,15:10,02h 10m,ECONOMY,R,5065.0,1465.0,6530.0,9,Available
20260911_142131,2026-09-11T14:23:00,EaseMyTrip,DEL-BOM,DEL,BOM,T+15,2026-09-26,Akasa Air,QP-1110,10:30,12:45,02h 15m,ECONOMY,U1,5640.0,890.0,6530.0,9,Available
20260911_142131,2026-09-11T14:23:00,EaseMyTrip,DEL-BOM,DEL,BOM,T+15,2026-09-26,Akasa Air,QP-1820,17:30,19:45,02h 15m,ECONOMY,U1,5640.0,890.0,6530.0,9,Available
20260911_142131,2026-09-11T14:23:00,EaseMyTrip,DEL-BOM,DEL,BOM,T+15,2026-09-26,IndiGo,6E-322,23:30,01:45,02h 15m,ECONOMY,R,5065.0,1465.0,6530.0,8,Available
20260911_142131,2026-09-11T14:23:00,EaseMyTrip,DEL-BOM,DEL,BOM,T+15,2026-09-26,IndiGo,6E-329,18:00,20:15,02h 15m,ECONOMY,R,5065.0,1465.0,6530.0,7,Available
20260911_142131,2026-09-11T14:23:00,EaseMyTrip,DEL-BOM,DEL,BOM,T+15,2026-09-26,IndiGo,6E-6706,17:00,19:15,02h 15m,ECONOMY,R,5065.0,1465.0,6530.0,83,Available
20260911_142131,2026-09-11T14:23:00,EaseMyTrip,DEL-BOM,DEL,BOM,T+15,2026-09-26,IndiGo,6E-864,15:30,17:45,02h 15m,ECONOMY,R,5065.0,1465.0,6530.0,64,Available
20260911_142131,2026-09-11T14:23:00,EaseMyTrip,DEL-BOM,DEL,BOM,T+15,2026-09-26,IndiGo,6E-6318,14:45,17:00,02h 15m,ECONOMY,R,5065.0,1465.0,6530.0,92,Available
20260911_142131,2026-09-11T14:23:00,EaseMyTrip,DEL-BOM,DEL,BOM,T+15,2026-09-26,IndiGo,6E-675,08:45,11:00,02h 15m,ECONOMY,R,5065.0,1465.0,6530.0,61,Available
20260911_142131,2026-09-11T14:23:00,EaseMyTrip,DEL-BOM,DEL,BOM,T+15,2026-09-26,IndiGo,6E-6814,07:15,09:30,02h 15m,ECONOMY,R,5065.0,1465.0,6530.0,9,Available
20260911_142131,2026-09-11T14:23:00,EaseMyTrip,DEL-BOM,DEL,BOM,T+15,2026-09-26,IndiGo,6E-6047,11:00,13:15,02h 15m,ECONOMY,R,5065.0,1465.0,6530.0,4,Available
20260911_142131,2026-09-11T14:23:00,EaseMyTrip,DEL-BOM,DEL,BOM,T+15,2026-09-26,IndiGo,6E-6676,12:00,14:15,02h 15m,ECONOMY,R,5065.0,1465.0,6530.0,10,Available
20260911_142131,2026-09-11T14:23:00,EaseMyTrip,DEL-BOM,DEL,BOM,T+15,2026-09-26,Akasa Air,QP-1833,06:50,09:10,02h 20m,ECONOMY,U1,5640.0,890.0,6530.0,9,Available
20260911_142131,2026-09-11T14:23:00,EaseMyTrip,DEL-BOM,DEL,BOM,T+15,2026-09-26,Akasa Air,QP-1112,09:20,11:40,02h 20m,ECONOMY,U1,5640.0,890.0,6530.0,9,Available
20260911_142131,2026-09-11T14:23:00,EaseMyTrip,DEL-BOM,DEL,BOM,T+15,2026-09-26,Akasa Air,QP-1128,16:00,18:20,02h 20m,ECONOMY,U1,5640.0,890.0,6530.0,9,Available
20260911_142131,2026-09-11T14:23:00,EaseMyTrip,DEL-BOM,DEL,BOM,T+15,2026-09-26,IndiGo,6E-6114,22:45,01:05,02h 20m,ECONOMY,R,5065.0,1465.0,6530.0,8,Available
20260911_142131,2026-09-11T14:23:00,EaseMyTrip,DEL-BOM,DEL,BOM,T+15,2026-09-26,IndiGo,6E-327,16:15,18:35,02h 20m,ECONOMY,R,5065.0,1465.0,6530.0,81,Available
20260911_142131,2026-09-11T14:23:00,EaseMyTrip,DEL-BOM,DEL,BOM,T+15,2026-09-26,IndiGo,6E-320,08:00,10:20,02h 20m,ECONOMY,R,5065.0,1465.0,6530.0,9,Available
20260911_142131,2026-09-11T14:23:00,EaseMyTrip,DEL-BOM,DEL,BOM,T+15,2026-09-26,IndiGo,6E-6328,10:15,12:35,02h 20m,ECONOMY,R,5065.0,1465.0,6530.0,66,Available
20260911_142131,2026-09-11T14:23:00,EaseMyTrip,DEL-BOM,DEL,BOM,T+15,2026-09-26,Akasa Air,QP-1119,08:40,11:05,02h 25m,ECONOMY,U1,5640.0,890.0,6530.0,9,Available
20260911_142131,2026-09-11T14:23:00,EaseMyTrip,DEL-BOM,DEL,BOM,T+15,2026-09-26,Akasa Air,QP-1836,12:30,14:55,02h 25m,ECONOMY,U1,5640.0,890.0,6530.0,9,Available
20260911_142131,2026-09-11T14:23:00,EaseMyTrip,DEL-BOM,DEL,BOM,T+15,2026-09-26,Akasa Air,QP-1826,19:55,22:20,02h 25m,ECONOMY,U1,5640.0,890.0,6530.0,9,Available
20260911_142131,2026-09-11T14:23:00,EaseMyTrip,DEL-BOM,DEL,BOM,T+15,2026-09-26,IndiGo,6E-6022,14:00,16:25,02h 25m,ECONOMY,R,5065.0,1465.0,6530.0,90,Available
20260911_142131,2026-09-11T14:23:00,EaseMyTrip,DEL-BOM,DEL,BOM,T+15,2026-09-26,IndiGo,6E-6107,09:30,11:55,02h 25m,ECONOMY,R,5065.0,1465.0,6530.0,55,Available
20260911_142131,2026-09-11T14:23:00,EaseMyTrip,DEL-BOM,DEL,BOM,T+15,2026-09-26,IndiGo,6E-449,05:00,07:15,02h 15m,ECONOMY,R,5215.0,1473.0,6688.0,77,Available
20260911_142131,2026-09-11T14:23:00,EaseMyTrip,DEL-BOM,DEL,BOM,T+15,2026-09-26,IndiGo,6E-6218,06:05,08:20,02h 15m,ECONOMY,R,5215.0,1473.0,6688.0,2,Available
20260911_142131,2026-09-11T14:23:00,EaseMyTrip,DEL-BOM,DEL,BOM,T+15,2026-09-26,IndiGo,6E-395,21:45,00:05,02h 20m,ECONOMY,R,5215.0,1473.0,6688.0,97,Available
20260911_142131,2026-09-11T14:23:00,EaseMyTrip,DEL-BOM,DEL,BOM,T+15,2026-09-26,IndiGo,6E-354,19:00,21:25,02h 25m,ECONOMY,R,5215.0,1473.0,6688.0,8,Available
20260911_142131,2026-09-11T14:23:00,EaseMyTrip,DEL-BOM,DEL,BOM,T+15,2026-09-26,Air India,AI-2439,23:00,01:25,02h 25m,ECONOMY,S,5236.0,1494.0,6730.0,9,Available
20260911_142131,2026-09-11T14:23:00,EaseMyTrip,DEL-BOM,DEL,BOM,T+15,2026-09-26,IndiGo,6E-303,20:00,22:10,02h 10m,ECONOMY,R,5415.0,1483.0,6898.0,4,Available
20260911_142131,2026-09-11T14:23:00,EaseMyTrip,DEL-BOM,DEL,BOM,T+15,2026-09-26,Air India,AI-2678,08:30,10:45,02h 15m,ECONOMY,S,5493.0,1507.0,7000.0,9,Available
20260911_142131,2026-09-11T14:23:00,EaseMyTrip,DEL-BOM,DEL,BOM,T+15,2026-09-26,Air India,AI-2963,09:00,11:15,02h 15m,ECONOMY,S,5493.0,1507.0,7000.0,9,Available
20260911_142131,2026-09-11T14:23:00,EaseMyTrip,DEL-BOM,DEL,BOM,T+15,2026-09-26,Air India,AI-2425,10:30,12:50,02h 20m,ECONOMY,S,5493.0,1507.0,7000.0,9,Available
20260911_142131,2026-09-11T14:23:00,EaseMyTrip,DEL-BOM,DEL,BOM,T+15,2026-09-26,Air India,AI-2941,16:30,18:50,02h 20m,ECONOMY,S,5493.0,1507.0,7000.0,9,Available
20260911_142131,2026-09-11T14:23:00,EaseMyTrip,DEL-BOM,DEL,BOM,T+15,2026-09-26,Air India,AI-2981,21:00,23:20,02h 20m,ECONOMY,S,5493.0,1507.0,7000.0,9,Available
20260911_142131,2026-09-11T14:23:00,EaseMyTrip,DEL-BOM,DEL,BOM,T+15,2026-09-26,Air India,AI-1745,05:00,07:20,02h 20m,ECONOMY,T,5493.0,1507.0,7000.0,9,Available
20260911_142131,2026-09-11T14:23:00,EaseMyTrip,DEL-BOM,DEL,BOM,T+15,2026-09-26,Air India,AI-2429,07:00,09:25,02h 25m,ECONOMY,S,5493.0,1507.0,7000.0,9,Available
20260911_142131,2026-09-11T14:23:00,EaseMyTrip,DEL-BOM,DEL,BOM,T+15,2026-09-26,Air India,AI-2943,07:30,09:55,02h 25m,ECONOMY,S,5493.0,1507.0,7000.0,9,Available
20260911_142131,2026-09-11T14:23:00,EaseMyTrip,DEL-BOM,DEL,BOM,T+15,2026-09-26,Air India,AI-2995,10:00,12:25,02h 25m,ECONOMY,S,5493.0,1507.0,7000.0,9,Available
20260911_142131,2026-09-11T14:23:00,EaseMyTrip,DEL-BOM,DEL,BOM,T+15,2026-09-26,Air India,AI-2945,11:00,13:25,02h 25m,ECONOMY,S,5493.0,1507.0,7000.0,9,Available
20260911_142131,2026-09-11T14:23:00,EaseMyTrip,DEL-BOM,DEL,BOM,T+15,2026-09-26,Air India,AI-1785,12:00,14:25,02h 25m,ECONOMY,S,5493.0,1507.0,7000.0,9,Available
20260911_142131,2026-09-11T14:23:00,EaseMyTrip,DEL-BOM,DEL,BOM,T+15,2026-09-26,Air India,AI-2933,15:30,17:55,02h 25m,ECONOMY,S,5493.0,1507.0,7000.0,2,Available
20260911_142131,2026-09-11T14:23:00,EaseMyTrip,DEL-BOM,DEL,BOM,T+15,2026-09-26,Air India,AI-1777,16:00,18:25,02h 25m,ECONOMY,S,5493.0,1507.0,7000.0,9,Available
20260911_142131,2026-09-11T14:23:00,EaseMyTrip,DEL-BOM,DEL,BOM,T+15,2026-09-26,Air India,AI-441,17:00,19:25,02h 25m,ECONOMY,S,5493.0,1507.0,7000.0,9,Available
20260911_142131,2026-09-11T14:23:00,EaseMyTrip,DEL-BOM,DEL,BOM,T+15,2026-09-26,Air India,AI-2955,18:00,20:25,02h 25m,ECONOMY,S,5493.0,1507.0,7000.0,9,Available
20260911_142131,2026-09-11T14:23:00,EaseMyTrip,DEL-BOM,DEL,BOM,T+15,2026-09-26,Air India,AI-2927,09:30,12:00,02h 30m,ECONOMY,S,5493.0,1507.0,7000.0,9,Available
20260911_142131,2026-09-11T14:23:00,EaseMyTrip,DEL-BOM,DEL,BOM,T+15,2026-09-26,Air India,AI-1780,16:10,20:00,03h 50m,ECONOMY,S,5493.0,1507.0,7000.0,9,Available
20260911_142131,2026-09-11T14:23:00,EaseMyTrip,DEL-BOM,DEL,BOM,T+15,2026-09-26,Air India Express,IX-1235,23:25,01:50,02h 25m,ECONOMY,K,5649.0,1519.0,7168.0,2,Available
20260911_142131,2026-09-11T14:23:00,EaseMyTrip,DEL-BOM,DEL,BOM,T+15,2026-09-26,Air India,AI-2977,19:00,21:25,02h 25m,ECONOMY,T,5644.0,1515.0,7159.0,9,Available
20260911_142131,2026-09-11T14:23:00,EaseMyTrip,DEL-BOM,DEL,BOM,T+15,2026-09-26,Air India,AI-2985,19:30,21:55,02h 25m,ECONOMY,T,5644.0,1515.0,7159.0,9,Available
20260911_142131,2026-09-11T14:23:00,EaseMyTrip,DEL-BOM,DEL,BOM,T+15,2026-09-26,Air India,AI-2433,21:30,23:55,02h 25m,ECONOMY,T,5644.0,1515.0,7159.0,2,Available
20260911_142131,2026-09-11T14:23:00,EaseMyTrip,DEL-BOM,DEL,BOM,T+15,2026-09-26,Air India,AI-2957,20:30,23:05,02h 35m,ECONOMY,T,5644.0,1515.0,7159.0,9,Available
20260911_142131,2026-09-11T14:23:00,EaseMyTrip,DEL-BOM,DEL,BOM,T+15,2026-09-26,Air India,AI-2975,06:30,08:50,02h 20m,ECONOMY,U,5844.0,1525.0,7369.0,9,Available
20260911_142131,2026-09-11T14:23:27,EaseMyTrip,DEL-BLR,DEL,BLR,T+1,2026-09-12,Akasa Air,QP-1812,22:55,01:45,02h 50m,ECONOMY,U2,7774.0,1055.0,8829.0,9,Available
20260911_142131,2026-09-11T14:23:27,EaseMyTrip,DEL-BLR,DEL,BLR,T+1,2026-09-12,Akasa Air,QP-1308,20:55,23:50,02h 55m,ECONOMY,U2,7774.0,1055.0,8829.0,9,Available
20260911_142131,2026-09-11T14:23:27,EaseMyTrip,DEL-BLR,DEL,BLR,T+1,2026-09-12,Akasa Air,QP-1350,21:55,00:50,02h 55m,ECONOMY,U2,7774.0,1055.0,8829.0,9,Available
20260911_142131,2026-09-11T14:23:27,EaseMyTrip,DEL-BLR,DEL,BLR,T+1,2026-09-12,IndiGo,6E-846,22:00,00:55,02h 55m,ECONOMY,R,6998.0,1831.0,8829.0,30,Available
20260911_142131,2026-09-11T14:23:27,EaseMyTrip,DEL-BLR,DEL,BLR,T+1,2026-09-12,IndiGo,6E-6515,20:45,23:40,02h 55m,ECONOMY,R,6998.0,1831.0,8829.0,36,Available
20260911_142131,2026-09-11T14:23:27,EaseMyTrip,DEL-BLR,DEL,BLR,T+1,2026-09-12,IndiGo,6E-861,19:30,22:25,02h 55m,ECONOMY,R,6998.0,1831.0,8829.0,16,Available
20260911_142131,2026-09-11T14:23:27,EaseMyTrip,DEL-BLR,DEL,BLR,T+1,2026-09-12,Akasa Air,QP-1824,20:10,23:10,03h 00m,ECONOMY,U2,7774.0,1055.0,8829.0,9,Available
20260911_142131,2026-09-11T14:23:27,EaseMyTrip,DEL-BLR,DEL,BLR,T+1,2026-09-12,IndiGo,6E-811,18:20,21:10,02h 50m,ECONOMY,R,7433.0,1853.0,9286.0,18,Available
20260911_142131,2026-09-11T14:23:27,EaseMyTrip,DEL-BLR,DEL,BLR,T+1,2026-09-12,IndiGo,6E-873,08:20,11:10,02h 50m,ECONOMY,R,7433.0,1853.0,9286.0,10,Available
20260911_142131,2026-09-11T14:23:27,EaseMyTrip,DEL-BLR,DEL,BLR,T+1,2026-09-12,IndiGo,6E-880,15:45,18:40,02h 55m,ECONOMY,R,7433.0,1853.0,9286.0,8,Available
20260911_142131,2026-09-11T14:23:27,EaseMyTrip,DEL-BLR,DEL,BLR,T+1,2026-09-12,IndiGo,6E-837,17:00,19:55,02h 55m,ECONOMY,R,7433.0,1853.0,9286.0,15,Available
20260911_142131,2026-09-11T14:23:27,EaseMyTrip,DEL-BLR,DEL,BLR,T+1,2026-09-12,IndiGo,6E-810,07:05,10:00,02h 55m,ECONOMY,R,7433.0,1853.0,9286.0,15,Available
20260911_142131,2026-09-11T14:23:27,EaseMyTrip,DEL-BLR,DEL,BLR,T+1,2026-09-12,IndiGo,6E-2314,05:45,08:40,02h 55m,ECONOMY,R,7433.0,1853.0,9286.0,5,Available
20260911_142131,2026-09-11T14:23:27,EaseMyTrip,DEL-BLR,DEL,BLR,T+1,2026-09-12,Air India,AI-2817,16:30,19:15,02h 45m,ECONOMY,T,7427.0,1873.0,9300.0,9,Available
20260911_142131,2026-09-11T14:23:27,EaseMyTrip,DEL-BLR,DEL,BLR,T+1,2026-09-12,Air India,AI-2653,04:30,07:20,02h 50m,ECONOMY,T,7427.0,1873.0,9300.0,9,Available
20260911_142131,2026-09-11T14:23:27,EaseMyTrip,DEL-BLR,DEL,BLR,T+1,2026-09-12,Air India,AI-427,08:30,11:20,02h 50m,ECONOMY,T,7427.0,1873.0,9300.0,9,Available
20260911_142131,2026-09-11T14:23:27,EaseMyTrip,DEL-BLR,DEL,BLR,T+1,2026-09-12,Air India,AI-2809,19:30,22:20,02h 50m,ECONOMY,T,7427.0,1873.0,9300.0,9,Available
20260911_142131,2026-09-11T14:23:27,EaseMyTrip,DEL-BLR,DEL,BLR,T+1,2026-09-12,Air India,AI-2409,06:00,08:55,02h 55m,ECONOMY,T,7427.0,1873.0,9300.0,9,Available
20260911_142131,2026-09-11T14:23:27,EaseMyTrip,DEL-BLR,DEL,BLR,T+1,2026-09-12,Air India,AI-2803,06:30,09:25,02h 55m,ECONOMY,T,7427.0,1873.0,9300.0,9,Available
20260911_142131,2026-09-11T14:23:27,EaseMyTrip,DEL-BLR,DEL,BLR,T+1,2026-09-12,Air India,AI-2815,07:00,09:55,02h 55m,ECONOMY,T,7427.0,1873.0,9300.0,9,Available
20260911_142131,2026-09-11T14:23:27,EaseMyTrip,DEL-BLR,DEL,BLR,T+1,2026-09-12,Air India,AI-2819,15:00,17:55,02h 55m,ECONOMY,T,7427.0,1873.0,9300.0,9,Available
20260911_142131,2026-09-11T14:23:27,EaseMyTrip,DEL-BLR,DEL,BLR,T+1,2026-09-12,Air India,AI-2664,15:50,18:45,02h 55m,ECONOMY,T,7427.0,1873.0,9300.0,9,Available
20260911_142131,2026-09-11T14:23:27,EaseMyTrip,DEL-BLR,DEL,BLR,T+1,2026-09-12,Air India,AI-2487,18:30,21:25,02h 55m,ECONOMY,T,7427.0,1873.0,9300.0,9,Available
20260911_142131,2026-09-11T14:23:27,EaseMyTrip,DEL-BLR,DEL,BLR,T+1,2026-09-12,Air India,AI-2512,19:00,21:55,02h 55m,ECONOMY,T,7427.0,1873.0,9300.0,9,Available
20260911_142131,2026-09-11T14:23:27,EaseMyTrip,DEL-BLR,DEL,BLR,T+1,2026-09-12,Akasa Air,QP-1822,16:40,19:40,03h 00m,ECONOMY,T4,8249.0,1079.0,9328.0,9,Available
20260911_142131,2026-09-11T14:23:27,EaseMyTrip,DEL-BLR,DEL,BLR,T+1,2026-09-12,Air India Express,IX-1070,18:20,21:15,02h 55m,ECONOMY,K,7695.0,1890.0,9585.0,9,Available
20260911_142131,2026-09-11T14:23:27,EaseMyTrip,DEL-BLR,DEL,BLR,T+1,2026-09-12,Air India,AI-2412,21:30,00:25,02h 55m,ECONOMY,U,7862.0,1894.0,9756.0,4,Available
20260911_142131,2026-09-11T14:23:27,EaseMyTrip,DEL-BLR,DEL,BLR,T+1,2026-09-12,IndiGo,6E-820,03:00,05:55,02h 55m,ECONOMY,R,7895.0,1876.0,9771.0,3,Available
20260911_142131,2026-09-11T14:23:27,EaseMyTrip,DEL-BLR,DEL,BLR,T+1,2026-09-12,IndiGo,6E-828,14:30,17:25,02h 55m,ECONOMY,R,7895.0,1876.0,9771.0,15,Available
20260911_142131,2026-09-11T14:23:27,EaseMyTrip,DEL-BLR,DEL,BLR,T+1,2026-09-12,IndiGo,6E-842,10:45,13:40,02h 55m,ECONOMY,R,7895.0,1876.0,9771.0,12,Available
20260911_142131,2026-09-11T14:23:27,EaseMyTrip,DEL-BLR,DEL,BLR,T+1,2026-09-12,IndiGo,6E-826,09:30,12:25,02h 55m,ECONOMY,R,7895.0,1876.0,9771.0,15,Available
20260911_142131,2026-09-11T14:23:27,EaseMyTrip,DEL-BLR,DEL,BLR,T+1,2026-09-12,IndiGo,6E-176,13:15,16:10,02h 55m,ECONOMY,R,7895.0,1876.0,9771.0,15,Available
20260911_142131,2026-09-11T14:23:27,EaseMyTrip,DEL-BLR,DEL,BLR,T+1,2026-09-12,IndiGo,6E-850,12:20,15:20,03h 00m,ECONOMY,R,7895.0,1876.0,9771.0,12,Available
20260911_142131,2026-09-11T14:23:27,EaseMyTrip,DEL-BLR,DEL,BLR,T+1,2026-09-12,Air India,AI-2415,09:30,12:25,02h 55m,ECONOMY,L,8324.0,1918.0,10242.0,9,Available
20260911_142131,2026-09-11T14:23:37,EaseMyTrip,DEL-BLR,DEL,BLR,T+7,2026-09-18,Akasa Air,QP-1812,22:55,01:45,02h 50m,ECONOMY,U2,7774.0,1055.0,8829.0,9,Available
20260911_142131,2026-09-11T14:23:37,EaseMyTrip,DEL-BLR,DEL,BLR,T+7,2026-09-18,Akasa Air,QP-1350,21:55,00:50,02h 55m,ECONOMY,U2,7774.0,1055.0,8829.0,9,Available
20260911_142131,2026-09-11T14:23:37,EaseMyTrip,DEL-BLR,DEL,BLR,T+7,2026-09-18,IndiGo,6E-820,03:00,05:55,02h 55m,ECONOMY,R,6998.0,1831.0,8829.0,94,Available
20260911_142131,2026-09-11T14:23:37,EaseMyTrip,DEL-BLR,DEL,BLR,T+7,2026-09-18,IndiGo,6E-871,23:30,02:25,02h 55m,ECONOMY,R,6998.0,1831.0,8829.0,108,Available
20260911_142131,2026-09-11T14:23:37,EaseMyTrip,DEL-BLR,DEL,BLR,T+7,2026-09-18,IndiGo,6E-846,22:00,00:55,02h 55m,ECONOMY,R,6998.0,1831.0,8829.0,42,Available
20260911_142131,2026-09-11T14:23:37,EaseMyTrip,DEL-BLR,DEL,BLR,T+7,2026-09-18,IndiGo,6E-842,10:45,13:40,02h 55m,ECONOMY,R,6998.0,1831.0,8829.0,41,Available
20260911_142131,2026-09-11T14:23:37,EaseMyTrip,DEL-BLR,DEL,BLR,T+7,2026-09-18,IndiGo,6E-826,09:30,12:25,02h 55m,ECONOMY,R,6998.0,1831.0,8829.0,44,Available
20260911_142131,2026-09-11T14:23:37,EaseMyTrip,DEL-BLR,DEL,BLR,T+7,2026-09-18,IndiGo,6E-810,07:05,10:00,02h 55m,ECONOMY,R,6998.0,1831.0,8829.0,67,Available
20260911_142131,2026-09-11T14:23:37,EaseMyTrip,DEL-BLR,DEL,BLR,T+7,2026-09-18,IndiGo,6E-2314,05:45,08:40,02h 55m,ECONOMY,R,6998.0,1831.0,8829.0,77,Available
20260911_142131,2026-09-11T14:23:37,EaseMyTrip,DEL-BLR,DEL,BLR,T+7,2026-09-18,IndiGo,6E-850,12:20,15:20,03h 00m,ECONOMY,R,6998.0,1831.0,8829.0,36,Available
20260911_142131,2026-09-11T14:23:37,EaseMyTrip,DEL-BLR,DEL,BLR,T+7,2026-09-18,Air India,AI-2757,00:15,03:10,02h 55m,ECONOMY,T,7284.0,1866.0,9150.0,9,Available
20260911_142131,2026-09-11T14:23:37,EaseMyTrip,DEL-BLR,DEL,BLR,T+7,2026-09-18,Air India Express,IX-5975,21:00,23:55,02h 55m,ECONOMY,W,7409.0,1876.0,9285.0,2,Available
20260911_142131,2026-09-11T14:23:37,EaseMyTrip,DEL-BLR,DEL,BLR,T+7,2026-09-18,IndiGo,6E-873,08:20,11:10,02h 50m,ECONOMY,R,7433.0,1853.0,9286.0,31,Available
20260911_142131,2026-09-11T14:23:37,EaseMyTrip,DEL-BLR,DEL,BLR,T+7,2026-09-18,IndiGo,6E-6515,20:45,23:40,02h 55m,ECONOMY,R,7433.0,1853.0,9286.0,42,Available
20260911_142131,2026-09-11T14:23:37,EaseMyTrip,DEL-BLR,DEL,BLR,T+7,2026-09-18,IndiGo,6E-880,15:45,18:40,02h 55m,ECONOMY,R,7433.0,1853.0,9286.0,36,Available
20260911_142131,2026-09-11T14:23:37,EaseMyTrip,DEL-BLR,DEL,BLR,T+7,2026-09-18,IndiGo,6E-828,14:30,17:25,02h 55m,ECONOMY,R,7433.0,1853.0,9286.0,40,Available
20260911_142131,2026-09-11T14:23:37,EaseMyTrip,DEL-BLR,DEL,BLR,T+7,2026-09-18,IndiGo,6E-837,17:00,19:55,02h 55m,ECONOMY,R,7433.0,1853.0,9286.0,19,Available
20260911_142131,2026-09-11T14:23:37,EaseMyTrip,DEL-BLR,DEL,BLR,T+7,2026-09-18,IndiGo,6E-176,13:15,16:10,02h 55m,ECONOMY,R,7433.0,1853.0,9286.0,34,Available
20260911_142131,2026-09-11T14:23:37,EaseMyTrip,DEL-BLR,DEL,BLR,T+7,2026-09-18,Air India,AI-2653,04:30,07:20,02h 50m,ECONOMY,T,7427.0,1873.0,9300.0,9,Available
20260911_142131,2026-09-11T14:23:37,EaseMyTrip,DEL-BLR,DEL,BLR,T+7,2026-09-18,Air India,AI-427,08:30,11:20,02h 50m,ECONOMY,T,7427.0,1873.0,9300.0,9,Available
20260911_142131,2026-09-11T14:23:37,EaseMyTrip,DEL-BLR,DEL,BLR,T+7,2026-09-18,Air India,AI-2409,06:00,08:55,02h 55m,ECONOMY,T,7427.0,1873.0,9300.0,9,Available
20260911_142131,2026-09-11T14:23:37,EaseMyTrip,DEL-BLR,DEL,BLR,T+7,2026-09-18,Air India,AI-2803,06:30,09:25,02h 55m,ECONOMY,T,7427.0,1873.0,9300.0,9,Available
20260911_142131,2026-09-11T14:23:37,EaseMyTrip,DEL-BLR,DEL,BLR,T+7,2026-09-18,Air India,AI-2815,07:00,09:55,02h 55m,ECONOMY,T,7427.0,1873.0,9300.0,9,Available
20260911_142131,2026-09-11T14:23:37,EaseMyTrip,DEL-BLR,DEL,BLR,T+7,2026-09-18,Air India,AI-2485,10:30,13:20,02h 50m,ECONOMY,U,7862.0,1894.0,9756.0,9,Available
20260911_142131,2026-09-11T14:23:37,EaseMyTrip,DEL-BLR,DEL,BLR,T+7,2026-09-18,Air India,AI-2415,09:30,12:25,02h 55m,ECONOMY,U,7862.0,1894.0,9756.0,9,Available
20260911_142131,2026-09-11T14:23:37,EaseMyTrip,DEL-BLR,DEL,BLR,T+7,2026-09-18,IndiGo,6E-861,19:30,22:25,02h 55m,ECONOMY,R,7895.0,1876.0,9771.0,14,Available
20260911_142131,2026-09-11T14:23:37,EaseMyTrip,DEL-BLR,DEL,BLR,T+7,2026-09-18,Akasa Air,QP-1822,16:40,19:40,03h 00m,ECONOMY,T1,8754.0,1105.0,9859.0,9,Available
20260911_142131,2026-09-11T14:23:37,EaseMyTrip,DEL-BLR,DEL,BLR,T+7,2026-09-18,Air India Express,IX-1070,18:20,21:15,02h 55m,ECONOMY,E,8028.0,1908.0,9936.0,5,Available
20260911_142131,2026-09-11T14:23:37,EaseMyTrip,DEL-BLR,DEL,BLR,T+7,2026-09-18,Akasa Air,QP-1308,20:55,23:50,02h 55m,ECONOMY,T0,8929.0,1113.0,10042.0,9,Available
20260911_142131,2026-09-11T14:23:37,EaseMyTrip,DEL-BLR,DEL,BLR,T+7,2026-09-18,Air India,AI-2664,15:50,18:45,02h 55m,ECONOMY,L,8324.0,1918.0,10242.0,9,Available
20260911_142131,2026-09-11T14:23:37,EaseMyTrip,DEL-BLR,DEL,BLR,T+7,2026-09-18,IndiGo,6E-811,18:20,21:10,02h 50m,ECONOMY,R,8385.0,1900.0,10285.0,27,Available
20260911_142131,2026-09-11T14:23:37,EaseMyTrip,DEL-BLR,DEL,BLR,T+7,2026-09-18,Air India,AI-2819,15:00,17:55,02h 55m,ECONOMY,L,8491.0,1926.0,10417.0,9,Available
20260911_142131,2026-09-11T14:23:37,EaseMyTrip,DEL-BLR,DEL,BLR,T+7,2026-09-18,Air India,AI-2412,21:30,00:25,02h 55m,ECONOMY,L,8574.0,1930.0,10504.0,9,Available
20260911_142131,2026-09-11T14:23:37,EaseMyTrip,DEL-BLR,DEL,BLR,T+7,2026-09-18,Akasa Air,QP-1824,20:10,23:10,03h 00m,ECONOMY,R2,9476.0,1141.0,10617.0,9,Available
20260911_142131,2026-09-11T14:23:37,EaseMyTrip,DEL-BLR,DEL,BLR,T+7,2026-09-18,Air India,AI-2417,13:00,15:55,02h 55m,ECONOMY,G,8990.0,1951.0,10941.0,1,Available
20260911_142131,2026-09-11T14:23:37,EaseMyTrip,DEL-BLR,DEL,BLR,T+7,2026-09-18,Air India,AI-2817,16:30,19:15,02h 45m,ECONOMY,W,9334.0,1968.0,11302.0,5,Available
20260911_142131,2026-09-11T14:23:37,EaseMyTrip,DEL-BLR,DEL,BLR,T+7,2026-09-18,Air India,AI-2809,19:30,22:20,02h 50m,ECONOMY,W,9521.0,1977.0,11498.0,9,Available
20260911_142131,2026-09-11T14:23:37,EaseMyTrip,DEL-BLR,DEL,BLR,T+7,2026-09-18,Air India,AI-2512,19:00,21:55,02h 55m,ECONOMY,V,9889.0,1996.0,11885.0,9,Available
20260911_142131,2026-09-11T14:24:01,EaseMyTrip,DEL-BLR,DEL,BLR,T+15,2026-09-26,Akasa Air,QP-1812,22:55,01:45,02h 50m,ECONOMY,U2,7774.0,1055.0,8829.0,9,Available
20260911_142131,2026-09-11T14:24:01,EaseMyTrip,DEL-BLR,DEL,BLR,T+15,2026-09-26,Akasa Air,QP-1308,20:55,23:50,02h 55m,ECONOMY,U2,7774.0,1055.0,8829.0,9,Available
20260911_142131,2026-09-11T14:24:01,EaseMyTrip,DEL-BLR,DEL,BLR,T+15,2026-09-26,Akasa Air,QP-1350,21:55,00:50,02h 55m,ECONOMY,U2,7774.0,1055.0,8829.0,9,Available
20260911_142131,2026-09-11T14:24:01,EaseMyTrip,DEL-BLR,DEL,BLR,T+15,2026-09-26,IndiGo,6E-6515,20:45,23:40,02h 55m,ECONOMY,R,6998.0,1831.0,8829.0,10,Available
20260911_142131,2026-09-11T14:24:01,EaseMyTrip,DEL-BLR,DEL,BLR,T+15,2026-09-26,IndiGo,6E-2314,05:45,08:40,02h 55m,ECONOMY,R,6998.0,1831.0,8829.0,22,Available
20260911_142131,2026-09-11T14:24:01,EaseMyTrip,DEL-BLR,DEL,BLR,T+15,2026-09-26,Akasa Air,QP-1824,20:10,23:10,03h 00m,ECONOMY,U2,7774.0,1055.0,8829.0,9,Available
20260911_142131,2026-09-11T14:24:01,EaseMyTrip,DEL-BLR,DEL,BLR,T+15,2026-09-26,Air India Express,IX-1070,18:20,21:15,02h 55m,ECONOMY,H,7164.0,1864.0,9028.0,5,Available
20260911_142131,2026-09-11T14:24:01,EaseMyTrip,DEL-BLR,DEL,BLR,T+15,2026-09-26,IndiGo,6E-811,18:20,21:10,02h 50m,ECONOMY,R,7433.0,1853.0,9286.0,2,Available
20260911_142131,2026-09-11T14:24:01,EaseMyTrip,DEL-BLR,DEL,BLR,T+15,2026-09-26,IndiGo,6E-820,03:00,05:55,02h 55m,ECONOMY,R,7433.0,1853.0,9286.0,14,Available
20260911_142131,2026-09-11T14:24:01,EaseMyTrip,DEL-BLR,DEL,BLR,T+15,2026-09-26,IndiGo,6E-846,22:00,00:55,02h 55m,ECONOMY,R,7433.0,1853.0,9286.0,5,Available
20260911_142131,2026-09-11T14:24:01,EaseMyTrip,DEL-BLR,DEL,BLR,T+15,2026-09-26,IndiGo,6E-810,07:05,10:00,02h 55m,ECONOMY,R,7433.0,1853.0,9286.0,2,Available
20260911_142131,2026-09-11T14:24:01,EaseMyTrip,DEL-BLR,DEL,BLR,T+15,2026-09-26,Air India,AI-2409,06:00,08:55,02h 55m,ECONOMY,T,7427.0,1873.0,9300.0,9,Available
20260911_142131,2026-09-11T14:24:01,EaseMyTrip,DEL-BLR,DEL,BLR,T+15,2026-09-26,Air India,AI-2803,06:30,09:25,02h 55m,ECONOMY,T,7427.0,1873.0,9300.0,9,Available
20260911_142131,2026-09-11T14:24:01,EaseMyTrip,DEL-BLR,DEL,BLR,T+15,2026-09-26,Air India,AI-2815,07:00,09:55,02h 55m,ECONOMY,T,7427.0,1873.0,9300.0,9,Available
20260911_142131,2026-09-11T14:24:01,EaseMyTrip,DEL-BLR,DEL,BLR,T+15,2026-09-26,Air India,AI-2757,00:15,03:10,02h 55m,ECONOMY,U,7719.0,1887.0,9606.0,9,Available
20260911_142131,2026-09-11T14:24:01,EaseMyTrip,DEL-BLR,DEL,BLR,T+15,2026-09-26,Akasa Air,QP-1822,16:40,19:40,03h 00m,ECONOMY,T2,8583.0,1097.0,9680.0,9,Available
20260911_142131,2026-09-11T14:24:01,EaseMyTrip,DEL-BLR,DEL,BLR,T+15,2026-09-26,Air India,AI-2653,04:30,07:20,02h 50m,ECONOMY,U,7862.0,1894.0,9756.0,9,Available
20260911_142131,2026-09-11T14:24:01,EaseMyTrip,DEL-BLR,DEL,BLR,T+15,2026-09-26,Air India,AI-2487,18:30,21:25,02h 55m,ECONOMY,U,7862.0,1894.0,9756.0,9,Available
20260911_142131,2026-09-11T14:24:01,EaseMyTrip,DEL-BLR,DEL,BLR,T+15,2026-09-26,Air India,AI-2512,19:00,21:55,02h 55m,ECONOMY,U,7862.0,1894.0,9756.0,9,Available
20260911_142131,2026-09-11T14:24:01,EaseMyTrip,DEL-BLR,DEL,BLR,T+15,2026-09-26,Air India,AI-2412,21:30,00:25,02h 55m,ECONOMY,U,7862.0,1894.0,9756.0,1,Available
20260911_142131,2026-09-11T14:24:01,EaseMyTrip,DEL-BLR,DEL,BLR,T+15,2026-09-26,IndiGo,6E-873,08:20,11:10,02h 50m,ECONOMY,R,7895.0,1876.0,9771.0,7,Available
20260911_142131,2026-09-11T14:24:01,EaseMyTrip,DEL-BLR,DEL,BLR,T+15,2026-09-26,IndiGo,6E-861,19:30,22:25,02h 55m,ECONOMY,R,7895.0,1876.0,9771.0,10,Available
20260911_142131,2026-09-11T14:24:01,EaseMyTrip,DEL-BLR,DEL,BLR,T+15,2026-09-26,IndiGo,6E-880,15:45,18:40,02h 55m,ECONOMY,R,7895.0,1876.0,9771.0,9,Available
20260911_142131,2026-09-11T14:24:01,EaseMyTrip,DEL-BLR,DEL,BLR,T+15,2026-09-26,IndiGo,6E-826,09:30,12:25,02h 55m,ECONOMY,R,7895.0,1876.0,9771.0,9,Available
20260911_142131,2026-09-11T14:24:01,EaseMyTrip,DEL-BLR,DEL,BLR,T+15,2026-09-26,Air India,AI-2817,16:30,19:15,02h 45m,ECONOMY,L,8324.0,1918.0,10242.0,9,Available
20260911_142131,2026-09-11T14:24:01,EaseMyTrip,DEL-BLR,DEL,BLR,T+15,2026-09-26,Air India,AI-2809,19:30,22:20,02h 50m,ECONOMY,L,8324.0,1918.0,10242.0,9,Available
20260911_142131,2026-09-11T14:24:01,EaseMyTrip,DEL-BLR,DEL,BLR,T+15,2026-09-26,Air India,AI-2415,09:30,12:25,02h 55m,ECONOMY,L,8324.0,1918.0,10242.0,9,Available
20260911_142131,2026-09-11T14:24:01,EaseMyTrip,DEL-BLR,DEL,BLR,T+15,2026-09-26,Air India,AI-2664,15:50,18:45,02h 55m,ECONOMY,L,8324.0,1918.0,10242.0,9,Available
20260911_142131,2026-09-11T14:24:01,EaseMyTrip,DEL-BLR,DEL,BLR,T+15,2026-09-26,IndiGo,6E-828,14:30,17:25,02h 55m,ECONOMY,R,8385.0,1900.0,10285.0,9,Available
20260911_142131,2026-09-11T14:24:01,EaseMyTrip,DEL-BLR,DEL,BLR,T+15,2026-09-26,IndiGo,6E-837,17:00,19:55,02h 55m,ECONOMY,R,8385.0,1900.0,10285.0,7,Available
20260911_142131,2026-09-11T14:24:01,EaseMyTrip,DEL-BLR,DEL,BLR,T+15,2026-09-26,IndiGo,6E-176,13:15,16:10,02h 55m,ECONOMY,R,8385.0,1900.0,10285.0,4,Available
20260911_142131,2026-09-11T14:24:01,EaseMyTrip,DEL-BLR,DEL,BLR,T+15,2026-09-26,Air India,AI-427,08:30,11:20,02h 50m,ECONOMY,L,8491.0,1926.0,10417.0,9,Available
20260911_142131,2026-09-11T14:24:01,EaseMyTrip,DEL-BLR,DEL,BLR,T+15,2026-09-26,Air India,AI-2819,15:00,17:55,02h 55m,ECONOMY,L,8491.0,1926.0,10417.0,9,Available
20260911_142131,2026-09-11T14:24:01,EaseMyTrip,DEL-BLR,DEL,BLR,T+15,2026-09-26,Air India,AI-2485,10:30,13:20,02h 50m,ECONOMY,L,8657.0,1934.0,10591.0,9,Available
20260911_142131,2026-09-11T14:24:01,EaseMyTrip,DEL-BLR,DEL,BLR,T+15,2026-09-26,IndiGo,6E-842,10:45,13:40,02h 55m,ECONOMY,R,8906.0,1926.0,10832.0,1,Available
20260911_142131,2026-09-11T14:24:01,EaseMyTrip,DEL-BLR,DEL,BLR,T+15,2026-09-26,IndiGo,6E-850,12:20,15:20,03h 00m,ECONOMY,R,8906.0,1926.0,10832.0,10,Available
20260911_142131,2026-09-11T14:24:11,EaseMyTrip,BOM-BLR,BOM,BLR,T+1,2026-09-12,Akasa Air,QP-1518,21:45,23:45,02h 00m,ECONOMY,Q2,7056.0,1074.0,8130.0,7,Available
20260911_142131,2026-09-11T14:24:11,EaseMyTrip,BOM-BLR,BOM,BLR,T+1,2026-09-12,IndiGo,6E-6188,21:30,23:25,01h 55m,ECONOMY,R,7563.0,1494.0,9057.0,1,Available
20260911_142131,2026-09-11T14:24:11,EaseMyTrip,BOM-BLR,BOM,BLR,T+1,2026-09-12,IndiGo,6E-5388,22:20,00:20,02h 00m,ECONOMY,R,7563.0,1494.0,9057.0,1,Available
20260911_142131,2026-09-11T14:24:11,EaseMyTrip,BOM-BLR,BOM,BLR,T+1,2026-09-12,Air India,AI-2641,18:30,20:35,02h 05m,ECONOMY,Q,7635.0,1571.0,9206.0,9,Available
20260911_142131,2026-09-11T14:24:11,EaseMyTrip,BOM-BLR,BOM,BLR,T+1,2026-09-12,Air India,AI-2401,20:45,22:45,02h 00m,ECONOMY,K,9100.0,1644.0,10744.0,3,Available
20260911_142131,2026-09-11T14:24:11,EaseMyTrip,BOM-BLR,BOM,BLR,T+1,2026-09-12,Air India,AI-2865,19:45,21:50,02h 05m,ECONOMY,K,9100.0,1644.0,10744.0,9,Available
20260911_142131,2026-09-11T14:24:11,EaseMyTrip,BOM-BLR,BOM,BLR,T+1,2026-09-12,Air India,AI-2849,17:30,19:35,02h 05m,ECONOMY,K,9464.0,1662.0,11126.0,9,Available
20260911_142131,2026-09-11T14:24:11,EaseMyTrip,BOM-BLR,BOM,BLR,T+1,2026-09-12,Akasa Air,QP-1382,18:25,20:20,01h 55m,ECONOMY,O4,10096.0,1226.0,11322.0,8,Available
20260911_142131,2026-09-11T14:24:11,EaseMyTrip,BOM-BLR,BOM,BLR,T+1,2026-09-12,IndiGo,6E-5047,18:30,20:25,01h 55m,ECONOMY,R,9763.0,1604.0,11367.0,3,Available
20260911_142131,2026-09-11T14:24:11,EaseMyTrip,BOM-BLR,BOM,BLR,T+1,2026-09-12,IndiGo,6E-5071,15:35,17:25,01h 50m,ECONOMY,R,10463.0,1639.0,12102.0,2,Available
20260911_142131,2026-09-11T14:24:11,EaseMyTrip,BOM-BLR,BOM,BLR,T+1,2026-09-12,IndiGo,6E-5221,17:00,18:55,01h 55m,ECONOMY,R,10463.0,1639.0,12102.0,4,Available
20260911_142131,2026-09-11T14:24:11,EaseMyTrip,BOM-BLR,BOM,BLR,T+1,2026-09-12,Air India,AI-2857,23:30,01:35,02h 05m,ECONOMY,H,10900.0,1734.0,12634.0,2,Available
20260911_142131,2026-09-11T14:24:11,EaseMyTrip,BOM-BLR,BOM,BLR,T+1,2026-09-12,Air India,AI-2853,15:25,17:35,02h 10m,ECONOMY,H,11118.0,1745.0,12863.0,1,Available
20260911_142131,2026-09-11T14:24:11,EaseMyTrip,BOM-BLR,BOM,BLR,T+1,2026-09-12,Akasa Air,QP-1133,19:40,21:45,02h 05m,ECONOMY,N4,12630.0,1354.0,13984.0,8,Available
20260911_142131,2026-09-11T14:24:11,EaseMyTrip,BOM-BLR,BOM,BLR,T+1,2026-09-12,IndiGo,6E-5382,14:30,16:25,01h 55m,ECONOMY,R,12763.0,1754.0,14517.0,8,Available
20260911_142131,2026-09-11T14:24:11,EaseMyTrip,BOM-BLR,BOM,BLR,T+1,2026-09-12,IndiGo,6E-5184,12:30,14:25,01h 55m,ECONOMY,R,12763.0,1754.0,14517.0,11,Available
20260911_142131,2026-09-11T14:24:11,EaseMyTrip,BOM-BLR,BOM,BLR,T+1,2026-09-12,IndiGo,6E-5217,11:00,12:55,01h 55m,ECONOMY,R,12763.0,1754.0,14517.0,1,Available
20260911_142131,2026-09-11T14:24:11,EaseMyTrip,BOM-BLR,BOM,BLR,T+1,2026-09-12,Air India,AI-2603,06:35,08:35,02h 00m,ECONOMY,M,12700.0,1824.0,14524.0,1,Available
20260911_142131,2026-09-11T14:24:11,EaseMyTrip,BOM-BLR,BOM,BLR,T+1,2026-09-12,Akasa Air,QP-1527,07:35,09:35,02h 00m,ECONOMY,N3,13209.0,1382.0,14591.0,8,Available
20260911_142131,2026-09-11T14:24:11,EaseMyTrip,BOM-BLR,BOM,BLR,T+1,2026-09-12,IndiGo,6E-5294,04:30,06:25,01h 55m,ECONOMY,R,13646.0,1798.0,15444.0,3,Available
20260911_142131,2026-09-11T14:24:11,EaseMyTrip,BOM-BLR,BOM,BLR,T+1,2026-09-12,IndiGo,6E-5296,06:30,08:25,01h 55m,ECONOMY,R,13763.0,1804.0,15567.0,3,Available
20260911_142131,2026-09-11T14:24:11,EaseMyTrip,BOM-BLR,BOM,BLR,T+1,2026-09-12,IndiGo,6E-5092,09:50,11:55,02h 05m,ECONOMY,R,13763.0,1804.0,15567.0,1,Available
20260911_142131,2026-09-11T14:24:11,EaseMyTrip,BOM-BLR,BOM,BLR,T+1,2026-09-12,Akasa Air,QP-1516,00:35,02:25,01h 50m,ECONOMY,N1,14446.0,1444.0,15890.0,9,Available
20260911_142131,2026-09-11T14:24:11,EaseMyTrip,BOM-BLR,BOM,BLR,T+1,2026-09-12,IndiGo,6E-5193,08:05,09:55,01h 50m,ECONOMY,R,14963.0,1864.0,16827.0,4,Available
20260911_142131,2026-09-11T14:24:11,EaseMyTrip,BOM-BLR,BOM,BLR,T+1,2026-09-12,IndiGo,6E-5323,01:10,03:05,01h 55m,ECONOMY,R,14963.0,1864.0,16827.0,3,Available
20260911_142131,2026-09-11T14:24:11,EaseMyTrip,BOM-BLR,BOM,BLR,T+1,2026-09-12,Air India,AI-2863,10:00,12:05,02h 05m,ECONOMY,B,15647.0,1971.0,17618.0,1,Available
20260911_142131,2026-09-11T14:24:11,EaseMyTrip,BOM-BLR,BOM,BLR,T+1,2026-09-12,Air India,AI-2812,02:05,04:10,02h 05m,ECONOMY,Y,17331.0,2055.0,19386.0,3,Available
20260911_142131,2026-09-11T14:24:11,EaseMyTrip,BOM-BLR,BOM,BLR,T+1,2026-09-12,Air India,AI-2410,05:30,07:35,02h 05m,ECONOMY,Y,17331.0,2055.0,19386.0,5,Available
20260911_142131,2026-09-11T14:24:11,EaseMyTrip,BOM-BLR,BOM,BLR,T+1,2026-09-12,Air India,AI-2632,12:00,14:05,02h 05m,ECONOMY,Y,17678.0,2073.0,19751.0,3,Available
20260911_142131,2026-09-11T14:24:37,EaseMyTrip,BOM-BLR,BOM,BLR,T+7,2026-09-18,IndiGo,6E-5323,01:10,03:05,01h 55m,ECONOMY,R,3747.0,1303.0,5050.0,55,Available
20260911_142131,2026-09-11T14:24:37,EaseMyTrip,BOM-BLR,BOM,BLR,T+7,2026-09-18,IndiGo,6E-5294,04:30,06:25,01h 55m,ECONOMY,R,3747.0,1303.0,5050.0,25,Available
20260911_142131,2026-09-11T14:24:37,EaseMyTrip,BOM-BLR,BOM,BLR,T+7,2026-09-18,Akasa Air,QP-1516,00:35,02:25,01h 50m,ECONOMY,T2,4508.0,948.0,5456.0,8,Available
20260911_142131,2026-09-11T14:24:37,EaseMyTrip,BOM-BLR,BOM,BLR,T+7,2026-09-18,Air India,AI-3305,23:40,01:40,02h 00m,ECONOMY,T,4238.0,1401.0,5639.0,1,Available
20260911_142131,2026-09-11T14:24:37,EaseMyTrip,BOM-BLR,BOM,BLR,T+7,2026-09-18,Air India,AI-2812,02:05,04:10,02h 05m,ECONOMY,T,4238.0,1401.0,5639.0,9,Available
20260911_142131,2026-09-11T14:24:37,EaseMyTrip,BOM-BLR,BOM,BLR,T+7,2026-09-18,Akasa Air,QP-1384,23:10,01:05,01h 55m,ECONOMY,R1,5898.0,1016.0,6914.0,8,Available
20260911_142131,2026-09-11T14:24:37,EaseMyTrip,BOM-BLR,BOM,BLR,T+7,2026-09-18,Akasa Air,QP-1518,21:45,23:45,02h 00m,ECONOMY,R1,5898.0,1016.0,6914.0,8,Available
20260911_142131,2026-09-11T14:24:37,EaseMyTrip,BOM-BLR,BOM,BLR,T+7,2026-09-18,Air India,AI-2857,23:30,01:35,02h 05m,ECONOMY,L,5582.0,1468.0,7050.0,9,Available
20260911_142131,2026-09-11T14:24:37,EaseMyTrip,BOM-BLR,BOM,BLR,T+7,2026-09-18,IndiGo,6E-5071,15:35,17:25,01h 50m,ECONOMY,R,5663.0,1399.0,7062.0,7,Available
20260911_142131,2026-09-11T14:24:37,EaseMyTrip,BOM-BLR,BOM,BLR,T+7,2026-09-18,IndiGo,6E-6188,21:30,23:25,01h 55m,ECONOMY,R,5663.0,1399.0,7062.0,6,Available
20260911_142131,2026-09-11T14:24:37,EaseMyTrip,BOM-BLR,BOM,BLR,T+7,2026-09-18,IndiGo,6E-5184,12:30,14:25,01h 55m,ECONOMY,R,5663.0,1399.0,7062.0,10,Available
20260911_142131,2026-09-11T14:24:37,EaseMyTrip,BOM-BLR,BOM,BLR,T+7,2026-09-18,IndiGo,6E-5217,11:00,12:55,01h 55m,ECONOMY,R,5663.0,1399.0,7062.0,7,Available
20260911_142131,2026-09-11T14:24:37,EaseMyTrip,BOM-BLR,BOM,BLR,T+7,2026-09-18,IndiGo,6E-5296,06:30,08:25,01h 55m,ECONOMY,R,5663.0,1399.0,7062.0,95,Available
20260911_142131,2026-09-11T14:24:37,EaseMyTrip,BOM-BLR,BOM,BLR,T+7,2026-09-18,IndiGo,6E-5388,22:20,00:20,02h 00m,ECONOMY,R,5663.0,1399.0,7062.0,61,Available
20260911_142131,2026-09-11T14:24:37,EaseMyTrip,BOM-BLR,BOM,BLR,T+7,2026-09-18,IndiGo,6E-5092,09:50,11:55,02h 05m,ECONOMY,R,5663.0,1399.0,7062.0,6,Available
20260911_142131,2026-09-11T14:24:37,EaseMyTrip,BOM-BLR,BOM,BLR,T+7,2026-09-18,IndiGo,6E-5193,08:05,09:55,01h 50m,ECONOMY,R,5963.0,1414.0,7377.0,75,Available
20260911_142131,2026-09-11T14:24:37,EaseMyTrip,BOM-BLR,BOM,BLR,T+7,2026-09-18,IndiGo,6E-5382,14:30,16:25,01h 55m,ECONOMY,R,5963.0,1414.0,7377.0,88,Available
20260911_142131,2026-09-11T14:24:37,EaseMyTrip,BOM-BLR,BOM,BLR,T+7,2026-09-18,IndiGo,6E-5221,17:00,18:55,01h 55m,ECONOMY,R,5963.0,1414.0,7377.0,3,Available
20260911_142131,2026-09-11T14:24:37,EaseMyTrip,BOM-BLR,BOM,BLR,T+7,2026-09-18,Air India,AI-2603,06:35,08:35,02h 00m,ECONOMY,L,5941.0,1486.0,7427.0,9,Available
20260911_142131,2026-09-11T14:24:37,EaseMyTrip,BOM-BLR,BOM,BLR,T+7,2026-09-18,Akasa Air,QP-1527,07:35,09:35,02h 00m,ECONOMY,Q4,6451.0,1044.0,7495.0,5,Available
20260911_142131,2026-09-11T14:24:37,EaseMyTrip,BOM-BLR,BOM,BLR,T+7,2026-09-18,Air India,AI-2863,10:00,12:05,02h 05m,ECONOMY,L,6179.0,1498.0,7677.0,9,Available
20260911_142131,2026-09-11T14:24:37,EaseMyTrip,BOM-BLR,BOM,BLR,T+7,2026-09-18,Air India,AI-2632,12:00,14:05,02h 05m,ECONOMY,G,6241.0,1501.0,7742.0,5,Available
20260911_142131,2026-09-11T14:24:37,EaseMyTrip,BOM-BLR,BOM,BLR,T+7,2026-09-18,Air India,AI-2853,15:25,17:35,02h 10m,ECONOMY,G,6241.0,1501.0,7742.0,9,Available
20260911_142131,2026-09-11T14:24:37,EaseMyTrip,BOM-BLR,BOM,BLR,T+7,2026-09-18,Air India,AI-2851,07:55,10:05,02h 10m,ECONOMY,L,6298.0,1504.0,7802.0,9,Available
20260911_142131,2026-09-11T14:24:37,EaseMyTrip,BOM-BLR,BOM,BLR,T+7,2026-09-18,IndiGo,6E-5047,18:30,20:25,01h 55m,ECONOMY,R,7563.0,1494.0,9057.0,4,Available
20260911_142131,2026-09-11T14:24:37,EaseMyTrip,BOM-BLR,BOM,BLR,T+7,2026-09-18,Air India,AI-2849,17:30,19:35,02h 05m,ECONOMY,Q,7635.0,1571.0,9206.0,9,Available
20260911_142131,2026-09-11T14:24:37,EaseMyTrip,BOM-BLR,BOM,BLR,T+7,2026-09-18,Air India,AI-2401,20:45,22:45,02h 00m,ECONOMY,Q,7708.0,1574.0,9282.0,5,Available
20260911_142131,2026-09-11T14:24:37,EaseMyTrip,BOM-BLR,BOM,BLR,T+7,2026-09-18,Air India,AI-2865,19:45,21:50,02h 05m,ECONOMY,Q,7708.0,1574.0,9282.0,9,Available
20260911_142131,2026-09-11T14:24:37,EaseMyTrip,BOM-BLR,BOM,BLR,T+7,2026-09-18,IndiGo,6E-5032,19:55,21:45,01h 50m,ECONOMY,R,8063.0,1519.0,9582.0,7,Available
20260911_142131,2026-09-11T14:24:37,EaseMyTrip,BOM-BLR,BOM,BLR,T+7,2026-09-18,Akasa Air,QP-1382,18:25,20:20,01h 55m,ECONOMY,P3,8440.0,1144.0,9584.0,8,Available
20260911_142131,2026-09-11T14:24:37,EaseMyTrip,BOM-BLR,BOM,BLR,T+7,2026-09-18,Akasa Air,QP-1133,19:40,21:45,02h 05m,ECONOMY,P1,9231.0,1184.0,10415.0,8,Available
20260911_142131,2026-09-11T14:24:37,EaseMyTrip,BOM-BLR,BOM,BLR,T+7,2026-09-18,Air India,AI-2641,18:30,20:35,02h 05m,ECONOMY,K,9646.0,1671.0,11317.0,9,Available
20260911_142131,2026-09-11T14:24:46,EaseMyTrip,BOM-BLR,BOM,BLR,T+15,2026-09-26,Akasa Air,QP-1518,21:45,23:45,02h 00m,ECONOMY,R1,5898.0,1016.0,6914.0,8,Available
20260911_142131,2026-09-11T14:24:46,EaseMyTrip,BOM-BLR,BOM,BLR,T+15,2026-09-26,IndiGo,6E-5193,08:05,09:55,01h 50m,ECONOMY,R,5663.0,1399.0,7062.0,2,Available
20260911_142131,2026-09-11T14:24:46,EaseMyTrip,BOM-BLR,BOM,BLR,T+15,2026-09-26,IndiGo,6E-6188,21:30,23:25,01h 55m,ECONOMY,R,5663.0,1399.0,7062.0,2,Available
20260911_142131,2026-09-11T14:24:46,EaseMyTrip,BOM-BLR,BOM,BLR,T+15,2026-09-26,IndiGo,6E-5047,18:30,20:25,01h 55m,ECONOMY,R,5663.0,1399.0,7062.0,20,Available
20260911_142131,2026-09-11T14:24:46,EaseMyTrip,BOM-BLR,BOM,BLR,T+15,2026-09-26,IndiGo,6E-5382,14:30,16:25,01h 55m,ECONOMY,R,5663.0,1399.0,7062.0,10,Available
20260911_142131,2026-09-11T14:24:46,EaseMyTrip,BOM-BLR,BOM,BLR,T+15,2026-09-26,IndiGo,6E-5184,12:30,14:25,01h 55m,ECONOMY,R,5663.0,1399.0,7062.0,6,Available
20260911_142131,2026-09-11T14:24:46,EaseMyTrip,BOM-BLR,BOM,BLR,T+15,2026-09-26,IndiGo,6E-5221,17:00,18:55,01h 55m,ECONOMY,R,5663.0,1399.0,7062.0,9,Available
20260911_142131,2026-09-11T14:24:46,EaseMyTrip,BOM-BLR,BOM,BLR,T+15,2026-09-26,IndiGo,6E-5296,06:30,08:25,01h 55m,ECONOMY,R,5663.0,1399.0,7062.0,95,Available
20260911_142131,2026-09-11T14:24:46,EaseMyTrip,BOM-BLR,BOM,BLR,T+15,2026-09-26,IndiGo,6E-5388,22:20,00:20,02h 00m,ECONOMY,R,5663.0,1399.0,7062.0,106,Available
20260911_142131,2026-09-11T14:24:46,EaseMyTrip,BOM-BLR,BOM,BLR,T+15,2026-09-26,IndiGo,6E-5092,09:50,11:55,02h 05m,ECONOMY,R,5663.0,1399.0,7062.0,10,Available
20260911_142131,2026-09-11T14:24:46,EaseMyTrip,BOM-BLR,BOM,BLR,T+15,2026-09-26,Akasa Air,QP-1382,18:25,20:20,01h 55m,ECONOMY,R0,6169.0,1030.0,7199.0,8,Available
20260911_142131,2026-09-11T14:24:46,EaseMyTrip,BOM-BLR,BOM,BLR,T+15,2026-09-26,Akasa Air,QP-1527,07:35,09:35,02h 00m,ECONOMY,R0,6169.0,1030.0,7199.0,8,Available
20260911_142131,2026-09-11T14:24:46,EaseMyTrip,BOM-BLR,BOM,BLR,T+15,2026-09-26,IndiGo,6E-5071,15:35,17:25,01h 50m,ECONOMY,R,5963.0,1414.0,7377.0,42,Available
20260911_142131,2026-09-11T14:24:46,EaseMyTrip,BOM-BLR,BOM,BLR,T+15,2026-09-26,Air India,AI-2603,06:35,08:35,02h 00m,ECONOMY,L,5941.0,1486.0,7427.0,9,Available
20260911_142131,2026-09-11T14:24:46,EaseMyTrip,BOM-BLR,BOM,BLR,T+15,2026-09-26,Air India,AI-2401,20:45,22:45,02h 00m,ECONOMY,L,5941.0,1486.0,7427.0,9,Available
20260911_142131,2026-09-11T14:24:46,EaseMyTrip,BOM-BLR,BOM,BLR,T+15,2026-09-26,Air India,AI-2865,19:45,21:50,02h 05m,ECONOMY,L,5941.0,1486.0,7427.0,9,Available
20260911_142131,2026-09-11T14:24:46,EaseMyTrip,BOM-BLR,BOM,BLR,T+15,2026-09-26,Air India,AI-2853,15:25,17:35,02h 10m,ECONOMY,L,6060.0,1492.0,7552.0,9,Available
20260911_142131,2026-09-11T14:24:46,EaseMyTrip,BOM-BLR,BOM,BLR,T+15,2026-09-26,Air India,AI-2849,17:30,19:35,02h 05m,ECONOMY,L,6179.0,1498.0,7677.0,9,Available
20260911_142131,2026-09-11T14:24:46,EaseMyTrip,BOM-BLR,BOM,BLR,T+15,2026-09-26,IndiGo,6E-5217,11:00,12:55,01h 55m,ECONOMY,R,6263.0,1429.0,7692.0,74,Available
20260911_142131,2026-09-11T14:24:46,EaseMyTrip,BOM-BLR,BOM,BLR,T+15,2026-09-26,Air India,AI-2851,07:55,10:05,02h 10m,ECONOMY,L,6298.0,1504.0,7802.0,9,Available
20260911_142131,2026-09-11T14:24:46,EaseMyTrip,BOM-BLR,BOM,BLR,T+15,2026-09-26,Air India,AI-2863,10:00,12:05,02h 05m,ECONOMY,G,6491.0,1513.0,8004.0,7,Available
20260911_142131,2026-09-11T14:24:46,EaseMyTrip,BOM-BLR,BOM,BLR,T+15,2026-09-26,Air India,AI-2641,18:30,20:35,02h 05m,ECONOMY,G,6491.0,1513.0,8004.0,9,Available
20260911_142131,2026-09-11T14:24:46,EaseMyTrip,BOM-BLR,BOM,BLR,T+15,2026-09-26,Akasa Air,QP-1133,19:40,21:45,02h 05m,ECONOMY,Q2,7056.0,1074.0,8130.0,8,Available
20260911_142131,2026-09-11T14:24:46,EaseMyTrip,BOM-BLR,BOM,BLR,T+15,2026-09-26,Air India,AI-2632,12:00,14:05,02h 05m,ECONOMY,W,6672.0,1522.0,8194.0,4,Available
20260911_142640,2026-09-11T14:27:33,EaseMyTrip,DEL-BOM,DEL,BOM,T+7,2026-09-18,Air India Express,IX-1056,05:35,08:05,02h 30m,ECONOMY,G,5040.0,1489.0,6529.0,6,Available
20260911_142640,2026-09-11T14:27:33,EaseMyTrip,DEL-BOM,DEL,BOM,T+7,2026-09-18,IndiGo,6E-324,13:00,15:10,02h 10m,ECONOMY,R,5065.0,1465.0,6530.0,55,Available
20260911_142640,2026-09-11T14:27:33,EaseMyTrip,DEL-BOM,DEL,BOM,T+7,2026-09-18,Akasa Air,QP-1110,10:30,12:45,02h 15m,ECONOMY,U1,5640.0,890.0,6530.0,9,Available
20260911_142640,2026-09-11T14:27:33,EaseMyTrip,DEL-BOM,DEL,BOM,T+7,2026-09-18,IndiGo,6E-449,05:00,07:15,02h 15m,ECONOMY,R,5065.0,1465.0,6530.0,110,Available
20260911_142640,2026-09-11T14:27:33,EaseMyTrip,DEL-BOM,DEL,BOM,T+7,2026-09-18,IndiGo,6E-864,15:30,17:45,02h 15m,ECONOMY,R,5065.0,1465.0,6530.0,86,Available
20260911_142640,2026-09-11T14:27:33,EaseMyTrip,DEL-BOM,DEL,BOM,T+7,2026-09-18,IndiGo,6E-6318,14:45,17:00,02h 15m,ECONOMY,R,5065.0,1465.0,6530.0,84,Available
20260911_142640,2026-09-11T14:27:33,EaseMyTrip,DEL-BOM,DEL,BOM,T+7,2026-09-18,IndiGo,6E-675,08:45,11:00,02h 15m,ECONOMY,R,5065.0,1465.0,6530.0,24,Available
20260911_142640,2026-09-11T14:27:33,EaseMyTrip,DEL-BOM,DEL,BOM,T+7,2026-09-18,IndiGo,6E-6047,11:00,13:15,02h 15m,ECONOMY,R,5065.0,1465.0,6530.0,55,Available
20260911_142640,2026-09-11T14:27:33,EaseMyTrip,DEL-BOM,DEL,BOM,T+7,2026-09-18,IndiGo,6E-6676,12:00,14:15,02h 15m,ECONOMY,R,5065.0,1465.0,6530.0,73,Available
20260911_142640,2026-09-11T14:27:33,EaseMyTrip,DEL-BOM,DEL,BOM,T+7,2026-09-18,Akasa Air,QP-1833,06:50,09:10,02h 20m,ECONOMY,U1,5640.0,890.0,6530.0,9,Available
20260911_142640,2026-09-11T14:27:33,EaseMyTrip,DEL-BOM,DEL,BOM,T+7,2026-09-18,Akasa Air,QP-1112,09:20,11:40,02h 20m,ECONOMY,U1,5640.0,890.0,6530.0,9,Available
20260911_142640,2026-09-11T14:27:33,EaseMyTrip,DEL-BOM,DEL,BOM,T+7,2026-09-18,Akasa Air,QP-1128,16:00,18:20,02h 20m,ECONOMY,U1,5640.0,890.0,6530.0,9,Available
20260911_142640,2026-09-11T14:27:33,EaseMyTrip,DEL-BOM,DEL,BOM,T+7,2026-09-18,IndiGo,6E-6328,10:15,12:35,02h 20m,ECONOMY,R,5065.0,1465.0,6530.0,43,Available
20260911_142640,2026-09-11T14:27:33,EaseMyTrip,DEL-BOM,DEL,BOM,T+7,2026-09-18,Akasa Air,QP-1119,08:40,11:05,02h 25m,ECONOMY,U1,5640.0,890.0,6530.0,9,Available
20260911_142640,2026-09-11T14:27:33,EaseMyTrip,DEL-BOM,DEL,BOM,T+7,2026-09-18,Akasa Air,QP-1836,12:30,14:55,02h 25m,ECONOMY,U1,5640.0,890.0,6530.0,9,Available
20260911_142640,2026-09-11T14:27:33,EaseMyTrip,DEL-BOM,DEL,BOM,T+7,2026-09-18,IndiGo,6E-6022,14:00,16:25,02h 25m,ECONOMY,R,5065.0,1465.0,6530.0,100,Available
20260911_142640,2026-09-11T14:27:33,EaseMyTrip,DEL-BOM,DEL,BOM,T+7,2026-09-18,IndiGo,6E-6107,09:30,11:55,02h 25m,ECONOMY,R,5065.0,1465.0,6530.0,61,Available
20260911_142640,2026-09-11T14:27:33,EaseMyTrip,DEL-BOM,DEL,BOM,T+7,2026-09-18,IndiGo,6E-6218,06:05,08:20,02h 15m,ECONOMY,R,5215.0,1473.0,6688.0,80,Available
20260911_142640,2026-09-11T14:27:33,EaseMyTrip,DEL-BOM,DEL,BOM,T+7,2026-09-18,IndiGo,6E-327,16:15,18:35,02h 20m,ECONOMY,R,5215.0,1473.0,6688.0,64,Available
20260911_142640,2026-09-11T14:27:33,EaseMyTrip,DEL-BOM,DEL,BOM,T+7,2026-09-18,Air India,AI-1745,05:00,07:20,02h 20m,ECONOMY,S,5236.0,1494.0,6730.0,9,Available
20260911_142640,2026-09-11T14:27:33,EaseMyTrip,DEL-BOM,DEL,BOM,T+7,2026-09-18,IndiGo,6E-6814,07:15,09:30,02h 15m,ECONOMY,R,5415.0,1483.0,6898.0,77,Available
20260911_142640,2026-09-11T14:27:33,EaseMyTrip,DEL-BOM,DEL,BOM,T+7,2026-09-18,IndiGo,6E-320,08:00,10:20,02h 20m,ECONOMY,R,5415.0,1483.0,6898.0,59,Available
20260911_142640,2026-09-11T14:27:33,EaseMyTrip,DEL-BOM,DEL,BOM,T+7,2026-09-18,Air India,AI-2678,08:30,10:45,02h 15m,ECONOMY,S,5493.0,1507.0,7000.0,9,Available
20260911_142640,2026-09-11T14:27:33,EaseMyTrip,DEL-BOM,DEL,BOM,T+7,2026-09-18,Air India,AI-2425,10:30,12:50,02h 20m,ECONOMY,S,5493.0,1507.0,7000.0,9,Available
20260911_142640,2026-09-11T14:27:33,EaseMyTrip,DEL-BOM,DEL,BOM,T+7,2026-09-18,Air India,AI-2951,13:30,15:50,02h 20m,ECONOMY,S,5493.0,1507.0,7000.0,1,Available
20260911_142640,2026-09-11T14:27:33,EaseMyTrip,DEL-BOM,DEL,BOM,T+7,2026-09-18,Air India,AI-2441,14:10,16:30,02h 20m,ECONOMY,S,5493.0,1507.0,7000.0,9,Available
20260911_142640,2026-09-11T14:27:33,EaseMyTrip,DEL-BOM,DEL,BOM,T+7,2026-09-18,Air India,AI-2995,10:00,12:25,02h 25m,ECONOMY,S,5493.0,1507.0,7000.0,9,Available
20260911_142640,2026-09-11T14:27:33,EaseMyTrip,DEL-BOM,DEL,BOM,T+7,2026-09-18,Air India,AI-2945,11:00,13:25,02h 25m,ECONOMY,S,5493.0,1507.0,7000.0,9,Available
20260911_142640,2026-09-11T14:27:33,EaseMyTrip,DEL-BOM,DEL,BOM,T+7,2026-09-18,Air India,AI-1785,12:00,14:25,02h 25m,ECONOMY,S,5493.0,1507.0,7000.0,9,Available
20260911_142640,2026-09-11T14:27:33,EaseMyTrip,DEL-BOM,DEL,BOM,T+7,2026-09-18,Air India,AI-2933,15:30,17:55,02h 25m,ECONOMY,S,5493.0,1507.0,7000.0,9,Available
20260911_142640,2026-09-11T14:27:33,EaseMyTrip,DEL-BOM,DEL,BOM,T+7,2026-09-18,Air India,AI-1777,16:00,18:25,02h 25m,ECONOMY,S,5493.0,1507.0,7000.0,9,Available
20260911_142640,2026-09-11T14:27:33,EaseMyTrip,DEL-BOM,DEL,BOM,T+7,2026-09-18,Air India,AI-441,17:00,19:25,02h 25m,ECONOMY,S,5493.0,1507.0,7000.0,9,Available
20260911_142640,2026-09-11T14:27:33,EaseMyTrip,DEL-BOM,DEL,BOM,T+7,2026-09-18,Air India,AI-2927,09:30,12:00,02h 30m,ECONOMY,S,5493.0,1507.0,7000.0,9,Available
20260911_142640,2026-09-11T14:27:33,EaseMyTrip,DEL-BOM,DEL,BOM,T+7,2026-09-18,Air India,AI-2975,06:30,08:50,02h 20m,ECONOMY,T,5644.0,1515.0,7159.0,9,Available
20260911_142640,2026-09-11T14:27:33,EaseMyTrip,DEL-BOM,DEL,BOM,T+7,2026-09-18,Air India,AI-2941,16:30,18:50,02h 20m,ECONOMY,T,5644.0,1515.0,7159.0,9,Available
20260911_142640,2026-09-11T14:27:33,EaseMyTrip,DEL-BOM,DEL,BOM,T+7,2026-09-18,Air India,AI-1780,16:10,20:00,03h 50m,ECONOMY,T,5644.0,1515.0,7159.0,9,Available
20260911_142640,2026-09-11T14:27:33,EaseMyTrip,DEL-BOM,DEL,BOM,T+7,2026-09-18,IndiGo,6E-322,23:30,01:45,02h 15m,ECONOMY,R,5665.0,1495.0,7160.0,2,Available
20260911_142640,2026-09-11T14:27:33,EaseMyTrip,DEL-BOM,DEL,BOM,T+7,2026-09-18,IndiGo,6E-6114,22:45,01:05,02h 20m,ECONOMY,R,5665.0,1495.0,7160.0,14,Available
20260911_142640,2026-09-11T14:27:33,EaseMyTrip,DEL-BOM,DEL,BOM,T+7,2026-09-18,Air India Express,IX-1235,23:25,01:50,02h 25m,ECONOMY,E,5976.0,1537.0,7513.0,2,Available
20260911_142640,2026-09-11T14:27:33,EaseMyTrip,DEL-BOM,DEL,BOM,T+7,2026-09-18,Air India,AI-2429,07:00,09:25,02h 25m,ECONOMY,U,5844.0,1525.0,7369.0,9,Available
20260911_142640,2026-09-11T14:27:33,EaseMyTrip,DEL-BOM,DEL,BOM,T+7,2026-09-18,Air India,AI-2943,07:30,09:55,02h 25m,ECONOMY,U,5844.0,1525.0,7369.0,9,Available
20260911_142640,2026-09-11T14:27:33,EaseMyTrip,DEL-BOM,DEL,BOM,T+7,2026-09-18,Air India,AI-2439,23:00,01:25,02h 25m,ECONOMY,L,6093.0,1537.0,7630.0,9,Available
20260911_142640,2026-09-11T14:27:33,EaseMyTrip,DEL-BOM,DEL,BOM,T+7,2026-09-18,IndiGo,6E-6706,17:00,19:15,02h 15m,ECONOMY,R,6265.0,1525.0,7790.0,9,Available
20260911_142640,2026-09-11T14:27:33,EaseMyTrip,DEL-BOM,DEL,BOM,T+7,2026-09-18,Akasa Air,QP-1820,17:30,19:45,02h 15m,ECONOMY,Q4,7105.0,964.0,8069.0,9,Available
20260911_142640,2026-09-11T14:28:01,EaseMyTrip,DEL-BOM,DEL,BOM,T+15,2026-09-26,IndiGo,6E-324,13:00,15:10,02h 10m,ECONOMY,R,5065.0,1465.0,6530.0,9,Available
20260911_142640,2026-09-11T14:28:01,EaseMyTrip,DEL-BOM,DEL,BOM,T+15,2026-09-26,Akasa Air,QP-1110,10:30,12:45,02h 15m,ECONOMY,U1,5640.0,890.0,6530.0,9,Available
20260911_142640,2026-09-11T14:28:01,EaseMyTrip,DEL-BOM,DEL,BOM,T+15,2026-09-26,Akasa Air,QP-1820,17:30,19:45,02h 15m,ECONOMY,U1,5640.0,890.0,6530.0,9,Available
20260911_142640,2026-09-11T14:28:01,EaseMyTrip,DEL-BOM,DEL,BOM,T+15,2026-09-26,IndiGo,6E-322,23:30,01:45,02h 15m,ECONOMY,R,5065.0,1465.0,6530.0,8,Available
20260911_142640,2026-09-11T14:28:01,EaseMyTrip,DEL-BOM,DEL,BOM,T+15,2026-09-26,IndiGo,6E-329,18:00,20:15,02h 15m,ECONOMY,R,5065.0,1465.0,6530.0,7,Available
20260911_142640,2026-09-11T14:28:01,EaseMyTrip,DEL-BOM,DEL,BOM,T+15,2026-09-26,IndiGo,6E-6706,17:00,19:15,02h 15m,ECONOMY,R,5065.0,1465.0,6530.0,83,Available
20260911_142640,2026-09-11T14:28:01,EaseMyTrip,DEL-BOM,DEL,BOM,T+15,2026-09-26,IndiGo,6E-864,15:30,17:45,02h 15m,ECONOMY,R,5065.0,1465.0,6530.0,64,Available
20260911_142640,2026-09-11T14:28:01,EaseMyTrip,DEL-BOM,DEL,BOM,T+15,2026-09-26,IndiGo,6E-6318,14:45,17:00,02h 15m,ECONOMY,R,5065.0,1465.0,6530.0,92,Available
20260911_142640,2026-09-11T14:28:01,EaseMyTrip,DEL-BOM,DEL,BOM,T+15,2026-09-26,IndiGo,6E-675,08:45,11:00,02h 15m,ECONOMY,R,5065.0,1465.0,6530.0,61,Available
20260911_142640,2026-09-11T14:28:01,EaseMyTrip,DEL-BOM,DEL,BOM,T+15,2026-09-26,IndiGo,6E-6814,07:15,09:30,02h 15m,ECONOMY,R,5065.0,1465.0,6530.0,9,Available
20260911_142640,2026-09-11T14:28:01,EaseMyTrip,DEL-BOM,DEL,BOM,T+15,2026-09-26,IndiGo,6E-6047,11:00,13:15,02h 15m,ECONOMY,R,5065.0,1465.0,6530.0,4,Available
20260911_142640,2026-09-11T14:28:01,EaseMyTrip,DEL-BOM,DEL,BOM,T+15,2026-09-26,IndiGo,6E-6676,12:00,14:15,02h 15m,ECONOMY,R,5065.0,1465.0,6530.0,10,Available
20260911_142640,2026-09-11T14:28:01,EaseMyTrip,DEL-BOM,DEL,BOM,T+15,2026-09-26,Akasa Air,QP-1833,06:50,09:10,02h 20m,ECONOMY,U1,5640.0,890.0,6530.0,9,Available
20260911_142640,2026-09-11T14:28:01,EaseMyTrip,DEL-BOM,DEL,BOM,T+15,2026-09-26,Akasa Air,QP-1112,09:20,11:40,02h 20m,ECONOMY,U1,5640.0,890.0,6530.0,9,Available
20260911_142640,2026-09-11T14:28:01,EaseMyTrip,DEL-BOM,DEL,BOM,T+15,2026-09-26,Akasa Air,QP-1128,16:00,18:20,02h 20m,ECONOMY,U1,5640.0,890.0,6530.0,9,Available
20260911_142640,2026-09-11T14:28:01,EaseMyTrip,DEL-BOM,DEL,BOM,T+15,2026-09-26,IndiGo,6E-6114,22:45,01:05,02h 20m,ECONOMY,R,5065.0,1465.0,6530.0,8,Available
20260911_142640,2026-09-11T14:28:01,EaseMyTrip,DEL-BOM,DEL,BOM,T+15,2026-09-26,IndiGo,6E-327,16:15,18:35,02h 20m,ECONOMY,R,5065.0,1465.0,6530.0,81,Available
20260911_142640,2026-09-11T14:28:01,EaseMyTrip,DEL-BOM,DEL,BOM,T+15,2026-09-26,IndiGo,6E-320,08:00,10:20,02h 20m,ECONOMY,R,5065.0,1465.0,6530.0,9,Available
20260911_142640,2026-09-11T14:28:01,EaseMyTrip,DEL-BOM,DEL,BOM,T+15,2026-09-26,IndiGo,6E-6328,10:15,12:35,02h 20m,ECONOMY,R,5065.0,1465.0,6530.0,66,Available
20260911_142640,2026-09-11T14:28:01,EaseMyTrip,DEL-BOM,DEL,BOM,T+15,2026-09-26,Akasa Air,QP-1119,08:40,11:05,02h 25m,ECONOMY,U1,5640.0,890.0,6530.0,9,Available
20260911_142640,2026-09-11T14:28:01,EaseMyTrip,DEL-BOM,DEL,BOM,T+15,2026-09-26,Akasa Air,QP-1836,12:30,14:55,02h 25m,ECONOMY,U1,5640.0,890.0,6530.0,9,Available
20260911_142640,2026-09-11T14:28:01,EaseMyTrip,DEL-BOM,DEL,BOM,T+15,2026-09-26,Akasa Air,QP-1826,19:55,22:20,02h 25m,ECONOMY,U1,5640.0,890.0,6530.0,9,Available
20260911_142640,2026-09-11T14:28:01,EaseMyTrip,DEL-BOM,DEL,BOM,T+15,2026-09-26,IndiGo,6E-6022,14:00,16:25,02h 25m,ECONOMY,R,5065.0,1465.0,6530.0,90,Available
20260911_142640,2026-09-11T14:28:01,EaseMyTrip,DEL-BOM,DEL,BOM,T+15,2026-09-26,IndiGo,6E-6107,09:30,11:55,02h 25m,ECONOMY,R,5065.0,1465.0,6530.0,55,Available
20260911_142640,2026-09-11T14:28:01,EaseMyTrip,DEL-BOM,DEL,BOM,T+15,2026-09-26,IndiGo,6E-449,05:00,07:15,02h 15m,ECONOMY,R,5215.0,1473.0,6688.0,77,Available
20260911_142640,2026-09-11T14:28:01,EaseMyTrip,DEL-BOM,DEL,BOM,T+15,2026-09-26,IndiGo,6E-6218,06:05,08:20,02h 15m,ECONOMY,R,5215.0,1473.0,6688.0,2,Available
20260911_142640,2026-09-11T14:28:01,EaseMyTrip,DEL-BOM,DEL,BOM,T+15,2026-09-26,IndiGo,6E-395,21:45,00:05,02h 20m,ECONOMY,R,5215.0,1473.0,6688.0,97,Available
20260911_142640,2026-09-11T14:28:01,EaseMyTrip,DEL-BOM,DEL,BOM,T+15,2026-09-26,IndiGo,6E-354,19:00,21:25,02h 25m,ECONOMY,R,5215.0,1473.0,6688.0,8,Available
20260911_142640,2026-09-11T14:28:01,EaseMyTrip,DEL-BOM,DEL,BOM,T+15,2026-09-26,Air India,AI-2439,23:00,01:25,02h 25m,ECONOMY,S,5236.0,1494.0,6730.0,9,Available
20260911_142640,2026-09-11T14:28:01,EaseMyTrip,DEL-BOM,DEL,BOM,T+15,2026-09-26,IndiGo,6E-303,20:00,22:10,02h 10m,ECONOMY,R,5415.0,1483.0,6898.0,4,Available
20260911_142640,2026-09-11T14:28:01,EaseMyTrip,DEL-BOM,DEL,BOM,T+15,2026-09-26,Air India,AI-2678,08:30,10:45,02h 15m,ECONOMY,S,5493.0,1507.0,7000.0,9,Available
20260911_142640,2026-09-11T14:28:01,EaseMyTrip,DEL-BOM,DEL,BOM,T+15,2026-09-26,Air India,AI-2963,09:00,11:15,02h 15m,ECONOMY,S,5493.0,1507.0,7000.0,9,Available
20260911_142640,2026-09-11T14:28:01,EaseMyTrip,DEL-BOM,DEL,BOM,T+15,2026-09-26,Air India,AI-2425,10:30,12:50,02h 20m,ECONOMY,S,5493.0,1507.0,7000.0,9,Available
20260911_142640,2026-09-11T14:28:01,EaseMyTrip,DEL-BOM,DEL,BOM,T+15,2026-09-26,Air India,AI-2941,16:30,18:50,02h 20m,ECONOMY,S,5493.0,1507.0,7000.0,9,Available
20260911_142640,2026-09-11T14:28:01,EaseMyTrip,DEL-BOM,DEL,BOM,T+15,2026-09-26,Air India,AI-2981,21:00,23:20,02h 20m,ECONOMY,S,5493.0,1507.0,7000.0,9,Available
20260911_142640,2026-09-11T14:28:01,EaseMyTrip,DEL-BOM,DEL,BOM,T+15,2026-09-26,Air India,AI-1745,05:00,07:20,02h 20m,ECONOMY,T,5493.0,1507.0,7000.0,9,Available
20260911_142640,2026-09-11T14:28:01,EaseMyTrip,DEL-BOM,DEL,BOM,T+15,2026-09-26,Air India,AI-2429,07:00,09:25,02h 25m,ECONOMY,S,5493.0,1507.0,7000.0,9,Available
20260911_142640,2026-09-11T14:28:01,EaseMyTrip,DEL-BOM,DEL,BOM,T+15,2026-09-26,Air India,AI-2943,07:30,09:55,02h 25m,ECONOMY,S,5493.0,1507.0,7000.0,9,Available
20260911_142640,2026-09-11T14:28:01,EaseMyTrip,DEL-BOM,DEL,BOM,T+15,2026-09-26,Air India,AI-2995,10:00,12:25,02h 25m,ECONOMY,S,5493.0,1507.0,7000.0,9,Available
20260911_142640,2026-09-11T14:28:01,EaseMyTrip,DEL-BOM,DEL,BOM,T+15,2026-09-26,Air India,AI-2945,11:00,13:25,02h 25m,ECONOMY,S,5493.0,1507.0,7000.0,9,Available
20260911_142640,2026-09-11T14:28:01,EaseMyTrip,DEL-BOM,DEL,BOM,T+15,2026-09-26,Air India,AI-1785,12:00,14:25,02h 25m,ECONOMY,S,5493.0,1507.0,7000.0,9,Available
20260911_142640,2026-09-11T14:28:01,EaseMyTrip,DEL-BOM,DEL,BOM,T+15,2026-09-26,Air India,AI-2933,15:30,17:55,02h 25m,ECONOMY,S,5493.0,1507.0,7000.0,2,Available
20260911_142640,2026-09-11T14:28:01,EaseMyTrip,DEL-BOM,DEL,BOM,T+15,2026-09-26,Air India,AI-1777,16:00,18:25,02h 25m,ECONOMY,S,5493.0,1507.0,7000.0,9,Available
20260911_142640,2026-09-11T14:28:01,EaseMyTrip,DEL-BOM,DEL,BOM,T+15,2026-09-26,Air India,AI-441,17:00,19:25,02h 25m,ECONOMY,S,5493.0,1507.0,7000.0,9,Available
20260911_142640,2026-09-11T14:28:01,EaseMyTrip,DEL-BOM,DEL,BOM,T+15,2026-09-26,Air India,AI-2955,18:00,20:25,02h 25m,ECONOMY,S,5493.0,1507.0,7000.0,9,Available
20260911_142640,2026-09-11T14:28:01,EaseMyTrip,DEL-BOM,DEL,BOM,T+15,2026-09-26,Air India,AI-2927,09:30,12:00,02h 30m,ECONOMY,S,5493.0,1507.0,7000.0,9,Available
20260911_142640,2026-09-11T14:28:01,EaseMyTrip,DEL-BOM,DEL,BOM,T+15,2026-09-26,Air India,AI-1780,16:10,20:00,03h 50m,ECONOMY,S,5493.0,1507.0,7000.0,9,Available
20260911_142640,2026-09-11T14:28:01,EaseMyTrip,DEL-BOM,DEL,BOM,T+15,2026-09-26,Air India Express,IX-1235,23:25,01:50,02h 25m,ECONOMY,K,5649.0,1519.0,7168.0,2,Available
20260911_142640,2026-09-11T14:28:01,EaseMyTrip,DEL-BOM,DEL,BOM,T+15,2026-09-26,Air India,AI-2977,19:00,21:25,02h 25m,ECONOMY,T,5644.0,1515.0,7159.0,9,Available
20260911_142640,2026-09-11T14:28:01,EaseMyTrip,DEL-BOM,DEL,BOM,T+15,2026-09-26,Air India,AI-2985,19:30,21:55,02h 25m,ECONOMY,T,5644.0,1515.0,7159.0,9,Available
20260911_142640,2026-09-11T14:28:01,EaseMyTrip,DEL-BOM,DEL,BOM,T+15,2026-09-26,Air India,AI-2433,21:30,23:55,02h 25m,ECONOMY,T,5644.0,1515.0,7159.0,2,Available
20260911_142640,2026-09-11T14:28:01,EaseMyTrip,DEL-BOM,DEL,BOM,T+15,2026-09-26,Air India,AI-2957,20:30,23:05,02h 35m,ECONOMY,T,5644.0,1515.0,7159.0,9,Available
20260911_142640,2026-09-11T14:28:01,EaseMyTrip,DEL-BOM,DEL,BOM,T+15,2026-09-26,Air India,AI-2975,06:30,08:50,02h 20m,ECONOMY,U,5844.0,1525.0,7369.0,9,Available
20260911_142640,2026-09-11T14:29:34,EaseMyTrip,DEL-BLR,DEL,BLR,T+15,2026-09-26,Akasa Air,QP-1812,22:55,01:45,02h 50m,ECONOMY,U2,7774.0,1055.0,8829.0,9,Available
20260911_142640,2026-09-11T14:29:34,EaseMyTrip,DEL-BLR,DEL,BLR,T+15,2026-09-26,Akasa Air,QP-1308,20:55,23:50,02h 55m,ECONOMY,U2,7774.0,1055.0,8829.0,9,Available
20260911_142640,2026-09-11T14:29:34,EaseMyTrip,DEL-BLR,DEL,BLR,T+15,2026-09-26,Akasa Air,QP-1350,21:55,00:50,02h 55m,ECONOMY,U2,7774.0,1055.0,8829.0,9,Available
20260911_142640,2026-09-11T14:29:34,EaseMyTrip,DEL-BLR,DEL,BLR,T+15,2026-09-26,IndiGo,6E-6515,20:45,23:40,02h 55m,ECONOMY,R,6998.0,1831.0,8829.0,10,Available
20260911_142640,2026-09-11T14:29:34,EaseMyTrip,DEL-BLR,DEL,BLR,T+15,2026-09-26,IndiGo,6E-2314,05:45,08:40,02h 55m,ECONOMY,R,6998.0,1831.0,8829.0,22,Available
20260911_142640,2026-09-11T14:29:34,EaseMyTrip,DEL-BLR,DEL,BLR,T+15,2026-09-26,Akasa Air,QP-1824,20:10,23:10,03h 00m,ECONOMY,U2,7774.0,1055.0,8829.0,9,Available
20260911_142640,2026-09-11T14:29:34,EaseMyTrip,DEL-BLR,DEL,BLR,T+15,2026-09-26,Air India Express,IX-1070,18:20,21:15,02h 55m,ECONOMY,H,7164.0,1864.0,9028.0,5,Available
20260911_142640,2026-09-11T14:29:34,EaseMyTrip,DEL-BLR,DEL,BLR,T+15,2026-09-26,IndiGo,6E-811,18:20,21:10,02h 50m,ECONOMY,R,7433.0,1853.0,9286.0,2,Available
20260911_142640,2026-09-11T14:29:34,EaseMyTrip,DEL-BLR,DEL,BLR,T+15,2026-09-26,IndiGo,6E-820,03:00,05:55,02h 55m,ECONOMY,R,7433.0,1853.0,9286.0,14,Available
20260911_142640,2026-09-11T14:29:34,EaseMyTrip,DEL-BLR,DEL,BLR,T+15,2026-09-26,IndiGo,6E-846,22:00,00:55,02h 55m,ECONOMY,R,7433.0,1853.0,9286.0,5,Available
20260911_142640,2026-09-11T14:29:34,EaseMyTrip,DEL-BLR,DEL,BLR,T+15,2026-09-26,IndiGo,6E-810,07:05,10:00,02h 55m,ECONOMY,R,7433.0,1853.0,9286.0,2,Available
20260911_142640,2026-09-11T14:29:34,EaseMyTrip,DEL-BLR,DEL,BLR,T+15,2026-09-26,Air India,AI-2409,06:00,08:55,02h 55m,ECONOMY,T,7427.0,1873.0,9300.0,9,Available
20260911_142640,2026-09-11T14:29:34,EaseMyTrip,DEL-BLR,DEL,BLR,T+15,2026-09-26,Air India,AI-2803,06:30,09:25,02h 55m,ECONOMY,T,7427.0,1873.0,9300.0,9,Available
20260911_142640,2026-09-11T14:29:34,EaseMyTrip,DEL-BLR,DEL,BLR,T+15,2026-09-26,Air India,AI-2815,07:00,09:55,02h 55m,ECONOMY,T,7427.0,1873.0,9300.0,9,Available
20260911_142640,2026-09-11T14:29:34,EaseMyTrip,DEL-BLR,DEL,BLR,T+15,2026-09-26,Air India,AI-2757,00:15,03:10,02h 55m,ECONOMY,U,7719.0,1887.0,9606.0,9,Available
20260911_142640,2026-09-11T14:29:34,EaseMyTrip,DEL-BLR,DEL,BLR,T+15,2026-09-26,Akasa Air,QP-1822,16:40,19:40,03h 00m,ECONOMY,T2,8583.0,1097.0,9680.0,9,Available
20260911_142640,2026-09-11T14:29:34,EaseMyTrip,DEL-BLR,DEL,BLR,T+15,2026-09-26,Air India,AI-2653,04:30,07:20,02h 50m,ECONOMY,U,7862.0,1894.0,9756.0,9,Available
20260911_142640,2026-09-11T14:29:34,EaseMyTrip,DEL-BLR,DEL,BLR,T+15,2026-09-26,Air India,AI-2487,18:30,21:25,02h 55m,ECONOMY,U,7862.0,1894.0,9756.0,9,Available
20260911_142640,2026-09-11T14:29:34,EaseMyTrip,DEL-BLR,DEL,BLR,T+15,2026-09-26,Air India,AI-2512,19:00,21:55,02h 55m,ECONOMY,U,7862.0,1894.0,9756.0,9,Available
20260911_142640,2026-09-11T14:29:34,EaseMyTrip,DEL-BLR,DEL,BLR,T+15,2026-09-26,Air India,AI-2412,21:30,00:25,02h 55m,ECONOMY,U,7862.0,1894.0,9756.0,1,Available
20260911_142640,2026-09-11T14:29:34,EaseMyTrip,DEL-BLR,DEL,BLR,T+15,2026-09-26,IndiGo,6E-873,08:20,11:10,02h 50m,ECONOMY,R,7895.0,1876.0,9771.0,7,Available
20260911_142640,2026-09-11T14:29:34,EaseMyTrip,DEL-BLR,DEL,BLR,T+15,2026-09-26,IndiGo,6E-861,19:30,22:25,02h 55m,ECONOMY,R,7895.0,1876.0,9771.0,10,Available
20260911_142640,2026-09-11T14:29:34,EaseMyTrip,DEL-BLR,DEL,BLR,T+15,2026-09-26,IndiGo,6E-880,15:45,18:40,02h 55m,ECONOMY,R,7895.0,1876.0,9771.0,9,Available
20260911_142640,2026-09-11T14:29:34,EaseMyTrip,DEL-BLR,DEL,BLR,T+15,2026-09-26,IndiGo,6E-826,09:30,12:25,02h 55m,ECONOMY,R,7895.0,1876.0,9771.0,9,Available
20260911_142640,2026-09-11T14:29:34,EaseMyTrip,DEL-BLR,DEL,BLR,T+15,2026-09-26,Air India,AI-2817,16:30,19:15,02h 45m,ECONOMY,L,8324.0,1918.0,10242.0,9,Available
20260911_142640,2026-09-11T14:29:34,EaseMyTrip,DEL-BLR,DEL,BLR,T+15,2026-09-26,Air India,AI-2809,19:30,22:20,02h 50m,ECONOMY,L,8324.0,1918.0,10242.0,9,Available
20260911_142640,2026-09-11T14:29:34,EaseMyTrip,DEL-BLR,DEL,BLR,T+15,2026-09-26,Air India,AI-2415,09:30,12:25,02h 55m,ECONOMY,L,8324.0,1918.0,10242.0,9,Available
20260911_142640,2026-09-11T14:29:34,EaseMyTrip,DEL-BLR,DEL,BLR,T+15,2026-09-26,Air India,AI-2664,15:50,18:45,02h 55m,ECONOMY,L,8324.0,1918.0,10242.0,9,Available
20260911_142640,2026-09-11T14:29:34,EaseMyTrip,DEL-BLR,DEL,BLR,T+15,2026-09-26,IndiGo,6E-828,14:30,17:25,02h 55m,ECONOMY,R,8385.0,1900.0,10285.0,9,Available
20260911_142640,2026-09-11T14:29:34,EaseMyTrip,DEL-BLR,DEL,BLR,T+15,2026-09-26,IndiGo,6E-837,17:00,19:55,02h 55m,ECONOMY,R,8385.0,1900.0,10285.0,7,Available
20260911_142640,2026-09-11T14:29:34,EaseMyTrip,DEL-BLR,DEL,BLR,T+15,2026-09-26,IndiGo,6E-176,13:15,16:10,02h 55m,ECONOMY,R,8385.0,1900.0,10285.0,4,Available
20260911_142640,2026-09-11T14:29:34,EaseMyTrip,DEL-BLR,DEL,BLR,T+15,2026-09-26,Air India,AI-427,08:30,11:20,02h 50m,ECONOMY,L,8491.0,1926.0,10417.0,9,Available
20260911_142640,2026-09-11T14:29:34,EaseMyTrip,DEL-BLR,DEL,BLR,T+15,2026-09-26,Air India,AI-2819,15:00,17:55,02h 55m,ECONOMY,L,8491.0,1926.0,10417.0,9,Available
20260911_142640,2026-09-11T14:29:34,EaseMyTrip,DEL-BLR,DEL,BLR,T+15,2026-09-26,Air India,AI-2485,10:30,13:20,02h 50m,ECONOMY,L,8657.0,1934.0,10591.0,9,Available
20260911_142640,2026-09-11T14:29:34,EaseMyTrip,DEL-BLR,DEL,BLR,T+15,2026-09-26,IndiGo,6E-842,10:45,13:40,02h 55m,ECONOMY,R,8906.0,1926.0,10832.0,1,Available
20260911_142640,2026-09-11T14:29:34,EaseMyTrip,DEL-BLR,DEL,BLR,T+15,2026-09-26,IndiGo,6E-850,12:20,15:20,03h 00m,ECONOMY,R,8906.0,1926.0,10832.0,10,Available
20260911_142640,2026-09-11T14:30:34,EaseMyTrip,BOM-BLR,BOM,BLR,T+7,2026-09-18,IndiGo,6E-5323,01:10,03:05,01h 55m,ECONOMY,R,3747.0,1303.0,5050.0,55,Available
20260911_142640,2026-09-11T14:30:34,EaseMyTrip,BOM-BLR,BOM,BLR,T+7,2026-09-18,IndiGo,6E-5294,04:30,06:25,01h 55m,ECONOMY,R,3747.0,1303.0,5050.0,25,Available
20260911_142640,2026-09-11T14:30:34,EaseMyTrip,BOM-BLR,BOM,BLR,T+7,2026-09-18,Akasa Air,QP-1516,00:35,02:25,01h 50m,ECONOMY,T2,4508.0,948.0,5456.0,8,Available
20260911_142640,2026-09-11T14:30:34,EaseMyTrip,BOM-BLR,BOM,BLR,T+7,2026-09-18,Air India,AI-3305,23:40,01:40,02h 00m,ECONOMY,T,4238.0,1401.0,5639.0,1,Available
20260911_142640,2026-09-11T14:30:34,EaseMyTrip,BOM-BLR,BOM,BLR,T+7,2026-09-18,Air India,AI-2812,02:05,04:10,02h 05m,ECONOMY,T,4238.0,1401.0,5639.0,9,Available
20260911_142640,2026-09-11T14:30:34,EaseMyTrip,BOM-BLR,BOM,BLR,T+7,2026-09-18,Akasa Air,QP-1384,23:10,01:05,01h 55m,ECONOMY,R1,5898.0,1016.0,6914.0,8,Available
20260911_142640,2026-09-11T14:30:34,EaseMyTrip,BOM-BLR,BOM,BLR,T+7,2026-09-18,Akasa Air,QP-1518,21:45,23:45,02h 00m,ECONOMY,R1,5898.0,1016.0,6914.0,8,Available
20260911_142640,2026-09-11T14:30:34,EaseMyTrip,BOM-BLR,BOM,BLR,T+7,2026-09-18,Air India,AI-2857,23:30,01:35,02h 05m,ECONOMY,L,5582.0,1468.0,7050.0,9,Available
20260911_142640,2026-09-11T14:30:34,EaseMyTrip,BOM-BLR,BOM,BLR,T+7,2026-09-18,IndiGo,6E-5071,15:35,17:25,01h 50m,ECONOMY,R,5663.0,1399.0,7062.0,7,Available
20260911_142640,2026-09-11T14:30:34,EaseMyTrip,BOM-BLR,BOM,BLR,T+7,2026-09-18,IndiGo,6E-6188,21:30,23:25,01h 55m,ECONOMY,R,5663.0,1399.0,7062.0,6,Available
20260911_142640,2026-09-11T14:30:34,EaseMyTrip,BOM-BLR,BOM,BLR,T+7,2026-09-18,IndiGo,6E-5184,12:30,14:25,01h 55m,ECONOMY,R,5663.0,1399.0,7062.0,10,Available
20260911_142640,2026-09-11T14:30:34,EaseMyTrip,BOM-BLR,BOM,BLR,T+7,2026-09-18,IndiGo,6E-5217,11:00,12:55,01h 55m,ECONOMY,R,5663.0,1399.0,7062.0,7,Available
20260911_142640,2026-09-11T14:30:34,EaseMyTrip,BOM-BLR,BOM,BLR,T+7,2026-09-18,IndiGo,6E-5296,06:30,08:25,01h 55m,ECONOMY,R,5663.0,1399.0,7062.0,95,Available
20260911_142640,2026-09-11T14:30:34,EaseMyTrip,BOM-BLR,BOM,BLR,T+7,2026-09-18,IndiGo,6E-5388,22:20,00:20,02h 00m,ECONOMY,R,5663.0,1399.0,7062.0,61,Available
20260911_142640,2026-09-11T14:30:34,EaseMyTrip,BOM-BLR,BOM,BLR,T+7,2026-09-18,IndiGo,6E-5092,09:50,11:55,02h 05m,ECONOMY,R,5663.0,1399.0,7062.0,6,Available
20260911_142640,2026-09-11T14:30:34,EaseMyTrip,BOM-BLR,BOM,BLR,T+7,2026-09-18,IndiGo,6E-5193,08:05,09:55,01h 50m,ECONOMY,R,5963.0,1414.0,7377.0,75,Available
20260911_142640,2026-09-11T14:30:34,EaseMyTrip,BOM-BLR,BOM,BLR,T+7,2026-09-18,IndiGo,6E-5382,14:30,16:25,01h 55m,ECONOMY,R,5963.0,1414.0,7377.0,88,Available
20260911_142640,2026-09-11T14:30:34,EaseMyTrip,BOM-BLR,BOM,BLR,T+7,2026-09-18,IndiGo,6E-5221,17:00,18:55,01h 55m,ECONOMY,R,5963.0,1414.0,7377.0,3,Available
20260911_142640,2026-09-11T14:30:34,EaseMyTrip,BOM-BLR,BOM,BLR,T+7,2026-09-18,Air India,AI-2603,06:35,08:35,02h 00m,ECONOMY,L,5941.0,1486.0,7427.0,9,Available
20260911_142640,2026-09-11T14:30:34,EaseMyTrip,BOM-BLR,BOM,BLR,T+7,2026-09-18,Akasa Air,QP-1527,07:35,09:35,02h 00m,ECONOMY,Q4,6451.0,1044.0,7495.0,5,Available
20260911_142640,2026-09-11T14:30:34,EaseMyTrip,BOM-BLR,BOM,BLR,T+7,2026-09-18,Air India,AI-2863,10:00,12:05,02h 05m,ECONOMY,L,6179.0,1498.0,7677.0,9,Available
20260911_142640,2026-09-11T14:30:34,EaseMyTrip,BOM-BLR,BOM,BLR,T+7,2026-09-18,Air India,AI-2632,12:00,14:05,02h 05m,ECONOMY,G,6241.0,1501.0,7742.0,5,Available
20260911_142640,2026-09-11T14:30:34,EaseMyTrip,BOM-BLR,BOM,BLR,T+7,2026-09-18,Air India,AI-2853,15:25,17:35,02h 10m,ECONOMY,G,6241.0,1501.0,7742.0,9,Available
20260911_142640,2026-09-11T14:30:34,EaseMyTrip,BOM-BLR,BOM,BLR,T+7,2026-09-18,Air India,AI-2851,07:55,10:05,02h 10m,ECONOMY,L,6298.0,1504.0,7802.0,9,Available
20260911_142640,2026-09-11T14:30:34,EaseMyTrip,BOM-BLR,BOM,BLR,T+7,2026-09-18,IndiGo,6E-5047,18:30,20:25,01h 55m,ECONOMY,R,7563.0,1494.0,9057.0,4,Available
20260911_142640,2026-09-11T14:30:34,EaseMyTrip,BOM-BLR,BOM,BLR,T+7,2026-09-18,Air India,AI-2849,17:30,19:35,02h 05m,ECONOMY,Q,7635.0,1571.0,9206.0,9,Available
20260911_142640,2026-09-11T14:30:34,EaseMyTrip,BOM-BLR,BOM,BLR,T+7,2026-09-18,Air India,AI-2401,20:45,22:45,02h 00m,ECONOMY,Q,7708.0,1574.0,9282.0,5,Available
20260911_142640,2026-09-11T14:30:34,EaseMyTrip,BOM-BLR,BOM,BLR,T+7,2026-09-18,Air India,AI-2865,19:45,21:50,02h 05m,ECONOMY,Q,7708.0,1574.0,9282.0,9,Available
20260911_142640,2026-09-11T14:30:34,EaseMyTrip,BOM-BLR,BOM,BLR,T+7,2026-09-18,IndiGo,6E-5032,19:55,21:45,01h 50m,ECONOMY,R,8063.0,1519.0,9582.0,7,Available
20260911_142640,2026-09-11T14:30:34,EaseMyTrip,BOM-BLR,BOM,BLR,T+7,2026-09-18,Akasa Air,QP-1382,18:25,20:20,01h 55m,ECONOMY,P3,8440.0,1144.0,9584.0,8,Available
20260911_142640,2026-09-11T14:30:34,EaseMyTrip,BOM-BLR,BOM,BLR,T+7,2026-09-18,Akasa Air,QP-1133,19:40,21:45,02h 05m,ECONOMY,P1,9231.0,1184.0,10415.0,8,Available
20260911_142640,2026-09-11T14:30:34,EaseMyTrip,BOM-BLR,BOM,BLR,T+7,2026-09-18,Air India,AI-2641,18:30,20:35,02h 05m,ECONOMY,K,9646.0,1671.0,11317.0,9,Available
20260911_153722,2026-09-11T15:37:48,EaseMyTrip,DEL-BOM,DEL,BOM,T+1,2026-09-12,Akasa Air,QP-1820,17:30,19:45,02h 15m,ECONOMY,U1,5640.0,890.0,6530.0,9,Available
20260911_153722,2026-09-11T15:37:48,EaseMyTrip,DEL-BOM,DEL,BOM,T+1,2026-09-12,IndiGo,6E-322,23:30,01:45,02h 15m,ECONOMY,R,5065.0,1465.0,6530.0,34,Available
20260911_153722,2026-09-11T15:37:48,EaseMyTrip,DEL-BOM,DEL,BOM,T+1,2026-09-12,IndiGo,6E-329,18:00,20:15,02h 15m,ECONOMY,R,5065.0,1465.0,6530.0,37,Available
20260911_153722,2026-09-11T15:37:48,EaseMyTrip,DEL-BOM,DEL,BOM,T+1,2026-09-12,IndiGo,6E-6706,17:00,19:15,02h 15m,ECONOMY,R,5065.0,1465.0,6530.0,23,Available
20260911_153722,2026-09-11T15:37:48,EaseMyTrip,DEL-BOM,DEL,BOM,T+1,2026-09-12,IndiGo,6E-864,15:30,17:45,02h 15m,ECONOMY,R,5065.0,1465.0,6530.0,3,Available
20260911_153722,2026-09-11T15:37:48,EaseMyTrip,DEL-BOM,DEL,BOM,T+1,2026-09-12,IndiGo,6E-6318,14:45,17:00,02h 15m,ECONOMY,R,5065.0,1465.0,6530.0,45,Available
20260911_153722,2026-09-11T15:37:48,EaseMyTrip,DEL-BOM,DEL,BOM,T+1,2026-09-12,IndiGo,6E-6218,06:05,08:20,02h 15m,ECONOMY,R,5065.0,1465.0,6530.0,20,Available
20260911_153722,2026-09-11T15:37:48,EaseMyTrip,DEL-BOM,DEL,BOM,T+1,2026-09-12,IndiGo,6E-6814,07:15,09:30,02h 15m,ECONOMY,R,5065.0,1465.0,6530.0,30,Available
20260911_153722,2026-09-11T15:37:48,EaseMyTrip,DEL-BOM,DEL,BOM,T+1,2026-09-12,Akasa Air,QP-1128,16:00,18:20,02h 20m,ECONOMY,U1,5640.0,890.0,6530.0,9,Available
20260911_153722,2026-09-11T15:37:48,EaseMyTrip,DEL-BOM,DEL,BOM,T+1,2026-09-12,IndiGo,6E-6114,22:45,01:05,02h 20m,ECONOMY,R,5065.0,1465.0,6530.0,94,Available
20260911_153722,2026-09-11T15:37:48,EaseMyTrip,DEL-BOM,DEL,BOM,T+1,2026-09-12,IndiGo,6E-395,21:45,00:05,02h 20m,ECONOMY,R,5065.0,1465.0,6530.0,43,Available
20260911_153722,2026-09-11T15:37:48,EaseMyTrip,DEL-BOM,DEL,BOM,T+1,2026-09-12,IndiGo,6E-327,16:15,18:35,02h 20m,ECONOMY,R,5065.0,1465.0,6530.0,45,Available
20260911_153722,2026-09-11T15:37:48,EaseMyTrip,DEL-BOM,DEL,BOM,T+1,2026-09-12,Akasa Air,QP-1119,08:40,11:05,02h 25m,ECONOMY,U1,5640.0,890.0,6530.0,9,Available
20260911_153722,2026-09-11T15:37:48,EaseMyTrip,DEL-BOM,DEL,BOM,T+1,2026-09-12,Akasa Air,QP-1826,19:55,22:20,02h 25m,ECONOMY,U1,5640.0,890.0,6530.0,9,Available
20260911_153722,2026-09-11T15:37:48,EaseMyTrip,DEL-BOM,DEL,BOM,T+1,2026-09-12,IndiGo,6E-354,19:00,21:25,02h 25m,ECONOMY,R,5065.0,1465.0,6530.0,8,Available
20260911_153722,2026-09-11T15:37:48,EaseMyTrip,DEL-BOM,DEL,BOM,T+1,2026-09-12,IndiGo,6E-6022,14:00,16:25,02h 25m,ECONOMY,R,5065.0,1465.0,6530.0,28,Available
20260911_153722,2026-09-11T15:37:48,EaseMyTrip,DEL-BOM,DEL,BOM,T+1,2026-09-12,Air India Express,IX-1235,23:25,01:50,02h 25m,ECONOMY,H,5191.0,1497.0,6688.0,9,Available
20260911_153722,2026-09-11T15:37:48,EaseMyTrip,DEL-BOM,DEL,BOM,T+1,2026-09-12,Akasa Air,QP-1112,09:20,11:40,02h 20m,ECONOMY,U0,5715.0,894.0,6609.0,9,Available
20260911_153722,2026-09-11T15:37:48,EaseMyTrip,DEL-BOM,DEL,BOM,T+1,2026-09-12,IndiGo,6E-303,20:00,22:10,02h 10m,ECONOMY,R,5215.0,1473.0,6688.0,4,Available
20260911_153722,2026-09-11T15:37:48,EaseMyTrip,DEL-BOM,DEL,BOM,T+1,2026-09-12,IndiGo,6E-320,08:00,10:20,02h 20m,ECONOMY,R,5215.0,1473.0,6688.0,26,Available
20260911_153722,2026-09-11T15:37:48,EaseMyTrip,DEL-BOM,DEL,BOM,T+1,2026-09-12,IndiGo,6E-6328,10:15,12:35,02h 20m,ECONOMY,R,5215.0,1473.0,6688.0,1,Available
20260911_153722,2026-09-11T15:37:48,EaseMyTrip,DEL-BOM,DEL,BOM,T+1,2026-09-12,IndiGo,6E-6107,09:30,11:55,02h 25m,ECONOMY,R,5215.0,1473.0,6688.0,7,Available
20260911_153722,2026-09-11T15:37:48,EaseMyTrip,DEL-BOM,DEL,BOM,T+1,2026-09-12,Akasa Air,QP-1833,06:50,09:10,02h 20m,ECONOMY,T4,5829.0,900.0,6729.0,9,Available
20260911_153722,2026-09-11T15:37:48,EaseMyTrip,DEL-BOM,DEL,BOM,T+1,2026-09-12,Air India,AI-1745,05:00,07:20,02h 20m,ECONOMY,S,5236.0,1494.0,6730.0,3,Available
20260911_153722,2026-09-11T15:37:48,EaseMyTrip,DEL-BOM,DEL,BOM,T+1,2026-09-12,Air India,AI-2439,23:00,01:25,02h 25m,ECONOMY,S,5236.0,1494.0,6730.0,9,Available
20260911_153722,2026-09-11T15:37:48,EaseMyTrip,DEL-BOM,DEL,BOM,T+1,2026-09-12,IndiGo,6E-675,08:45,11:00,02h 15m,ECONOMY,R,5415.0,1483.0,6898.0,9,Available
20260911_153722,2026-09-11T15:37:48,EaseMyTrip,DEL-BOM,DEL,BOM,T+1,2026-09-12,IndiGo,6E-6047,11:00,13:15,02h 15m,ECONOMY,R,5415.0,1483.0,6898.0,3,Available
20260911_153722,2026-09-11T15:37:48,EaseMyTrip,DEL-BOM,DEL,BOM,T+1,2026-09-12,Akasa Air,QP-1110,10:30,12:45,02h 15m,ECONOMY,T2,6065.0,912.0,6977.0,9,Available
20260911_153722,2026-09-11T15:37:48,EaseMyTrip,DEL-BOM,DEL,BOM,T+1,2026-09-12,Air India,AI-865,08:55,11:10,02h 15m,ECONOMY,S,5493.0,1507.0,7000.0,9,Available
20260911_153722,2026-09-11T15:37:48,EaseMyTrip,DEL-BOM,DEL,BOM,T+1,2026-09-12,Air India,AI-2975,06:30,08:50,02h 20m,ECONOMY,S,5493.0,1507.0,7000.0,9,Available
20260911_153722,2026-09-11T15:37:48,EaseMyTrip,DEL-BOM,DEL,BOM,T+1,2026-09-12,Air India,AI-2941,16:30,18:50,02h 20m,ECONOMY,S,5493.0,1507.0,7000.0,9,Available
20260911_153722,2026-09-11T15:37:48,EaseMyTrip,DEL-BOM,DEL,BOM,T+1,2026-09-12,Air India,AI-2981,21:00,23:20,02h 20m,ECONOMY,S,5493.0,1507.0,7000.0,9,Available
20260911_153722,2026-09-11T15:37:48,EaseMyTrip,DEL-BOM,DEL,BOM,T+1,2026-09-12,Air India,AI-1777,16:00,18:25,02h 25m,ECONOMY,S,5493.0,1507.0,7000.0,9,Available
20260911_153722,2026-09-11T15:37:48,EaseMyTrip,DEL-BOM,DEL,BOM,T+1,2026-09-12,Air India,AI-441,17:00,19:25,02h 25m,ECONOMY,S,5493.0,1507.0,7000.0,9,Available
20260911_153722,2026-09-11T15:37:48,EaseMyTrip,DEL-BOM,DEL,BOM,T+1,2026-09-12,Air India,AI-2955,18:00,20:25,02h 25m,ECONOMY,S,5493.0,1507.0,7000.0,9,Available
20260911_153722,2026-09-11T15:37:48,EaseMyTrip,DEL-BOM,DEL,BOM,T+1,2026-09-12,Air India,AI-2977,19:00,21:25,02h 25m,ECONOMY,S,5493.0,1507.0,7000.0,9,Available
20260911_153722,2026-09-11T15:37:48,EaseMyTrip,DEL-BOM,DEL,BOM,T+1,2026-09-12,Air India,AI-2985,19:30,21:55,02h 25m,ECONOMY,S,5493.0,1507.0,7000.0,9,Available
20260911_153722,2026-09-11T15:37:48,EaseMyTrip,DEL-BOM,DEL,BOM,T+1,2026-09-12,Air India,AI-2433,21:30,23:55,02h 25m,ECONOMY,S,5493.0,1507.0,7000.0,9,Available
20260911_153722,2026-09-11T15:37:48,EaseMyTrip,DEL-BOM,DEL,BOM,T+1,2026-09-12,Air India,AI-2927,09:30,12:00,02h 30m,ECONOMY,S,5493.0,1507.0,7000.0,9,Available
20260911_153722,2026-09-11T15:37:48,EaseMyTrip,DEL-BOM,DEL,BOM,T+1,2026-09-12,Air India,AI-2678,08:30,10:45,02h 15m,ECONOMY,T,5644.0,1515.0,7159.0,9,Available
20260911_153722,2026-09-11T15:37:48,EaseMyTrip,DEL-BOM,DEL,BOM,T+1,2026-09-12,Air India,AI-2963,09:00,11:15,02h 15m,ECONOMY,T,5644.0,1515.0,7159.0,9,Available
20260911_153722,2026-09-11T15:37:48,EaseMyTrip,DEL-BOM,DEL,BOM,T+1,2026-09-12,Air India,AI-2429,07:00,09:25,02h 25m,ECONOMY,T,5644.0,1515.0,7159.0,9,Available
20260911_153722,2026-09-11T15:37:48,EaseMyTrip,DEL-BOM,DEL,BOM,T+1,2026-09-12,Air India,AI-2943,07:30,09:55,02h 25m,ECONOMY,T,5644.0,1515.0,7159.0,9,Available
20260911_153722,2026-09-11T15:37:48,EaseMyTrip,DEL-BOM,DEL,BOM,T+1,2026-09-12,Air India,AI-2995,10:00,12:25,02h 25m,ECONOMY,T,5644.0,1515.0,7159.0,9,Available
20260911_153722,2026-09-11T15:37:48,EaseMyTrip,DEL-BOM,DEL,BOM,T+1,2026-09-12,Air India,AI-2933,15:30,17:55,02h 25m,ECONOMY,T,5644.0,1515.0,7159.0,9,Available
20260911_153722,2026-09-11T15:37:48,EaseMyTrip,DEL-BOM,DEL,BOM,T+1,2026-09-12,Air India,AI-2957,20:30,23:05,02h 35m,ECONOMY,T,5644.0,1515.0,7159.0,9,Available
20260911_153722,2026-09-11T15:37:48,EaseMyTrip,DEL-BOM,DEL,BOM,T+1,2026-09-12,IndiGo,6E-324,13:00,15:10,02h 10m,ECONOMY,R,5665.0,1495.0,7160.0,14,Available
20260911_153722,2026-09-11T15:37:48,EaseMyTrip,DEL-BOM,DEL,BOM,T+1,2026-09-12,IndiGo,6E-449,05:00,07:15,02h 15m,ECONOMY,R,5665.0,1495.0,7160.0,4,Available
20260911_153722,2026-09-11T15:37:48,EaseMyTrip,DEL-BOM,DEL,BOM,T+1,2026-09-12,IndiGo,6E-6676,12:00,14:15,02h 15m,ECONOMY,R,5665.0,1495.0,7160.0,12,Available
20260911_153722,2026-09-11T15:37:48,EaseMyTrip,DEL-BOM,DEL,BOM,T+1,2026-09-12,Air India,AI-1785,12:00,14:25,02h 25m,ECONOMY,L,6093.0,1537.0,7630.0,5,Available
20260911_153722,2026-09-11T15:37:48,EaseMyTrip,DEL-BOM,DEL,BOM,T+1,2026-09-12,Akasa Air,QP-1836,12:30,14:55,02h 25m,ECONOMY,R2,6696.0,942.0,7638.0,9,Available
20260911_153722,2026-09-11T15:37:48,EaseMyTrip,DEL-BOM,DEL,BOM,T+1,2026-09-12,Air India,AI-2951,13:30,15:50,02h 20m,ECONOMY,L,6276.0,1546.0,7822.0,1,Available
20260911_153722,2026-09-11T15:37:48,EaseMyTrip,DEL-BOM,DEL,BOM,T+1,2026-09-12,Air India,AI-2945,11:00,13:25,02h 25m,ECONOMY,G,6393.0,1552.0,7945.0,9,Available
20260911_153722,2026-09-11T15:37:59,EaseMyTrip,DEL-BOM,DEL,BOM,T+7,2026-09-18,Air India Express,IX-1056,05:35,08:05,02h 30m,ECONOMY,G,5040.0,1489.0,6529.0,9,Available
20260911_153722,2026-09-11T15:37:59,EaseMyTrip,DEL-BOM,DEL,BOM,T+7,2026-09-18,IndiGo,6E-324,13:00,15:10,02h 10m,ECONOMY,R,5065.0,1465.0,6530.0,51,Available
20260911_153722,2026-09-11T15:37:59,EaseMyTrip,DEL-BOM,DEL,BOM,T+7,2026-09-18,Akasa Air,QP-1110,10:30,12:45,02h 15m,ECONOMY,U1,5640.0,890.0,6530.0,9,Available
20260911_153722,2026-09-11T15:37:59,EaseMyTrip,DEL-BOM,DEL,BOM,T+7,2026-09-18,IndiGo,6E-449,05:00,07:15,02h 15m,ECONOMY,R,5065.0,1465.0,6530.0,109,Available
20260911_153722,2026-09-11T15:37:59,EaseMyTrip,DEL-BOM,DEL,BOM,T+7,2026-09-18,IndiGo,6E-864,15:30,17:45,02h 15m,ECONOMY,R,5065.0,1465.0,6530.0,84,Available
20260911_153722,2026-09-11T15:37:59,EaseMyTrip,DEL-BOM,DEL,BOM,T+7,2026-09-18,IndiGo,6E-6318,14:45,17:00,02h 15m,ECONOMY,R,5065.0,1465.0,6530.0,84,Available
20260911_153722,2026-09-11T15:37:59,EaseMyTrip,DEL-BOM,DEL,BOM,T+7,2026-09-18,IndiGo,6E-675,08:45,11:00,02h 15m,ECONOMY,R,5065.0,1465.0,6530.0,24,Available
20260911_153722,2026-09-11T15:37:59,EaseMyTrip,DEL-BOM,DEL,BOM,T+7,2026-09-18,IndiGo,6E-6047,11:00,13:15,02h 15m,ECONOMY,R,5065.0,1465.0,6530.0,55,Available
20260911_153722,2026-09-11T15:37:59,EaseMyTrip,DEL-BOM,DEL,BOM,T+7,2026-09-18,IndiGo,6E-6676,12:00,14:15,02h 15m,ECONOMY,R,5065.0,1465.0,6530.0,76,Available
20260911_153722,2026-09-11T15:37:59,EaseMyTrip,DEL-BOM,DEL,BOM,T+7,2026-09-18,Akasa Air,QP-1833,06:50,09:10,02h 20m,ECONOMY,U1,5640.0,890.0,6530.0,9,Available
20260911_153722,2026-09-11T15:37:59,EaseMyTrip,DEL-BOM,DEL,BOM,T+7,2026-09-18,Akasa Air,QP-1112,09:20,11:40,02h 20m,ECONOMY,U1,5640.0,890.0,6530.0,9,Available
20260911_153722,2026-09-11T15:37:59,EaseMyTrip,DEL-BOM,DEL,BOM,T+7,2026-09-18,Akasa Air,QP-1128,16:00,18:20,02h 20m,ECONOMY,U1,5640.0,890.0,6530.0,9,Available
20260911_153722,2026-09-11T15:37:59,EaseMyTrip,DEL-BOM,DEL,BOM,T+7,2026-09-18,IndiGo,6E-6328,10:15,12:35,02h 20m,ECONOMY,R,5065.0,1465.0,6530.0,43,Available
20260911_153722,2026-09-11T15:37:59,EaseMyTrip,DEL-BOM,DEL,BOM,T+7,2026-09-18,Akasa Air,QP-1119,08:40,11:05,02h 25m,ECONOMY,U1,5640.0,890.0,6530.0,9,Available
20260911_153722,2026-09-11T15:37:59,EaseMyTrip,DEL-BOM,DEL,BOM,T+7,2026-09-18,Akasa Air,QP-1836,12:30,14:55,02h 25m,ECONOMY,U1,5640.0,890.0,6530.0,9,Available
20260911_153722,2026-09-11T15:37:59,EaseMyTrip,DEL-BOM,DEL,BOM,T+7,2026-09-18,IndiGo,6E-6022,14:00,16:25,02h 25m,ECONOMY,R,5065.0,1465.0,6530.0,101,Available
20260911_153722,2026-09-11T15:37:59,EaseMyTrip,DEL-BOM,DEL,BOM,T+7,2026-09-18,IndiGo,6E-6107,09:30,11:55,02h 25m,ECONOMY,R,5065.0,1465.0,6530.0,61,Available
20260911_153722,2026-09-11T15:37:59,EaseMyTrip,DEL-BOM,DEL,BOM,T+7,2026-09-18,IndiGo,6E-6218,06:05,08:20,02h 15m,ECONOMY,R,5215.0,1473.0,6688.0,77,Available
20260911_153722,2026-09-11T15:37:59,EaseMyTrip,DEL-BOM,DEL,BOM,T+7,2026-09-18,IndiGo,6E-327,16:15,18:35,02h 20m,ECONOMY,R,5215.0,1473.0,6688.0,65,Available
20260911_153722,2026-09-11T15:37:59,EaseMyTrip,DEL-BOM,DEL,BOM,T+7,2026-09-18,Air India,AI-1745,05:00,07:20,02h 20m,ECONOMY,S,5236.0,1494.0,6730.0,9,Available
20260911_153722,2026-09-11T15:37:59,EaseMyTrip,DEL-BOM,DEL,BOM,T+7,2026-09-18,IndiGo,6E-6814,07:15,09:30,02h 15m,ECONOMY,R,5415.0,1483.0,6898.0,77,Available
20260911_153722,2026-09-11T15:37:59,EaseMyTrip,DEL-BOM,DEL,BOM,T+7,2026-09-18,IndiGo,6E-320,08:00,10:20,02h 20m,ECONOMY,R,5415.0,1483.0,6898.0,61,Available
20260911_153722,2026-09-11T15:37:59,EaseMyTrip,DEL-BOM,DEL,BOM,T+7,2026-09-18,Air India,AI-2678,08:30,10:45,02h 15m,ECONOMY,S,5493.0,1507.0,7000.0,9,Available
20260911_153722,2026-09-11T15:37:59,EaseMyTrip,DEL-BOM,DEL,BOM,T+7,2026-09-18,Air India,AI-2425,10:30,12:50,02h 20m,ECONOMY,S,5493.0,1507.0,7000.0,9,Available
20260911_153722,2026-09-11T15:37:59,EaseMyTrip,DEL-BOM,DEL,BOM,T+7,2026-09-18,Air India,AI-2951,13:30,15:50,02h 20m,ECONOMY,S,5493.0,1507.0,7000.0,1,Available
20260911_153722,2026-09-11T15:37:59,EaseMyTrip,DEL-BOM,DEL,BOM,T+7,2026-09-18,Air India,AI-2441,14:10,16:30,02h 20m,ECONOMY,S,5493.0,1507.0,7000.0,9,Available
20260911_153722,2026-09-11T15:37:59,EaseMyTrip,DEL-BOM,DEL,BOM,T+7,2026-09-18,Air India,AI-2995,10:00,12:25,02h 25m,ECONOMY,S,5493.0,1507.0,7000.0,9,Available
20260911_153722,2026-09-11T15:37:59,EaseMyTrip,DEL-BOM,DEL,BOM,T+7,2026-09-18,Air India,AI-2945,11:00,13:25,02h 25m,ECONOMY,S,5493.0,1507.0,7000.0,9,Available
20260911_153722,2026-09-11T15:37:59,EaseMyTrip,DEL-BOM,DEL,BOM,T+7,2026-09-18,Air India,AI-1785,12:00,14:25,02h 25m,ECONOMY,S,5493.0,1507.0,7000.0,9,Available
20260911_153722,2026-09-11T15:37:59,EaseMyTrip,DEL-BOM,DEL,BOM,T+7,2026-09-18,Air India,AI-2933,15:30,17:55,02h 25m,ECONOMY,S,5493.0,1507.0,7000.0,9,Available
20260911_153722,2026-09-11T15:37:59,EaseMyTrip,DEL-BOM,DEL,BOM,T+7,2026-09-18,Air India,AI-1777,16:00,18:25,02h 25m,ECONOMY,S,5493.0,1507.0,7000.0,9,Available
20260911_153722,2026-09-11T15:37:59,EaseMyTrip,DEL-BOM,DEL,BOM,T+7,2026-09-18,Air India,AI-441,17:00,19:25,02h 25m,ECONOMY,S,5493.0,1507.0,7000.0,9,Available
20260911_153722,2026-09-11T15:37:59,EaseMyTrip,DEL-BOM,DEL,BOM,T+7,2026-09-18,Air India,AI-2927,09:30,12:00,02h 30m,ECONOMY,S,5493.0,1507.0,7000.0,9,Available
20260911_153722,2026-09-11T15:37:59,EaseMyTrip,DEL-BOM,DEL,BOM,T+7,2026-09-18,Air India,AI-2975,06:30,08:50,02h 20m,ECONOMY,T,5644.0,1515.0,7159.0,9,Available
20260911_153722,2026-09-11T15:37:59,EaseMyTrip,DEL-BOM,DEL,BOM,T+7,2026-09-18,Air India,AI-2941,16:30,18:50,02h 20m,ECONOMY,T,5644.0,1515.0,7159.0,9,Available
20260911_153722,2026-09-11T15:37:59,EaseMyTrip,DEL-BOM,DEL,BOM,T+7,2026-09-18,Air India,AI-1780,16:10,20:00,03h 50m,ECONOMY,T,5644.0,1515.0,7159.0,9,Available
20260911_153722,2026-09-11T15:37:59,EaseMyTrip,DEL-BOM,DEL,BOM,T+7,2026-09-18,IndiGo,6E-322,23:30,01:45,02h 15m,ECONOMY,R,5665.0,1495.0,7160.0,3,Available
20260911_153722,2026-09-11T15:37:59,EaseMyTrip,DEL-BOM,DEL,BOM,T+7,2026-09-18,IndiGo,6E-6114,22:45,01:05,02h 20m,ECONOMY,R,5665.0,1495.0,7160.0,16,Available
20260911_153722,2026-09-11T15:37:59,EaseMyTrip,DEL-BOM,DEL,BOM,T+7,2026-09-18,Air India Express,IX-1235,23:25,01:50,02h 25m,ECONOMY,E,5976.0,1537.0,7513.0,9,Available
20260911_153722,2026-09-11T15:37:59,EaseMyTrip,DEL-BOM,DEL,BOM,T+7,2026-09-18,Air India,AI-2429,07:00,09:25,02h 25m,ECONOMY,U,5844.0,1525.0,7369.0,9,Available
20260911_153722,2026-09-11T15:37:59,EaseMyTrip,DEL-BOM,DEL,BOM,T+7,2026-09-18,Air India,AI-2943,07:30,09:55,02h 25m,ECONOMY,U,5844.0,1525.0,7369.0,9,Available
20260911_153722,2026-09-11T15:37:59,EaseMyTrip,DEL-BOM,DEL,BOM,T+7,2026-09-18,Air India,AI-2439,23:00,01:25,02h 25m,ECONOMY,L,6093.0,1537.0,7630.0,9,Available
20260911_153722,2026-09-11T15:37:59,EaseMyTrip,DEL-BOM,DEL,BOM,T+7,2026-09-18,IndiGo,6E-6706,17:00,19:15,02h 15m,ECONOMY,R,6265.0,1525.0,7790.0,9,Available
20260911_153722,2026-09-11T15:37:59,EaseMyTrip,DEL-BOM,DEL,BOM,T+7,2026-09-18,Akasa Air,QP-1820,17:30,19:45,02h 15m,ECONOMY,Q4,7105.0,964.0,8069.0,9,Available
20260911_153722,2026-09-11T15:38:22,EaseMyTrip,DEL-BOM,DEL,BOM,T+15,2026-09-26,IndiGo,6E-324,13:00,15:10,02h 10m,ECONOMY,R,5065.0,1465.0,6530.0,9,Available
20260911_153722,2026-09-11T15:38:22,EaseMyTrip,DEL-BOM,DEL,BOM,T+15,2026-09-26,Akasa Air,QP-1110,10:30,12:45,02h 15m,ECONOMY,U1,5640.0,890.0,6530.0,9,Available
20260911_153722,2026-09-11T15:38:22,EaseMyTrip,DEL-BOM,DEL,BOM,T+15,2026-09-26,Akasa Air,QP-1820,17:30,19:45,02h 15m,ECONOMY,U1,5640.0,890.0,6530.0,9,Available
20260911_153722,2026-09-11T15:38:22,EaseMyTrip,DEL-BOM,DEL,BOM,T+15,2026-09-26,IndiGo,6E-322,23:30,01:45,02h 15m,ECONOMY,R,5065.0,1465.0,6530.0,7,Available
20260911_153722,2026-09-11T15:38:22,EaseMyTrip,DEL-BOM,DEL,BOM,T+15,2026-09-26,IndiGo,6E-329,18:00,20:15,02h 15m,ECONOMY,R,5065.0,1465.0,6530.0,8,Available
20260911_153722,2026-09-11T15:38:22,EaseMyTrip,DEL-BOM,DEL,BOM,T+15,2026-09-26,IndiGo,6E-6706,17:00,19:15,02h 15m,ECONOMY,R,5065.0,1465.0,6530.0,81,Available
20260911_153722,2026-09-11T15:38:22,EaseMyTrip,DEL-BOM,DEL,BOM,T+15,2026-09-26,IndiGo,6E-864,15:30,17:45,02h 15m,ECONOMY,R,5065.0,1465.0,6530.0,63,Available
20260911_153722,2026-09-11T15:38:22,EaseMyTrip,DEL-BOM,DEL,BOM,T+15,2026-09-26,IndiGo,6E-6318,14:45,17:00,02h 15m,ECONOMY,R,5065.0,1465.0,6530.0,90,Available
20260911_153722,2026-09-11T15:38:22,EaseMyTrip,DEL-BOM,DEL,BOM,T+15,2026-09-26,IndiGo,6E-675,08:45,11:00,02h 15m,ECONOMY,R,5065.0,1465.0,6530.0,61,Available
20260911_153722,2026-09-11T15:38:22,EaseMyTrip,DEL-BOM,DEL,BOM,T+15,2026-09-26,IndiGo,6E-6814,07:15,09:30,02h 15m,ECONOMY,R,5065.0,1465.0,6530.0,9,Available
20260911_153722,2026-09-11T15:38:22,EaseMyTrip,DEL-BOM,DEL,BOM,T+15,2026-09-26,IndiGo,6E-6676,12:00,14:15,02h 15m,ECONOMY,R,5065.0,1465.0,6530.0,8,Available
20260911_153722,2026-09-11T15:38:22,EaseMyTrip,DEL-BOM,DEL,BOM,T+15,2026-09-26,Akasa Air,QP-1833,06:50,09:10,02h 20m,ECONOMY,U1,5640.0,890.0,6530.0,9,Available
20260911_153722,2026-09-11T15:38:22,EaseMyTrip,DEL-BOM,DEL,BOM,T+15,2026-09-26,Akasa Air,QP-1112,09:20,11:40,02h 20m,ECONOMY,U1,5640.0,890.0,6530.0,9,Available
20260911_153722,2026-09-11T15:38:22,EaseMyTrip,DEL-BOM,DEL,BOM,T+15,2026-09-26,Akasa Air,QP-1128,16:00,18:20,02h 20m,ECONOMY,U1,5640.0,890.0,6530.0,9,Available
20260911_153722,2026-09-11T15:38:22,EaseMyTrip,DEL-BOM,DEL,BOM,T+15,2026-09-26,IndiGo,6E-6114,22:45,01:05,02h 20m,ECONOMY,R,5065.0,1465.0,6530.0,7,Available
20260911_153722,2026-09-11T15:38:22,EaseMyTrip,DEL-BOM,DEL,BOM,T+15,2026-09-26,IndiGo,6E-327,16:15,18:35,02h 20m,ECONOMY,R,5065.0,1465.0,6530.0,80,Available
20260911_153722,2026-09-11T15:38:22,EaseMyTrip,DEL-BOM,DEL,BOM,T+15,2026-09-26,IndiGo,6E-320,08:00,10:20,02h 20m,ECONOMY,R,5065.0,1465.0,6530.0,7,Available
20260911_153722,2026-09-11T15:38:22,EaseMyTrip,DEL-BOM,DEL,BOM,T+15,2026-09-26,IndiGo,6E-6328,10:15,12:35,02h 20m,ECONOMY,R,5065.0,1465.0,6530.0,66,Available
20260911_153722,2026-09-11T15:38:22,EaseMyTrip,DEL-BOM,DEL,BOM,T+15,2026-09-26,Akasa Air,QP-1119,08:40,11:05,02h 25m,ECONOMY,U1,5640.0,890.0,6530.0,9,Available
20260911_153722,2026-09-11T15:38:22,EaseMyTrip,DEL-BOM,DEL,BOM,T+15,2026-09-26,Akasa Air,QP-1836,12:30,14:55,02h 25m,ECONOMY,U1,5640.0,890.0,6530.0,9,Available
20260911_153722,2026-09-11T15:38:22,EaseMyTrip,DEL-BOM,DEL,BOM,T+15,2026-09-26,Akasa Air,QP-1826,19:55,22:20,02h 25m,ECONOMY,U1,5640.0,890.0,6530.0,9,Available
20260911_153722,2026-09-11T15:38:22,EaseMyTrip,DEL-BOM,DEL,BOM,T+15,2026-09-26,IndiGo,6E-6022,14:00,16:25,02h 25m,ECONOMY,R,5065.0,1465.0,6530.0,90,Available
20260911_153722,2026-09-11T15:38:22,EaseMyTrip,DEL-BOM,DEL,BOM,T+15,2026-09-26,IndiGo,6E-6107,09:30,11:55,02h 25m,ECONOMY,R,5065.0,1465.0,6530.0,55,Available
20260911_153722,2026-09-11T15:38:22,EaseMyTrip,DEL-BOM,DEL,BOM,T+15,2026-09-26,IndiGo,6E-449,05:00,07:15,02h 15m,ECONOMY,R,5215.0,1473.0,6688.0,76,Available
20260911_153722,2026-09-11T15:38:22,EaseMyTrip,DEL-BOM,DEL,BOM,T+15,2026-09-26,IndiGo,6E-6218,06:05,08:20,02h 15m,ECONOMY,R,5215.0,1473.0,6688.0,1,Available
20260911_153722,2026-09-11T15:38:22,EaseMyTrip,DEL-BOM,DEL,BOM,T+15,2026-09-26,IndiGo,6E-6047,11:00,13:15,02h 15m,ECONOMY,R,5215.0,1473.0,6688.0,14,Available
20260911_153722,2026-09-11T15:38:22,EaseMyTrip,DEL-BOM,DEL,BOM,T+15,2026-09-26,IndiGo,6E-395,21:45,00:05,02h 20m,ECONOMY,R,5215.0,1473.0,6688.0,97,Available
20260911_153722,2026-09-11T15:38:22,EaseMyTrip,DEL-BOM,DEL,BOM,T+15,2026-09-26,IndiGo,6E-354,19:00,21:25,02h 25m,ECONOMY,R,5215.0,1473.0,6688.0,9,Available
20260911_153722,2026-09-11T15:38:22,EaseMyTrip,DEL-BOM,DEL,BOM,T+15,2026-09-26,Air India,AI-2439,23:00,01:25,02h 25m,ECONOMY,S,5236.0,1494.0,6730.0,9,Available
20260911_153722,2026-09-11T15:38:22,EaseMyTrip,DEL-BOM,DEL,BOM,T+15,2026-09-26,IndiGo,6E-303,20:00,22:10,02h 10m,ECONOMY,R,5415.0,1483.0,6898.0,3,Available
20260911_153722,2026-09-11T15:38:22,EaseMyTrip,DEL-BOM,DEL,BOM,T+15,2026-09-26,Air India,AI-2678,08:30,10:45,02h 15m,ECONOMY,S,5493.0,1507.0,7000.0,9,Available
20260911_153722,2026-09-11T15:38:22,EaseMyTrip,DEL-BOM,DEL,BOM,T+15,2026-09-26,Air India,AI-2963,09:00,11:15,02h 15m,ECONOMY,S,5493.0,1507.0,7000.0,9,Available
20260911_153722,2026-09-11T15:38:22,EaseMyTrip,DEL-BOM,DEL,BOM,T+15,2026-09-26,Air India,AI-2425,10:30,12:50,02h 20m,ECONOMY,S,5493.0,1507.0,7000.0,9,Available
20260911_153722,2026-09-11T15:38:22,EaseMyTrip,DEL-BOM,DEL,BOM,T+15,2026-09-26,Air India,AI-2941,16:30,18:50,02h 20m,ECONOMY,S,5493.0,1507.0,7000.0,9,Available
20260911_153722,2026-09-11T15:38:22,EaseMyTrip,DEL-BOM,DEL,BOM,T+15,2026-09-26,Air India,AI-2981,21:00,23:20,02h 20m,ECONOMY,S,5493.0,1507.0,7000.0,9,Available
20260911_153722,2026-09-11T15:38:22,EaseMyTrip,DEL-BOM,DEL,BOM,T+15,2026-09-26,Air India,AI-1745,05:00,07:20,02h 20m,ECONOMY,T,5493.0,1507.0,7000.0,9,Available
20260911_153722,2026-09-11T15:38:22,EaseMyTrip,DEL-BOM,DEL,BOM,T+15,2026-09-26,Air India,AI-2429,07:00,09:25,02h 25m,ECONOMY,S,5493.0,1507.0,7000.0,9,Available
20260911_153722,2026-09-11T15:38:22,EaseMyTrip,DEL-BOM,DEL,BOM,T+15,2026-09-26,Air India,AI-2943,07:30,09:55,02h 25m,ECONOMY,S,5493.0,1507.0,7000.0,9,Available
20260911_153722,2026-09-11T15:38:22,EaseMyTrip,DEL-BOM,DEL,BOM,T+15,2026-09-26,Air India,AI-2995,10:00,12:25,02h 25m,ECONOMY,S,5493.0,1507.0,7000.0,9,Available
20260911_153722,2026-09-11T15:38:22,EaseMyTrip,DEL-BOM,DEL,BOM,T+15,2026-09-26,Air India,AI-2945,11:00,13:25,02h 25m,ECONOMY,S,5493.0,1507.0,7000.0,9,Available
20260911_153722,2026-09-11T15:38:22,EaseMyTrip,DEL-BOM,DEL,BOM,T+15,2026-09-26,Air India,AI-1785,12:00,14:25,02h 25m,ECONOMY,S,5493.0,1507.0,7000.0,9,Available
20260911_153722,2026-09-11T15:38:22,EaseMyTrip,DEL-BOM,DEL,BOM,T+15,2026-09-26,Air India,AI-2933,15:30,17:55,02h 25m,ECONOMY,S,5493.0,1507.0,7000.0,2,Available
20260911_153722,2026-09-11T15:38:22,EaseMyTrip,DEL-BOM,DEL,BOM,T+15,2026-09-26,Air India,AI-1777,16:00,18:25,02h 25m,ECONOMY,S,5493.0,1507.0,7000.0,9,Available
20260911_153722,2026-09-11T15:38:22,EaseMyTrip,DEL-BOM,DEL,BOM,T+15,2026-09-26,Air India,AI-441,17:00,19:25,02h 25m,ECONOMY,S,5493.0,1507.0,7000.0,9,Available
20260911_153722,2026-09-11T15:38:22,EaseMyTrip,DEL-BOM,DEL,BOM,T+15,2026-09-26,Air India,AI-2955,18:00,20:25,02h 25m,ECONOMY,S,5493.0,1507.0,7000.0,9,Available
20260911_153722,2026-09-11T15:38:22,EaseMyTrip,DEL-BOM,DEL,BOM,T+15,2026-09-26,Air India,AI-2927,09:30,12:00,02h 30m,ECONOMY,S,5493.0,1507.0,7000.0,9,Available
20260911_153722,2026-09-11T15:38:22,EaseMyTrip,DEL-BOM,DEL,BOM,T+15,2026-09-26,Air India,AI-1780,16:10,20:00,03h 50m,ECONOMY,S,5493.0,1507.0,7000.0,9,Available
20260911_153722,2026-09-11T15:38:22,EaseMyTrip,DEL-BOM,DEL,BOM,T+15,2026-09-26,Air India Express,IX-1235,23:25,01:50,02h 25m,ECONOMY,K,5649.0,1519.0,7168.0,2,Available
20260911_153722,2026-09-11T15:38:22,EaseMyTrip,DEL-BOM,DEL,BOM,T+15,2026-09-26,Air India,AI-2975,06:30,08:50,02h 20m,ECONOMY,T,5644.0,1515.0,7159.0,9,Available
20260911_153722,2026-09-11T15:38:22,EaseMyTrip,DEL-BOM,DEL,BOM,T+15,2026-09-26,Air India,AI-2977,19:00,21:25,02h 25m,ECONOMY,T,5644.0,1515.0,7159.0,9,Available
20260911_153722,2026-09-11T15:38:22,EaseMyTrip,DEL-BOM,DEL,BOM,T+15,2026-09-26,Air India,AI-2985,19:30,21:55,02h 25m,ECONOMY,T,5644.0,1515.0,7159.0,9,Available
20260911_153722,2026-09-11T15:38:22,EaseMyTrip,DEL-BOM,DEL,BOM,T+15,2026-09-26,Air India,AI-2433,21:30,23:55,02h 25m,ECONOMY,T,5644.0,1515.0,7159.0,3,Available
20260911_153722,2026-09-11T15:38:22,EaseMyTrip,DEL-BOM,DEL,BOM,T+15,2026-09-26,Air India,AI-2957,20:30,23:05,02h 35m,ECONOMY,U,5844.0,1525.0,7369.0,9,Available
20260911_153722,2026-09-11T15:38:48,EaseMyTrip,DEL-BLR,DEL,BLR,T+1,2026-09-12,Akasa Air,QP-1812,22:55,01:45,02h 50m,ECONOMY,U2,7774.0,1055.0,8829.0,9,Available
20260911_153722,2026-09-11T15:38:48,EaseMyTrip,DEL-BLR,DEL,BLR,T+1,2026-09-12,Akasa Air,QP-1308,20:55,23:50,02h 55m,ECONOMY,U2,7774.0,1055.0,8829.0,9,Available
20260911_153722,2026-09-11T15:38:48,EaseMyTrip,DEL-BLR,DEL,BLR,T+1,2026-09-12,Akasa Air,QP-1350,21:55,00:50,02h 55m,ECONOMY,U2,7774.0,1055.0,8829.0,9,Available
20260911_153722,2026-09-11T15:38:48,EaseMyTrip,DEL-BLR,DEL,BLR,T+1,2026-09-12,IndiGo,6E-846,22:00,00:55,02h 55m,ECONOMY,R,6998.0,1831.0,8829.0,30,Available
20260911_153722,2026-09-11T15:38:48,EaseMyTrip,DEL-BLR,DEL,BLR,T+1,2026-09-12,IndiGo,6E-6515,20:45,23:40,02h 55m,ECONOMY,R,6998.0,1831.0,8829.0,32,Available
20260911_153722,2026-09-11T15:38:48,EaseMyTrip,DEL-BLR,DEL,BLR,T+1,2026-09-12,IndiGo,6E-861,19:30,22:25,02h 55m,ECONOMY,R,6998.0,1831.0,8829.0,1,Available
20260911_153722,2026-09-11T15:38:48,EaseMyTrip,DEL-BLR,DEL,BLR,T+1,2026-09-12,Akasa Air,QP-1824,20:10,23:10,03h 00m,ECONOMY,U2,7774.0,1055.0,8829.0,9,Available
20260911_153722,2026-09-11T15:38:48,EaseMyTrip,DEL-BLR,DEL,BLR,T+1,2026-09-12,IndiGo,6E-811,18:20,21:10,02h 50m,ECONOMY,R,7433.0,1853.0,9286.0,18,Available
20260911_153722,2026-09-11T15:38:48,EaseMyTrip,DEL-BLR,DEL,BLR,T+1,2026-09-12,IndiGo,6E-873,08:20,11:10,02h 50m,ECONOMY,R,7433.0,1853.0,9286.0,5,Available
20260911_153722,2026-09-11T15:38:48,EaseMyTrip,DEL-BLR,DEL,BLR,T+1,2026-09-12,IndiGo,6E-880,15:45,18:40,02h 55m,ECONOMY,R,7433.0,1853.0,9286.0,8,Available
20260911_153722,2026-09-11T15:38:48,EaseMyTrip,DEL-BLR,DEL,BLR,T+1,2026-09-12,IndiGo,6E-837,17:00,19:55,02h 55m,ECONOMY,R,7433.0,1853.0,9286.0,17,Available
20260911_153722,2026-09-11T15:38:48,EaseMyTrip,DEL-BLR,DEL,BLR,T+1,2026-09-12,IndiGo,6E-810,07:05,10:00,02h 55m,ECONOMY,R,7433.0,1853.0,9286.0,15,Available
20260911_153722,2026-09-11T15:38:48,EaseMyTrip,DEL-BLR,DEL,BLR,T+1,2026-09-12,IndiGo,6E-2314,05:45,08:40,02h 55m,ECONOMY,R,7433.0,1853.0,9286.0,5,Available
20260911_153722,2026-09-11T15:38:48,EaseMyTrip,DEL-BLR,DEL,BLR,T+1,2026-09-12,Air India,AI-2817,16:30,19:15,02h 45m,ECONOMY,T,7427.0,1873.0,9300.0,9,Available
20260911_153722,2026-09-11T15:38:48,EaseMyTrip,DEL-BLR,DEL,BLR,T+1,2026-09-12,Air India,AI-2653,04:30,07:20,02h 50m,ECONOMY,T,7427.0,1873.0,9300.0,9,Available
20260911_153722,2026-09-11T15:38:48,EaseMyTrip,DEL-BLR,DEL,BLR,T+1,2026-09-12,Air India,AI-427,08:30,11:20,02h 50m,ECONOMY,T,7427.0,1873.0,9300.0,9,Available
20260911_153722,2026-09-11T15:38:48,EaseMyTrip,DEL-BLR,DEL,BLR,T+1,2026-09-12,Air India,AI-2809,19:30,22:20,02h 50m,ECONOMY,T,7427.0,1873.0,9300.0,9,Available
20260911_153722,2026-09-11T15:38:48,EaseMyTrip,DEL-BLR,DEL,BLR,T+1,2026-09-12,Air India,AI-2409,06:00,08:55,02h 55m,ECONOMY,T,7427.0,1873.0,9300.0,9,Available
20260911_153722,2026-09-11T15:38:48,EaseMyTrip,DEL-BLR,DEL,BLR,T+1,2026-09-12,Air India,AI-2803,06:30,09:25,02h 55m,ECONOMY,T,7427.0,1873.0,9300.0,9,Available
20260911_153722,2026-09-11T15:38:48,EaseMyTrip,DEL-BLR,DEL,BLR,T+1,2026-09-12,Air India,AI-2815,07:00,09:55,02h 55m,ECONOMY,T,7427.0,1873.0,9300.0,9,Available
20260911_153722,2026-09-11T15:38:48,EaseMyTrip,DEL-BLR,DEL,BLR,T+1,2026-09-12,Air India,AI-2819,15:00,17:55,02h 55m,ECONOMY,T,7427.0,1873.0,9300.0,9,Available
20260911_153722,2026-09-11T15:38:48,EaseMyTrip,DEL-BLR,DEL,BLR,T+1,2026-09-12,Air India,AI-2664,15:50,18:45,02h 55m,ECONOMY,T,7427.0,1873.0,9300.0,9,Available
20260911_153722,2026-09-11T15:38:48,EaseMyTrip,DEL-BLR,DEL,BLR,T+1,2026-09-12,Air India,AI-2487,18:30,21:25,02h 55m,ECONOMY,T,7427.0,1873.0,9300.0,9,Available
20260911_153722,2026-09-11T15:38:48,EaseMyTrip,DEL-BLR,DEL,BLR,T+1,2026-09-12,Air India,AI-2512,19:00,21:55,02h 55m,ECONOMY,T,7427.0,1873.0,9300.0,9,Available
20260911_153722,2026-09-11T15:38:48,EaseMyTrip,DEL-BLR,DEL,BLR,T+1,2026-09-12,Akasa Air,QP-1822,16:40,19:40,03h 00m,ECONOMY,T3,8414.0,1087.0,9501.0,9,Available
20260911_153722,2026-09-11T15:38:48,EaseMyTrip,DEL-BLR,DEL,BLR,T+1,2026-09-12,Air India Express,IX-1070,18:20,21:15,02h 55m,ECONOMY,K,7695.0,1890.0,9585.0,9,Available
20260911_153722,2026-09-11T15:38:48,EaseMyTrip,DEL-BLR,DEL,BLR,T+1,2026-09-12,Air India,AI-2757,00:15,03:10,02h 55m,ECONOMY,U,7719.0,1887.0,9606.0,1,Available
20260911_153722,2026-09-11T15:38:48,EaseMyTrip,DEL-BLR,DEL,BLR,T+1,2026-09-12,Air India,AI-2412,21:30,00:25,02h 55m,ECONOMY,U,7862.0,1894.0,9756.0,2,Available
20260911_153722,2026-09-11T15:38:48,EaseMyTrip,DEL-BLR,DEL,BLR,T+1,2026-09-12,IndiGo,6E-828,14:30,17:25,02h 55m,ECONOMY,R,7895.0,1876.0,9771.0,15,Available
20260911_153722,2026-09-11T15:38:48,EaseMyTrip,DEL-BLR,DEL,BLR,T+1,2026-09-12,IndiGo,6E-842,10:45,13:40,02h 55m,ECONOMY,R,7895.0,1876.0,9771.0,9,Available
20260911_153722,2026-09-11T15:38:48,EaseMyTrip,DEL-BLR,DEL,BLR,T+1,2026-09-12,IndiGo,6E-826,09:30,12:25,02h 55m,ECONOMY,R,7895.0,1876.0,9771.0,14,Available
20260911_153722,2026-09-11T15:38:48,EaseMyTrip,DEL-BLR,DEL,BLR,T+1,2026-09-12,IndiGo,6E-176,13:15,16:10,02h 55m,ECONOMY,R,7895.0,1876.0,9771.0,11,Available
20260911_153722,2026-09-11T15:38:48,EaseMyTrip,DEL-BLR,DEL,BLR,T+1,2026-09-12,IndiGo,6E-850,12:20,15:20,03h 00m,ECONOMY,R,7895.0,1876.0,9771.0,12,Available
20260911_153722,2026-09-11T15:38:48,EaseMyTrip,DEL-BLR,DEL,BLR,T+1,2026-09-12,Air India,AI-2415,09:30,12:25,02h 55m,ECONOMY,L,8324.0,1918.0,10242.0,9,Available
20260911_153722,2026-09-11T15:38:48,EaseMyTrip,DEL-BLR,DEL,BLR,T+1,2026-09-12,IndiGo,6E-820,03:00,05:55,02h 55m,ECONOMY,R,8385.0,1900.0,10285.0,1,Available
20260911_153722,2026-09-11T15:38:58,EaseMyTrip,DEL-BLR,DEL,BLR,T+7,2026-09-18,Akasa Air,QP-1812,22:55,01:45,02h 50m,ECONOMY,U2,7774.0,1055.0,8829.0,9,Available
20260911_153722,2026-09-11T15:38:58,EaseMyTrip,DEL-BLR,DEL,BLR,T+7,2026-09-18,Akasa Air,QP-1350,21:55,00:50,02h 55m,ECONOMY,U2,7774.0,1055.0,8829.0,9,Available
20260911_153722,2026-09-11T15:38:58,EaseMyTrip,DEL-BLR,DEL,BLR,T+7,2026-09-18,IndiGo,6E-820,03:00,05:55,02h 55m,ECONOMY,R,6998.0,1831.0,8829.0,94,Available
20260911_153722,2026-09-11T15:38:58,EaseMyTrip,DEL-BLR,DEL,BLR,T+7,2026-09-18,IndiGo,6E-871,23:30,02:25,02h 55m,ECONOMY,R,6998.0,1831.0,8829.0,106,Available
20260911_153722,2026-09-11T15:38:58,EaseMyTrip,DEL-BLR,DEL,BLR,T+7,2026-09-18,IndiGo,6E-846,22:00,00:55,02h 55m,ECONOMY,R,6998.0,1831.0,8829.0,42,Available
20260911_153722,2026-09-11T15:38:58,EaseMyTrip,DEL-BLR,DEL,BLR,T+7,2026-09-18,IndiGo,6E-842,10:45,13:40,02h 55m,ECONOMY,R,6998.0,1831.0,8829.0,38,Available
20260911_153722,2026-09-11T15:38:58,EaseMyTrip,DEL-BLR,DEL,BLR,T+7,2026-09-18,IndiGo,6E-826,09:30,12:25,02h 55m,ECONOMY,R,6998.0,1831.0,8829.0,44,Available
20260911_153722,2026-09-11T15:38:58,EaseMyTrip,DEL-BLR,DEL,BLR,T+7,2026-09-18,IndiGo,6E-810,07:05,10:00,02h 55m,ECONOMY,R,6998.0,1831.0,8829.0,65,Available
20260911_153722,2026-09-11T15:38:58,EaseMyTrip,DEL-BLR,DEL,BLR,T+7,2026-09-18,IndiGo,6E-2314,05:45,08:40,02h 55m,ECONOMY,R,6998.0,1831.0,8829.0,77,Available
20260911_153722,2026-09-11T15:38:58,EaseMyTrip,DEL-BLR,DEL,BLR,T+7,2026-09-18,IndiGo,6E-850,12:20,15:20,03h 00m,ECONOMY,R,6998.0,1831.0,8829.0,37,Available
20260911_153722,2026-09-11T15:38:58,EaseMyTrip,DEL-BLR,DEL,BLR,T+7,2026-09-18,Akasa Air,QP-1308,20:55,23:50,02h 55m,ECONOMY,U1,7929.0,1063.0,8992.0,9,Available
20260911_153722,2026-09-11T15:38:58,EaseMyTrip,DEL-BLR,DEL,BLR,T+7,2026-09-18,Akasa Air,QP-1822,16:40,19:40,03h 00m,ECONOMY,U1,7929.0,1063.0,8992.0,9,Available
20260911_153722,2026-09-11T15:38:58,EaseMyTrip,DEL-BLR,DEL,BLR,T+7,2026-09-18,Air India,AI-2757,00:15,03:10,02h 55m,ECONOMY,T,7284.0,1866.0,9150.0,9,Available
20260911_153722,2026-09-11T15:38:58,EaseMyTrip,DEL-BLR,DEL,BLR,T+7,2026-09-18,Air India Express,IX-5975,21:00,23:55,02h 55m,ECONOMY,W,7409.0,1876.0,9285.0,9,Available
20260911_153722,2026-09-11T15:38:58,EaseMyTrip,DEL-BLR,DEL,BLR,T+7,2026-09-18,IndiGo,6E-873,08:20,11:10,02h 50m,ECONOMY,R,7433.0,1853.0,9286.0,22,Available
20260911_153722,2026-09-11T15:38:58,EaseMyTrip,DEL-BLR,DEL,BLR,T+7,2026-09-18,IndiGo,6E-6515,20:45,23:40,02h 55m,ECONOMY,R,7433.0,1853.0,9286.0,38,Available
20260911_153722,2026-09-11T15:38:58,EaseMyTrip,DEL-BLR,DEL,BLR,T+7,2026-09-18,IndiGo,6E-880,15:45,18:40,02h 55m,ECONOMY,R,7433.0,1853.0,9286.0,37,Available
20260911_153722,2026-09-11T15:38:58,EaseMyTrip,DEL-BLR,DEL,BLR,T+7,2026-09-18,IndiGo,6E-828,14:30,17:25,02h 55m,ECONOMY,R,7433.0,1853.0,9286.0,39,Available
20260911_153722,2026-09-11T15:38:58,EaseMyTrip,DEL-BLR,DEL,BLR,T+7,2026-09-18,IndiGo,6E-837,17:00,19:55,02h 55m,ECONOMY,R,7433.0,1853.0,9286.0,18,Available
20260911_153722,2026-09-11T15:38:58,EaseMyTrip,DEL-BLR,DEL,BLR,T+7,2026-09-18,IndiGo,6E-176,13:15,16:10,02h 55m,ECONOMY,R,7433.0,1853.0,9286.0,34,Available
20260911_153722,2026-09-11T15:38:58,EaseMyTrip,DEL-BLR,DEL,BLR,T+7,2026-09-18,Air India,AI-2653,04:30,07:20,02h 50m,ECONOMY,T,7427.0,1873.0,9300.0,9,Available
20260911_153722,2026-09-11T15:38:58,EaseMyTrip,DEL-BLR,DEL,BLR,T+7,2026-09-18,Air India,AI-427,08:30,11:20,02h 50m,ECONOMY,T,7427.0,1873.0,9300.0,9,Available
20260911_153722,2026-09-11T15:38:58,EaseMyTrip,DEL-BLR,DEL,BLR,T+7,2026-09-18,Air India,AI-2409,06:00,08:55,02h 55m,ECONOMY,T,7427.0,1873.0,9300.0,9,Available
20260911_153722,2026-09-11T15:38:58,EaseMyTrip,DEL-BLR,DEL,BLR,T+7,2026-09-18,Air India,AI-2803,06:30,09:25,02h 55m,ECONOMY,T,7427.0,1873.0,9300.0,9,Available
20260911_153722,2026-09-11T15:38:58,EaseMyTrip,DEL-BLR,DEL,BLR,T+7,2026-09-18,Air India,AI-2815,07:00,09:55,02h 55m,ECONOMY,T,7427.0,1873.0,9300.0,9,Available
20260911_153722,2026-09-11T15:38:58,EaseMyTrip,DEL-BLR,DEL,BLR,T+7,2026-09-18,Air India,AI-2485,10:30,13:20,02h 50m,ECONOMY,U,7862.0,1894.0,9756.0,9,Available
20260911_153722,2026-09-11T15:38:58,EaseMyTrip,DEL-BLR,DEL,BLR,T+7,2026-09-18,Air India,AI-2415,09:30,12:25,02h 55m,ECONOMY,U,7862.0,1894.0,9756.0,9,Available
20260911_153722,2026-09-11T15:38:58,EaseMyTrip,DEL-BLR,DEL,BLR,T+7,2026-09-18,IndiGo,6E-861,19:30,22:25,02h 55m,ECONOMY,R,7895.0,1876.0,9771.0,8,Available
20260911_153722,2026-09-11T15:38:58,EaseMyTrip,DEL-BLR,DEL,BLR,T+7,2026-09-18,Air India Express,IX-1070,18:20,21:15,02h 55m,ECONOMY,E,8028.0,1908.0,9936.0,9,Available
20260911_153722,2026-09-11T15:38:58,EaseMyTrip,DEL-BLR,DEL,BLR,T+7,2026-09-18,Air India,AI-2664,15:50,18:45,02h 55m,ECONOMY,L,8324.0,1918.0,10242.0,9,Available
20260911_153722,2026-09-11T15:38:58,EaseMyTrip,DEL-BLR,DEL,BLR,T+7,2026-09-18,IndiGo,6E-811,18:20,21:10,02h 50m,ECONOMY,R,8385.0,1900.0,10285.0,24,Available
20260911_153722,2026-09-11T15:38:58,EaseMyTrip,DEL-BLR,DEL,BLR,T+7,2026-09-18,Air India,AI-2819,15:00,17:55,02h 55m,ECONOMY,L,8491.0,1926.0,10417.0,9,Available
20260911_153722,2026-09-11T15:38:58,EaseMyTrip,DEL-BLR,DEL,BLR,T+7,2026-09-18,Air India,AI-2412,21:30,00:25,02h 55m,ECONOMY,L,8574.0,1930.0,10504.0,9,Available
20260911_153722,2026-09-11T15:38:58,EaseMyTrip,DEL-BLR,DEL,BLR,T+7,2026-09-18,Akasa Air,QP-1824,20:10,23:10,03h 00m,ECONOMY,R2,9476.0,1141.0,10617.0,9,Available
20260911_153722,2026-09-11T15:38:58,EaseMyTrip,DEL-BLR,DEL,BLR,T+7,2026-09-18,Air India,AI-2417,13:00,15:55,02h 55m,ECONOMY,G,8990.0,1951.0,10941.0,1,Available
20260911_153722,2026-09-11T15:38:58,EaseMyTrip,DEL-BLR,DEL,BLR,T+7,2026-09-18,Air India,AI-2817,16:30,19:15,02h 45m,ECONOMY,W,9334.0,1968.0,11302.0,4,Available
20260911_153722,2026-09-11T15:38:58,EaseMyTrip,DEL-BLR,DEL,BLR,T+7,2026-09-18,Air India,AI-2809,19:30,22:20,02h 50m,ECONOMY,W,9521.0,1977.0,11498.0,9,Available
20260911_153722,2026-09-11T15:38:58,EaseMyTrip,DEL-BLR,DEL,BLR,T+7,2026-09-18,Air India,AI-2512,19:00,21:55,02h 55m,ECONOMY,V,9889.0,1996.0,11885.0,9,Available
20260911_153722,2026-09-11T15:39:22,EaseMyTrip,DEL-BLR,DEL,BLR,T+15,2026-09-26,Akasa Air,QP-1812,22:55,01:45,02h 50m,ECONOMY,U2,7774.0,1055.0,8829.0,9,Available
20260911_153722,2026-09-11T15:39:22,EaseMyTrip,DEL-BLR,DEL,BLR,T+15,2026-09-26,IndiGo,6E-811,18:20,21:10,02h 50m,ECONOMY,R,6998.0,1831.0,8829.0,33,Available
20260911_153722,2026-09-11T15:39:22,EaseMyTrip,DEL-BLR,DEL,BLR,T+15,2026-09-26,Akasa Air,QP-1308,20:55,23:50,02h 55m,ECONOMY,U2,7774.0,1055.0,8829.0,9,Available
20260911_153722,2026-09-11T15:39:22,EaseMyTrip,DEL-BLR,DEL,BLR,T+15,2026-09-26,Akasa Air,QP-1350,21:55,00:50,02h 55m,ECONOMY,U2,7774.0,1055.0,8829.0,9,Available
20260911_153722,2026-09-11T15:39:22,EaseMyTrip,DEL-BLR,DEL,BLR,T+15,2026-09-26,IndiGo,6E-820,03:00,05:55,02h 55m,ECONOMY,R,6998.0,1831.0,8829.0,53,Available
20260911_153722,2026-09-11T15:39:22,EaseMyTrip,DEL-BLR,DEL,BLR,T+15,2026-09-26,IndiGo,6E-846,22:00,00:55,02h 55m,ECONOMY,R,6998.0,1831.0,8829.0,33,Available
20260911_153722,2026-09-11T15:39:22,EaseMyTrip,DEL-BLR,DEL,BLR,T+15,2026-09-26,IndiGo,6E-6515,20:45,23:40,02h 55m,ECONOMY,R,6998.0,1831.0,8829.0,39,Available
20260911_153722,2026-09-11T15:39:22,EaseMyTrip,DEL-BLR,DEL,BLR,T+15,2026-09-26,IndiGo,6E-837,17:00,19:55,02h 55m,ECONOMY,R,6998.0,1831.0,8829.0,15,Available
20260911_153722,2026-09-11T15:39:22,EaseMyTrip,DEL-BLR,DEL,BLR,T+15,2026-09-26,IndiGo,6E-810,07:05,10:00,02h 55m,ECONOMY,R,6998.0,1831.0,8829.0,43,Available
20260911_153722,2026-09-11T15:39:22,EaseMyTrip,DEL-BLR,DEL,BLR,T+15,2026-09-26,IndiGo,6E-2314,05:45,08:40,02h 55m,ECONOMY,R,6998.0,1831.0,8829.0,63,Available
20260911_153722,2026-09-11T15:39:22,EaseMyTrip,DEL-BLR,DEL,BLR,T+15,2026-09-26,Akasa Air,QP-1824,20:10,23:10,03h 00m,ECONOMY,U2,7774.0,1055.0,8829.0,9,Available
20260911_153722,2026-09-11T15:39:22,EaseMyTrip,DEL-BLR,DEL,BLR,T+15,2026-09-26,Air India Express,IX-1070,18:20,21:15,02h 55m,ECONOMY,H,7164.0,1864.0,9028.0,3,Available
20260911_153722,2026-09-11T15:39:22,EaseMyTrip,DEL-BLR,DEL,BLR,T+15,2026-09-26,IndiGo,6E-873,08:20,11:10,02h 50m,ECONOMY,R,7433.0,1853.0,9286.0,33,Available
20260911_153722,2026-09-11T15:39:22,EaseMyTrip,DEL-BLR,DEL,BLR,T+15,2026-09-26,IndiGo,6E-861,19:30,22:25,02h 55m,ECONOMY,R,7433.0,1853.0,9286.0,35,Available
20260911_153722,2026-09-11T15:39:22,EaseMyTrip,DEL-BLR,DEL,BLR,T+15,2026-09-26,IndiGo,6E-880,15:45,18:40,02h 55m,ECONOMY,R,7433.0,1853.0,9286.0,24,Available
20260911_153722,2026-09-11T15:39:22,EaseMyTrip,DEL-BLR,DEL,BLR,T+15,2026-09-26,IndiGo,6E-826,09:30,12:25,02h 55m,ECONOMY,R,7433.0,1853.0,9286.0,34,Available
20260911_153722,2026-09-11T15:39:22,EaseMyTrip,DEL-BLR,DEL,BLR,T+15,2026-09-26,Air India,AI-2409,06:00,08:55,02h 55m,ECONOMY,T,7427.0,1873.0,9300.0,9,Available
20260911_153722,2026-09-11T15:39:22,EaseMyTrip,DEL-BLR,DEL,BLR,T+15,2026-09-26,Air India,AI-2803,06:30,09:25,02h 55m,ECONOMY,T,7427.0,1873.0,9300.0,9,Available
20260911_153722,2026-09-11T15:39:22,EaseMyTrip,DEL-BLR,DEL,BLR,T+15,2026-09-26,Air India,AI-2757,00:15,03:10,02h 55m,ECONOMY,U,7719.0,1887.0,9606.0,9,Available
20260911_153722,2026-09-11T15:39:22,EaseMyTrip,DEL-BLR,DEL,BLR,T+15,2026-09-26,Air India,AI-2653,04:30,07:20,02h 50m,ECONOMY,U,7862.0,1894.0,9756.0,9,Available
20260911_153722,2026-09-11T15:39:22,EaseMyTrip,DEL-BLR,DEL,BLR,T+15,2026-09-26,Air India,AI-2815,07:00,09:55,02h 55m,ECONOMY,U,7862.0,1894.0,9756.0,9,Available
20260911_153722,2026-09-11T15:39:22,EaseMyTrip,DEL-BLR,DEL,BLR,T+15,2026-09-26,Air India,AI-2487,18:30,21:25,02h 55m,ECONOMY,U,7862.0,1894.0,9756.0,9,Available
20260911_153722,2026-09-11T15:39:22,EaseMyTrip,DEL-BLR,DEL,BLR,T+15,2026-09-26,Air India,AI-2512,19:00,21:55,02h 55m,ECONOMY,U,7862.0,1894.0,9756.0,9,Available
20260911_153722,2026-09-11T15:39:22,EaseMyTrip,DEL-BLR,DEL,BLR,T+15,2026-09-26,Air India,AI-2412,21:30,00:25,02h 55m,ECONOMY,U,7862.0,1894.0,9756.0,1,Available
20260911_153722,2026-09-11T15:39:22,EaseMyTrip,DEL-BLR,DEL,BLR,T+15,2026-09-26,IndiGo,6E-828,14:30,17:25,02h 55m,ECONOMY,R,7895.0,1876.0,9771.0,37,Available
20260911_153722,2026-09-11T15:39:22,EaseMyTrip,DEL-BLR,DEL,BLR,T+15,2026-09-26,IndiGo,6E-842,10:45,13:40,02h 55m,ECONOMY,R,7895.0,1876.0,9771.0,38,Available
20260911_153722,2026-09-11T15:39:22,EaseMyTrip,DEL-BLR,DEL,BLR,T+15,2026-09-26,IndiGo,6E-176,13:15,16:10,02h 55m,ECONOMY,R,7895.0,1876.0,9771.0,32,Available
20260911_153722,2026-09-11T15:39:22,EaseMyTrip,DEL-BLR,DEL,BLR,T+15,2026-09-26,IndiGo,6E-850,12:20,15:20,03h 00m,ECONOMY,R,7895.0,1876.0,9771.0,28,Available
20260911_153722,2026-09-11T15:39:22,EaseMyTrip,DEL-BLR,DEL,BLR,T+15,2026-09-26,Akasa Air,QP-1822,16:40,19:40,03h 00m,ECONOMY,R4,9108.0,1123.0,10231.0,9,Available
20260911_153722,2026-09-11T15:39:22,EaseMyTrip,DEL-BLR,DEL,BLR,T+15,2026-09-26,Air India,AI-2817,16:30,19:15,02h 45m,ECONOMY,L,8324.0,1918.0,10242.0,9,Available
20260911_153722,2026-09-11T15:39:22,EaseMyTrip,DEL-BLR,DEL,BLR,T+15,2026-09-26,Air India,AI-2809,19:30,22:20,02h 50m,ECONOMY,L,8324.0,1918.0,10242.0,9,Available
20260911_153722,2026-09-11T15:39:22,EaseMyTrip,DEL-BLR,DEL,BLR,T+15,2026-09-26,Air India,AI-2415,09:30,12:25,02h 55m,ECONOMY,L,8324.0,1918.0,10242.0,9,Available
20260911_153722,2026-09-11T15:39:22,EaseMyTrip,DEL-BLR,DEL,BLR,T+15,2026-09-26,Air India,AI-2664,15:50,18:45,02h 55m,ECONOMY,L,8324.0,1918.0,10242.0,9,Available
20260911_153722,2026-09-11T15:39:22,EaseMyTrip,DEL-BLR,DEL,BLR,T+15,2026-09-26,Air India,AI-427,08:30,11:20,02h 50m,ECONOMY,L,8491.0,1926.0,10417.0,9,Available
20260911_153722,2026-09-11T15:39:22,EaseMyTrip,DEL-BLR,DEL,BLR,T+15,2026-09-26,Air India,AI-2819,15:00,17:55,02h 55m,ECONOMY,L,8491.0,1926.0,10417.0,9,Available
20260911_153722,2026-09-11T15:39:22,EaseMyTrip,DEL-BLR,DEL,BLR,T+15,2026-09-26,Air India,AI-2485,10:30,13:20,02h 50m,ECONOMY,L,8657.0,1934.0,10591.0,9,Available
20260911_153722,2026-09-11T15:39:32,EaseMyTrip,BOM-BLR,BOM,BLR,T+1,2026-09-12,Akasa Air,QP-1518,21:45,23:45,02h 00m,ECONOMY,Q2,7056.0,1074.0,8130.0,8,Available
20260911_153722,2026-09-11T15:39:32,EaseMyTrip,BOM-BLR,BOM,BLR,T+1,2026-09-12,Air India,AI-2865,19:45,21:50,02h 05m,ECONOMY,Q,7341.0,1556.0,8897.0,9,Available
20260911_153722,2026-09-11T15:39:32,EaseMyTrip,BOM-BLR,BOM,BLR,T+1,2026-09-12,IndiGo,6E-5388,22:20,00:20,02h 00m,ECONOMY,R,7563.0,1494.0,9057.0,3,Available
20260911_153722,2026-09-11T15:39:32,EaseMyTrip,BOM-BLR,BOM,BLR,T+1,2026-09-12,Air India,AI-2641,18:30,20:35,02h 05m,ECONOMY,Q,7635.0,1571.0,9206.0,9,Available
20260911_153722,2026-09-11T15:39:32,EaseMyTrip,BOM-BLR,BOM,BLR,T+1,2026-09-12,IndiGo,6E-6188,21:30,23:25,01h 55m,ECONOMY,R,8063.0,1519.0,9582.0,2,Available
20260911_153722,2026-09-11T15:39:32,EaseMyTrip,BOM-BLR,BOM,BLR,T+1,2026-09-12,Air India,AI-2401,20:45,22:45,02h 00m,ECONOMY,K,9100.0,1644.0,10744.0,2,Available
20260911_153722,2026-09-11T15:39:32,EaseMyTrip,BOM-BLR,BOM,BLR,T+1,2026-09-12,Air India,AI-2849,17:30,19:35,02h 05m,ECONOMY,K,9464.0,1662.0,11126.0,9,Available
20260911_153722,2026-09-11T15:39:32,EaseMyTrip,BOM-BLR,BOM,BLR,T+1,2026-09-12,Akasa Air,QP-1382,18:25,20:20,01h 55m,ECONOMY,O4,10096.0,1226.0,11322.0,8,Available
20260911_153722,2026-09-11T15:39:32,EaseMyTrip,BOM-BLR,BOM,BLR,T+1,2026-09-12,IndiGo,6E-5047,18:30,20:25,01h 55m,ECONOMY,R,9763.0,1604.0,11367.0,1,Available
20260911_153722,2026-09-11T15:39:32,EaseMyTrip,BOM-BLR,BOM,BLR,T+1,2026-09-12,IndiGo,6E-5071,15:35,17:25,01h 50m,ECONOMY,R,10463.0,1639.0,12102.0,2,Available
20260911_153722,2026-09-11T15:39:32,EaseMyTrip,BOM-BLR,BOM,BLR,T+1,2026-09-12,IndiGo,6E-5221,17:00,18:55,01h 55m,ECONOMY,R,10463.0,1639.0,12102.0,3,Available
20260911_153722,2026-09-11T15:39:32,EaseMyTrip,BOM-BLR,BOM,BLR,T+1,2026-09-12,Air India,AI-2857,23:30,01:35,02h 05m,ECONOMY,H,10900.0,1734.0,12634.0,1,Available
20260911_153722,2026-09-11T15:39:32,EaseMyTrip,BOM-BLR,BOM,BLR,T+1,2026-09-12,IndiGo,6E-5382,14:30,16:25,01h 55m,ECONOMY,R,11163.0,1674.0,12837.0,1,Available
20260911_153722,2026-09-11T15:39:32,EaseMyTrip,BOM-BLR,BOM,BLR,T+1,2026-09-12,Akasa Air,QP-1133,19:40,21:45,02h 05m,ECONOMY,N4,12630.0,1354.0,13984.0,8,Available
20260911_153722,2026-09-11T15:39:32,EaseMyTrip,BOM-BLR,BOM,BLR,T+1,2026-09-12,IndiGo,6E-5184,12:30,14:25,01h 55m,ECONOMY,R,12763.0,1754.0,14517.0,6,Available
20260911_153722,2026-09-11T15:39:32,EaseMyTrip,BOM-BLR,BOM,BLR,T+1,2026-09-12,IndiGo,6E-5217,11:00,12:55,01h 55m,ECONOMY,R,12763.0,1754.0,14517.0,1,Available
20260911_153722,2026-09-11T15:39:32,EaseMyTrip,BOM-BLR,BOM,BLR,T+1,2026-09-12,Air India,AI-2812,02:05,04:10,02h 05m,ECONOMY,M,12700.0,1824.0,14524.0,1,Available
20260911_153722,2026-09-11T15:39:32,EaseMyTrip,BOM-BLR,BOM,BLR,T+1,2026-09-12,Akasa Air,QP-1527,07:35,09:35,02h 00m,ECONOMY,N3,13209.0,1382.0,14591.0,7,Available
20260911_153722,2026-09-11T15:39:32,EaseMyTrip,BOM-BLR,BOM,BLR,T+1,2026-09-12,IndiGo,6E-5092,09:50,11:55,02h 05m,ECONOMY,R,13763.0,1804.0,15567.0,1,Available
20260911_153722,2026-09-11T15:39:32,EaseMyTrip,BOM-BLR,BOM,BLR,T+1,2026-09-12,Akasa Air,QP-1516,00:35,02:25,01h 50m,ECONOMY,N1,14446.0,1444.0,15890.0,9,Available
20260911_153722,2026-09-11T15:39:32,EaseMyTrip,BOM-BLR,BOM,BLR,T+1,2026-09-12,IndiGo,6E-5193,08:05,09:55,01h 50m,ECONOMY,R,14963.0,1864.0,16827.0,3,Available
20260911_153722,2026-09-11T15:39:32,EaseMyTrip,BOM-BLR,BOM,BLR,T+1,2026-09-12,IndiGo,6E-5323,01:10,03:05,01h 55m,ECONOMY,R,14963.0,1864.0,16827.0,1,Available
20260911_153722,2026-09-11T15:39:32,EaseMyTrip,BOM-BLR,BOM,BLR,T+1,2026-09-12,IndiGo,6E-5296,06:30,08:25,01h 55m,ECONOMY,R,14963.0,1864.0,16827.0,4,Available
20260911_153722,2026-09-11T15:39:32,EaseMyTrip,BOM-BLR,BOM,BLR,T+1,2026-09-12,IndiGo,6E-5294,04:30,06:25,01h 55m,ECONOMY,R,14963.0,1864.0,16827.0,4,Available
20260911_153722,2026-09-11T15:39:32,EaseMyTrip,BOM-BLR,BOM,BLR,T+1,2026-09-12,Air India,AI-2632,12:00,14:05,02h 05m,ECONOMY,B,15346.0,1956.0,17302.0,3,Available
20260911_153722,2026-09-11T15:39:32,EaseMyTrip,BOM-BLR,BOM,BLR,T+1,2026-09-12,Air India,AI-2863,10:00,12:05,02h 05m,ECONOMY,B,15647.0,1971.0,17618.0,1,Available
20260911_153722,2026-09-11T15:39:32,EaseMyTrip,BOM-BLR,BOM,BLR,T+1,2026-09-12,Air India,AI-2410,05:30,07:35,02h 05m,ECONOMY,Y,17331.0,2055.0,19386.0,5,Available
20260911_153722,2026-09-11T15:39:32,EaseMyTrip,BOM-BLR,BOM,BLR,T+1,2026-09-12,Air India,AI-2853,15:25,17:35,02h 10m,ECONOMY,Y,17678.0,2073.0,19751.0,4,Available
20260911_153722,2026-09-11T15:39:56,EaseMyTrip,BOM-BLR,BOM,BLR,T+7,2026-09-18,Air India,AI-3305,23:40,01:40,02h 00m,ECONOMY,U,5064.0,1442.0,6506.0,9,Available
20260911_153722,2026-09-11T15:39:56,EaseMyTrip,BOM-BLR,BOM,BLR,T+7,2026-09-18,Akasa Air,QP-1384,23:10,01:05,01h 55m,ECONOMY,R1,5898.0,1016.0,6914.0,8,Available
20260911_153722,2026-09-11T15:39:56,EaseMyTrip,BOM-BLR,BOM,BLR,T+7,2026-09-18,Akasa Air,QP-1518,21:45,23:45,02h 00m,ECONOMY,R1,5898.0,1016.0,6914.0,8,Available
20260911_153722,2026-09-11T15:39:56,EaseMyTrip,BOM-BLR,BOM,BLR,T+7,2026-09-18,Air India,AI-2857,23:30,01:35,02h 05m,ECONOMY,L,5582.0,1468.0,7050.0,9,Available
20260911_153722,2026-09-11T15:39:56,EaseMyTrip,BOM-BLR,BOM,BLR,T+7,2026-09-18,IndiGo,6E-5071,15:35,17:25,01h 50m,ECONOMY,R,5663.0,1399.0,7062.0,5,Available
20260911_153722,2026-09-11T15:39:56,EaseMyTrip,BOM-BLR,BOM,BLR,T+7,2026-09-18,IndiGo,6E-6188,21:30,23:25,01h 55m,ECONOMY,R,5663.0,1399.0,7062.0,5,Available
20260911_153722,2026-09-11T15:39:56,EaseMyTrip,BOM-BLR,BOM,BLR,T+7,2026-09-18,IndiGo,6E-5184,12:30,14:25,01h 55m,ECONOMY,R,5663.0,1399.0,7062.0,10,Available
20260911_153722,2026-09-11T15:39:56,EaseMyTrip,BOM-BLR,BOM,BLR,T+7,2026-09-18,IndiGo,6E-5217,11:00,12:55,01h 55m,ECONOMY,R,5663.0,1399.0,7062.0,5,Available
20260911_153722,2026-09-11T15:39:56,EaseMyTrip,BOM-BLR,BOM,BLR,T+7,2026-09-18,IndiGo,6E-5296,06:30,08:25,01h 55m,ECONOMY,R,5663.0,1399.0,7062.0,95,Available
20260911_153722,2026-09-11T15:39:56,EaseMyTrip,BOM-BLR,BOM,BLR,T+7,2026-09-18,IndiGo,6E-5388,22:20,00:20,02h 00m,ECONOMY,R,5663.0,1399.0,7062.0,61,Available
20260911_153722,2026-09-11T15:39:56,EaseMyTrip,BOM-BLR,BOM,BLR,T+7,2026-09-18,IndiGo,6E-5092,09:50,11:55,02h 05m,ECONOMY,R,5663.0,1399.0,7062.0,6,Available
20260911_153722,2026-09-11T15:39:56,EaseMyTrip,BOM-BLR,BOM,BLR,T+7,2026-09-18,IndiGo,6E-5193,08:05,09:55,01h 50m,ECONOMY,R,5963.0,1414.0,7377.0,73,Available
20260911_153722,2026-09-11T15:39:56,EaseMyTrip,BOM-BLR,BOM,BLR,T+7,2026-09-18,IndiGo,6E-5382,14:30,16:25,01h 55m,ECONOMY,R,5963.0,1414.0,7377.0,88,Available
20260911_153722,2026-09-11T15:39:56,EaseMyTrip,BOM-BLR,BOM,BLR,T+7,2026-09-18,IndiGo,6E-5221,17:00,18:55,01h 55m,ECONOMY,R,5963.0,1414.0,7377.0,1,Available
20260911_153722,2026-09-11T15:39:56,EaseMyTrip,BOM-BLR,BOM,BLR,T+7,2026-09-18,Air India,AI-2603,06:35,08:35,02h 00m,ECONOMY,L,5941.0,1486.0,7427.0,9,Available
20260911_153722,2026-09-11T15:39:56,EaseMyTrip,BOM-BLR,BOM,BLR,T+7,2026-09-18,Air India,AI-2853,15:25,17:35,02h 10m,ECONOMY,L,5941.0,1486.0,7427.0,9,Available
20260911_153722,2026-09-11T15:39:56,EaseMyTrip,BOM-BLR,BOM,BLR,T+7,2026-09-18,Akasa Air,QP-1527,07:35,09:35,02h 00m,ECONOMY,Q4,6451.0,1044.0,7495.0,8,Available
20260911_153722,2026-09-11T15:39:56,EaseMyTrip,BOM-BLR,BOM,BLR,T+7,2026-09-18,Air India,AI-2863,10:00,12:05,02h 05m,ECONOMY,L,6179.0,1498.0,7677.0,9,Available
20260911_153722,2026-09-11T15:39:56,EaseMyTrip,BOM-BLR,BOM,BLR,T+7,2026-09-18,Air India,AI-2632,12:00,14:05,02h 05m,ECONOMY,G,6241.0,1501.0,7742.0,5,Available
20260911_153722,2026-09-11T15:39:56,EaseMyTrip,BOM-BLR,BOM,BLR,T+7,2026-09-18,Air India,AI-2851,07:55,10:05,02h 10m,ECONOMY,L,6298.0,1504.0,7802.0,9,Available
20260911_153722,2026-09-11T15:39:56,EaseMyTrip,BOM-BLR,BOM,BLR,T+7,2026-09-18,Air India,AI-2849,17:30,19:35,02h 05m,ECONOMY,G,6491.0,1513.0,8004.0,9,Available
20260911_153722,2026-09-11T15:39:56,EaseMyTrip,BOM-BLR,BOM,BLR,T+7,2026-09-18,IndiGo,6E-5047,18:30,20:25,01h 55m,ECONOMY,R,7563.0,1494.0,9057.0,2,Available
20260911_153722,2026-09-11T15:39:56,EaseMyTrip,BOM-BLR,BOM,BLR,T+7,2026-09-18,Air India,AI-2401,20:45,22:45,02h 00m,ECONOMY,Q,7708.0,1574.0,9282.0,6,Available
20260911_153722,2026-09-11T15:39:56,EaseMyTrip,BOM-BLR,BOM,BLR,T+7,2026-09-18,Air India,AI-2865,19:45,21:50,02h 05m,ECONOMY,Q,7708.0,1574.0,9282.0,9,Available
20260911_153722,2026-09-11T15:40:06,EaseMyTrip,BOM-BLR,BOM,BLR,T+15,2026-09-26,Akasa Air,QP-1518,21:45,23:45,02h 00m,ECONOMY,R1,5898.0,1016.0,6914.0,8,Available
20260911_153722,2026-09-11T15:40:06,EaseMyTrip,BOM-BLR,BOM,BLR,T+15,2026-09-26,IndiGo,6E-5193,08:05,09:55,01h 50m,ECONOMY,R,5663.0,1399.0,7062.0,1,Available
20260911_153722,2026-09-11T15:40:06,EaseMyTrip,BOM-BLR,BOM,BLR,T+15,2026-09-26,IndiGo,6E-5047,18:30,20:25,01h 55m,ECONOMY,R,5663.0,1399.0,7062.0,19,Available
20260911_153722,2026-09-11T15:40:06,EaseMyTrip,BOM-BLR,BOM,BLR,T+15,2026-09-26,IndiGo,6E-5382,14:30,16:25,01h 55m,ECONOMY,R,5663.0,1399.0,7062.0,5,Available
20260911_153722,2026-09-11T15:40:06,EaseMyTrip,BOM-BLR,BOM,BLR,T+15,2026-09-26,IndiGo,6E-5184,12:30,14:25,01h 55m,ECONOMY,R,5663.0,1399.0,7062.0,6,Available
20260911_153722,2026-09-11T15:40:06,EaseMyTrip,BOM-BLR,BOM,BLR,T+15,2026-09-26,IndiGo,6E-5221,17:00,18:55,01h 55m,ECONOMY,R,5663.0,1399.0,7062.0,7,Available
20260911_153722,2026-09-11T15:40:06,EaseMyTrip,BOM-BLR,BOM,BLR,T+15,2026-09-26,IndiGo,6E-5296,06:30,08:25,01h 55m,ECONOMY,R,5663.0,1399.0,7062.0,94,Available
20260911_153722,2026-09-11T15:40:06,EaseMyTrip,BOM-BLR,BOM,BLR,T+15,2026-09-26,IndiGo,6E-5388,22:20,00:20,02h 00m,ECONOMY,R,5663.0,1399.0,7062.0,105,Available
20260911_153722,2026-09-11T15:40:06,EaseMyTrip,BOM-BLR,BOM,BLR,T+15,2026-09-26,IndiGo,6E-5092,09:50,11:55,02h 05m,ECONOMY,R,5663.0,1399.0,7062.0,5,Available
20260911_153722,2026-09-11T15:40:06,EaseMyTrip,BOM-BLR,BOM,BLR,T+15,2026-09-26,Akasa Air,QP-1382,18:25,20:20,01h 55m,ECONOMY,R0,6169.0,1030.0,7199.0,8,Available
20260911_153722,2026-09-11T15:40:06,EaseMyTrip,BOM-BLR,BOM,BLR,T+15,2026-09-26,Akasa Air,QP-1527,07:35,09:35,02h 00m,ECONOMY,R0,6169.0,1030.0,7199.0,8,Available
20260911_153722,2026-09-11T15:40:06,EaseMyTrip,BOM-BLR,BOM,BLR,T+15,2026-09-26,IndiGo,6E-5071,15:35,17:25,01h 50m,ECONOMY,R,5963.0,1414.0,7377.0,41,Available
20260911_153722,2026-09-11T15:40:06,EaseMyTrip,BOM-BLR,BOM,BLR,T+15,2026-09-26,IndiGo,6E-6188,21:30,23:25,01h 55m,ECONOMY,R,5963.0,1414.0,7377.0,70,Available
20260911_153722,2026-09-11T15:40:06,EaseMyTrip,BOM-BLR,BOM,BLR,T+15,2026-09-26,Air India,AI-2603,06:35,08:35,02h 00m,ECONOMY,L,5941.0,1486.0,7427.0,9,Available
20260911_153722,2026-09-11T15:40:06,EaseMyTrip,BOM-BLR,BOM,BLR,T+15,2026-09-26,Air India,AI-2401,20:45,22:45,02h 00m,ECONOMY,L,5941.0,1486.0,7427.0,9,Available
20260911_153722,2026-09-11T15:40:06,EaseMyTrip,BOM-BLR,BOM,BLR,T+15,2026-09-26,Air India,AI-2865,19:45,21:50,02h 05m,ECONOMY,L,5941.0,1486.0,7427.0,9,Available
20260911_153722,2026-09-11T15:40:06,EaseMyTrip,BOM-BLR,BOM,BLR,T+15,2026-09-26,Air India,AI-2853,15:25,17:35,02h 10m,ECONOMY,L,6060.0,1492.0,7552.0,9,Available
20260911_153722,2026-09-11T15:40:06,EaseMyTrip,BOM-BLR,BOM,BLR,T+15,2026-09-26,Air India,AI-2849,17:30,19:35,02h 05m,ECONOMY,L,6179.0,1498.0,7677.0,9,Available
20260911_153722,2026-09-11T15:40:06,EaseMyTrip,BOM-BLR,BOM,BLR,T+15,2026-09-26,Air India,AI-2641,18:30,20:35,02h 05m,ECONOMY,L,6179.0,1498.0,7677.0,9,Available
20260911_153722,2026-09-11T15:40:06,EaseMyTrip,BOM-BLR,BOM,BLR,T+15,2026-09-26,IndiGo,6E-5217,11:00,12:55,01h 55m,ECONOMY,R,6263.0,1429.0,7692.0,72,Available
20260911_153722,2026-09-11T15:40:06,EaseMyTrip,BOM-BLR,BOM,BLR,T+15,2026-09-26,Air India,AI-2851,07:55,10:05,02h 10m,ECONOMY,L,6298.0,1504.0,7802.0,9,Available
20260911_153722,2026-09-11T15:40:06,EaseMyTrip,BOM-BLR,BOM,BLR,T+15,2026-09-26,Air India,AI-2863,10:00,12:05,02h 05m,ECONOMY,G,6491.0,1513.0,8004.0,7,Available
20260911_153722,2026-09-11T15:40:06,EaseMyTrip,BOM-BLR,BOM,BLR,T+15,2026-09-26,Akasa Air,QP-1133,19:40,21:45,02h 05m,ECONOMY,Q2,7056.0,1074.0,8130.0,8,Available
20260911_153722,2026-09-11T15:40:06,EaseMyTrip,BOM-BLR,BOM,BLR,T+15,2026-09-26,Air India,AI-2632,12:00,14:05,02h 05m,ECONOMY,W,6672.0,1522.0,8194.0,4,Available
20260911_153936,2026-09-11T15:40:01,EaseMyTrip,DEL-BOM,DEL,BOM,T+1,2026-09-12,Akasa Air,QP-1820,17:30,19:45,02h 15m,ECONOMY,U1,5640.0,890.0,6530.0,9,Available
20260911_153936,2026-09-11T15:40:01,EaseMyTrip,DEL-BOM,DEL,BOM,T+1,2026-09-12,IndiGo,6E-322,23:30,01:45,02h 15m,ECONOMY,R,5065.0,1465.0,6530.0,34,Available
20260911_153936,2026-09-11T15:40:01,EaseMyTrip,DEL-BOM,DEL,BOM,T+1,2026-09-12,IndiGo,6E-329,18:00,20:15,02h 15m,ECONOMY,R,5065.0,1465.0,6530.0,37,Available
20260911_153936,2026-09-11T15:40:01,EaseMyTrip,DEL-BOM,DEL,BOM,T+1,2026-09-12,IndiGo,6E-6706,17:00,19:15,02h 15m,ECONOMY,R,5065.0,1465.0,6530.0,24,Available
20260911_153936,2026-09-11T15:40:01,EaseMyTrip,DEL-BOM,DEL,BOM,T+1,2026-09-12,IndiGo,6E-864,15:30,17:45,02h 15m,ECONOMY,R,5065.0,1465.0,6530.0,3,Available
20260911_153936,2026-09-11T15:40:01,EaseMyTrip,DEL-BOM,DEL,BOM,T+1,2026-09-12,IndiGo,6E-6318,14:45,17:00,02h 15m,ECONOMY,R,5065.0,1465.0,6530.0,45,Available
20260911_153936,2026-09-11T15:40:01,EaseMyTrip,DEL-BOM,DEL,BOM,T+1,2026-09-12,IndiGo,6E-6218,06:05,08:20,02h 15m,ECONOMY,R,5065.0,1465.0,6530.0,21,Available
20260911_153936,2026-09-11T15:40:01,EaseMyTrip,DEL-BOM,DEL,BOM,T+1,2026-09-12,IndiGo,6E-6814,07:15,09:30,02h 15m,ECONOMY,R,5065.0,1465.0,6530.0,30,Available
20260911_153936,2026-09-11T15:40:01,EaseMyTrip,DEL-BOM,DEL,BOM,T+1,2026-09-12,Akasa Air,QP-1128,16:00,18:20,02h 20m,ECONOMY,U1,5640.0,890.0,6530.0,9,Available
20260911_153936,2026-09-11T15:40:01,EaseMyTrip,DEL-BOM,DEL,BOM,T+1,2026-09-12,IndiGo,6E-6114,22:45,01:05,02h 20m,ECONOMY,R,5065.0,1465.0,6530.0,94,Available
20260911_153936,2026-09-11T15:40:01,EaseMyTrip,DEL-BOM,DEL,BOM,T+1,2026-09-12,IndiGo,6E-395,21:45,00:05,02h 20m,ECONOMY,R,5065.0,1465.0,6530.0,43,Available
20260911_153936,2026-09-11T15:40:01,EaseMyTrip,DEL-BOM,DEL,BOM,T+1,2026-09-12,IndiGo,6E-327,16:15,18:35,02h 20m,ECONOMY,R,5065.0,1465.0,6530.0,45,Available
20260911_153936,2026-09-11T15:40:01,EaseMyTrip,DEL-BOM,DEL,BOM,T+1,2026-09-12,Akasa Air,QP-1119,08:40,11:05,02h 25m,ECONOMY,U1,5640.0,890.0,6530.0,9,Available
20260911_153936,2026-09-11T15:40:01,EaseMyTrip,DEL-BOM,DEL,BOM,T+1,2026-09-12,Akasa Air,QP-1826,19:55,22:20,02h 25m,ECONOMY,U1,5640.0,890.0,6530.0,9,Available
20260911_153936,2026-09-11T15:40:01,EaseMyTrip,DEL-BOM,DEL,BOM,T+1,2026-09-12,IndiGo,6E-354,19:00,21:25,02h 25m,ECONOMY,R,5065.0,1465.0,6530.0,7,Available
20260911_153936,2026-09-11T15:40:01,EaseMyTrip,DEL-BOM,DEL,BOM,T+1,2026-09-12,IndiGo,6E-6022,14:00,16:25,02h 25m,ECONOMY,R,5065.0,1465.0,6530.0,28,Available
20260911_153936,2026-09-11T15:40:01,EaseMyTrip,DEL-BOM,DEL,BOM,T+1,2026-09-12,Air India Express,IX-1235,23:25,01:50,02h 25m,ECONOMY,H,5191.0,1497.0,6688.0,9,Available
20260911_153936,2026-09-11T15:40:01,EaseMyTrip,DEL-BOM,DEL,BOM,T+1,2026-09-12,Akasa Air,QP-1112,09:20,11:40,02h 20m,ECONOMY,U0,5715.0,894.0,6609.0,9,Available
20260911_153936,2026-09-11T15:40:01,EaseMyTrip,DEL-BOM,DEL,BOM,T+1,2026-09-12,IndiGo,6E-303,20:00,22:10,02h 10m,ECONOMY,R,5215.0,1473.0,6688.0,4,Available
20260911_153936,2026-09-11T15:40:01,EaseMyTrip,DEL-BOM,DEL,BOM,T+1,2026-09-12,IndiGo,6E-320,08:00,10:20,02h 20m,ECONOMY,R,5215.0,1473.0,6688.0,27,Available
20260911_153936,2026-09-11T15:40:01,EaseMyTrip,DEL-BOM,DEL,BOM,T+1,2026-09-12,IndiGo,6E-6328,10:15,12:35,02h 20m,ECONOMY,R,5215.0,1473.0,6688.0,1,Available
20260911_153936,2026-09-11T15:40:01,EaseMyTrip,DEL-BOM,DEL,BOM,T+1,2026-09-12,IndiGo,6E-6107,09:30,11:55,02h 25m,ECONOMY,R,5215.0,1473.0,6688.0,6,Available
20260911_153936,2026-09-11T15:40:01,EaseMyTrip,DEL-BOM,DEL,BOM,T+1,2026-09-12,Akasa Air,QP-1833,06:50,09:10,02h 20m,ECONOMY,T4,5829.0,900.0,6729.0,9,Available
20260911_153936,2026-09-11T15:40:01,EaseMyTrip,DEL-BOM,DEL,BOM,T+1,2026-09-12,Air India,AI-1745,05:00,07:20,02h 20m,ECONOMY,S,5236.0,1494.0,6730.0,3,Available
20260911_153936,2026-09-11T15:40:01,EaseMyTrip,DEL-BOM,DEL,BOM,T+1,2026-09-12,Air India,AI-2439,23:00,01:25,02h 25m,ECONOMY,S,5236.0,1494.0,6730.0,9,Available
20260911_153936,2026-09-11T15:40:01,EaseMyTrip,DEL-BOM,DEL,BOM,T+1,2026-09-12,IndiGo,6E-449,05:00,07:15,02h 15m,ECONOMY,R,5415.0,1483.0,6898.0,1,Available
20260911_153936,2026-09-11T15:40:01,EaseMyTrip,DEL-BOM,DEL,BOM,T+1,2026-09-12,IndiGo,6E-675,08:45,11:00,02h 15m,ECONOMY,R,5415.0,1483.0,6898.0,9,Available
20260911_153936,2026-09-11T15:40:01,EaseMyTrip,DEL-BOM,DEL,BOM,T+1,2026-09-12,IndiGo,6E-6047,11:00,13:15,02h 15m,ECONOMY,R,5415.0,1483.0,6898.0,3,Available
20260911_153936,2026-09-11T15:40:01,EaseMyTrip,DEL-BOM,DEL,BOM,T+1,2026-09-12,Akasa Air,QP-1110,10:30,12:45,02h 15m,ECONOMY,T2,6065.0,912.0,6977.0,9,Available
20260911_153936,2026-09-11T15:40:01,EaseMyTrip,DEL-BOM,DEL,BOM,T+1,2026-09-12,Air India,AI-865,08:55,11:10,02h 15m,ECONOMY,S,5493.0,1507.0,7000.0,9,Available
20260911_153936,2026-09-11T15:40:01,EaseMyTrip,DEL-BOM,DEL,BOM,T+1,2026-09-12,Air India,AI-2975,06:30,08:50,02h 20m,ECONOMY,S,5493.0,1507.0,7000.0,9,Available
20260911_153936,2026-09-11T15:40:01,EaseMyTrip,DEL-BOM,DEL,BOM,T+1,2026-09-12,Air India,AI-2941,16:30,18:50,02h 20m,ECONOMY,S,5493.0,1507.0,7000.0,9,Available
20260911_153936,2026-09-11T15:40:01,EaseMyTrip,DEL-BOM,DEL,BOM,T+1,2026-09-12,Air India,AI-2981,21:00,23:20,02h 20m,ECONOMY,S,5493.0,1507.0,7000.0,9,Available
20260911_153936,2026-09-11T15:40:01,EaseMyTrip,DEL-BOM,DEL,BOM,T+1,2026-09-12,Air India,AI-1777,16:00,18:25,02h 25m,ECONOMY,S,5493.0,1507.0,7000.0,9,Available
20260911_153936,2026-09-11T15:40:01,EaseMyTrip,DEL-BOM,DEL,BOM,T+1,2026-09-12,Air India,AI-441,17:00,19:25,02h 25m,ECONOMY,S,5493.0,1507.0,7000.0,9,Available
20260911_153936,2026-09-11T15:40:01,EaseMyTrip,DEL-BOM,DEL,BOM,T+1,2026-09-12,Air India,AI-2955,18:00,20:25,02h 25m,ECONOMY,S,5493.0,1507.0,7000.0,9,Available
20260911_153936,2026-09-11T15:40:01,EaseMyTrip,DEL-BOM,DEL,BOM,T+1,2026-09-12,Air India,AI-2977,19:00,21:25,02h 25m,ECONOMY,S,5493.0,1507.0,7000.0,9,Available
20260911_153936,2026-09-11T15:40:01,EaseMyTrip,DEL-BOM,DEL,BOM,T+1,2026-09-12,Air India,AI-2985,19:30,21:55,02h 25m,ECONOMY,S,5493.0,1507.0,7000.0,9,Available
20260911_153936,2026-09-11T15:40:01,EaseMyTrip,DEL-BOM,DEL,BOM,T+1,2026-09-12,Air India,AI-2433,21:30,23:55,02h 25m,ECONOMY,S,5493.0,1507.0,7000.0,9,Available
20260911_153936,2026-09-11T15:40:01,EaseMyTrip,DEL-BOM,DEL,BOM,T+1,2026-09-12,Air India,AI-2927,09:30,12:00,02h 30m,ECONOMY,S,5493.0,1507.0,7000.0,9,Available
20260911_153936,2026-09-11T15:40:01,EaseMyTrip,DEL-BOM,DEL,BOM,T+1,2026-09-12,Air India,AI-2678,08:30,10:45,02h 15m,ECONOMY,T,5644.0,1515.0,7159.0,9,Available
20260911_153936,2026-09-11T15:40:01,EaseMyTrip,DEL-BOM,DEL,BOM,T+1,2026-09-12,Air India,AI-2963,09:00,11:15,02h 15m,ECONOMY,T,5644.0,1515.0,7159.0,9,Available
20260911_153936,2026-09-11T15:40:01,EaseMyTrip,DEL-BOM,DEL,BOM,T+1,2026-09-12,Air India,AI-2429,07:00,09:25,02h 25m,ECONOMY,T,5644.0,1515.0,7159.0,9,Available
20260911_153936,2026-09-11T15:40:01,EaseMyTrip,DEL-BOM,DEL,BOM,T+1,2026-09-12,Air India,AI-2943,07:30,09:55,02h 25m,ECONOMY,T,5644.0,1515.0,7159.0,9,Available
20260911_153936,2026-09-11T15:40:01,EaseMyTrip,DEL-BOM,DEL,BOM,T+1,2026-09-12,Air India,AI-2995,10:00,12:25,02h 25m,ECONOMY,T,5644.0,1515.0,7159.0,9,Available
20260911_153936,2026-09-11T15:40:01,EaseMyTrip,DEL-BOM,DEL,BOM,T+1,2026-09-12,Air India,AI-2933,15:30,17:55,02h 25m,ECONOMY,T,5644.0,1515.0,7159.0,9,Available
20260911_153936,2026-09-11T15:40:01,EaseMyTrip,DEL-BOM,DEL,BOM,T+1,2026-09-12,Air India,AI-2957,20:30,23:05,02h 35m,ECONOMY,T,5644.0,1515.0,7159.0,9,Available
20260911_153936,2026-09-11T15:40:01,EaseMyTrip,DEL-BOM,DEL,BOM,T+1,2026-09-12,IndiGo,6E-324,13:00,15:10,02h 10m,ECONOMY,R,5665.0,1495.0,7160.0,15,Available
20260911_153936,2026-09-11T15:40:01,EaseMyTrip,DEL-BOM,DEL,BOM,T+1,2026-09-12,IndiGo,6E-6676,12:00,14:15,02h 15m,ECONOMY,R,5665.0,1495.0,7160.0,12,Available
20260911_153936,2026-09-11T15:40:01,EaseMyTrip,DEL-BOM,DEL,BOM,T+1,2026-09-12,Air India,AI-1785,12:00,14:25,02h 25m,ECONOMY,L,6093.0,1537.0,7630.0,5,Available
20260911_153936,2026-09-11T15:40:01,EaseMyTrip,DEL-BOM,DEL,BOM,T+1,2026-09-12,Akasa Air,QP-1836,12:30,14:55,02h 25m,ECONOMY,R2,6696.0,942.0,7638.0,9,Available
20260911_153936,2026-09-11T15:40:01,EaseMyTrip,DEL-BOM,DEL,BOM,T+1,2026-09-12,Air India,AI-2951,13:30,15:50,02h 20m,ECONOMY,L,6276.0,1546.0,7822.0,1,Available
20260911_153936,2026-09-11T15:40:01,EaseMyTrip,DEL-BOM,DEL,BOM,T+1,2026-09-12,Air India,AI-2945,11:00,13:25,02h 25m,ECONOMY,G,6393.0,1552.0,7945.0,9,Available
20260911_153936,2026-09-11T15:40:11,EaseMyTrip,DEL-BOM,DEL,BOM,T+7,2026-09-18,Air India Express,IX-1056,05:35,08:05,02h 30m,ECONOMY,G,5040.0,1489.0,6529.0,9,Available
20260911_153936,2026-09-11T15:40:11,EaseMyTrip,DEL-BOM,DEL,BOM,T+7,2026-09-18,IndiGo,6E-324,13:00,15:10,02h 10m,ECONOMY,R,5065.0,1465.0,6530.0,51,Available
20260911_153936,2026-09-11T15:40:11,EaseMyTrip,DEL-BOM,DEL,BOM,T+7,2026-09-18,Akasa Air,QP-1110,10:30,12:45,02h 15m,ECONOMY,U1,5640.0,890.0,6530.0,9,Available
20260911_153936,2026-09-11T15:40:11,EaseMyTrip,DEL-BOM,DEL,BOM,T+7,2026-09-18,IndiGo,6E-449,05:00,07:15,02h 15m,ECONOMY,R,5065.0,1465.0,6530.0,109,Available
20260911_153936,2026-09-11T15:40:11,EaseMyTrip,DEL-BOM,DEL,BOM,T+7,2026-09-18,IndiGo,6E-864,15:30,17:45,02h 15m,ECONOMY,R,5065.0,1465.0,6530.0,84,Available
20260911_153936,2026-09-11T15:40:11,EaseMyTrip,DEL-BOM,DEL,BOM,T+7,2026-09-18,IndiGo,6E-6318,14:45,17:00,02h 15m,ECONOMY,R,5065.0,1465.0,6530.0,84,Available
20260911_153936,2026-09-11T15:40:11,EaseMyTrip,DEL-BOM,DEL,BOM,T+7,2026-09-18,IndiGo,6E-675,08:45,11:00,02h 15m,ECONOMY,R,5065.0,1465.0,6530.0,24,Available
20260911_153936,2026-09-11T15:40:11,EaseMyTrip,DEL-BOM,DEL,BOM,T+7,2026-09-18,IndiGo,6E-6047,11:00,13:15,02h 15m,ECONOMY,R,5065.0,1465.0,6530.0,55,Available
20260911_153936,2026-09-11T15:40:11,EaseMyTrip,DEL-BOM,DEL,BOM,T+7,2026-09-18,IndiGo,6E-6676,12:00,14:15,02h 15m,ECONOMY,R,5065.0,1465.0,6530.0,76,Available
20260911_153936,2026-09-11T15:40:11,EaseMyTrip,DEL-BOM,DEL,BOM,T+7,2026-09-18,Akasa Air,QP-1833,06:50,09:10,02h 20m,ECONOMY,U1,5640.0,890.0,6530.0,9,Available
20260911_153936,2026-09-11T15:40:11,EaseMyTrip,DEL-BOM,DEL,BOM,T+7,2026-09-18,Akasa Air,QP-1112,09:20,11:40,02h 20m,ECONOMY,U1,5640.0,890.0,6530.0,9,Available
20260911_153936,2026-09-11T15:40:11,EaseMyTrip,DEL-BOM,DEL,BOM,T+7,2026-09-18,Akasa Air,QP-1128,16:00,18:20,02h 20m,ECONOMY,U1,5640.0,890.0,6530.0,9,Available
20260911_153936,2026-09-11T15:40:11,EaseMyTrip,DEL-BOM,DEL,BOM,T+7,2026-09-18,IndiGo,6E-6328,10:15,12:35,02h 20m,ECONOMY,R,5065.0,1465.0,6530.0,43,Available
20260911_153936,2026-09-11T15:40:11,EaseMyTrip,DEL-BOM,DEL,BOM,T+7,2026-09-18,Akasa Air,QP-1119,08:40,11:05,02h 25m,ECONOMY,U1,5640.0,890.0,6530.0,9,Available
20260911_153936,2026-09-11T15:40:11,EaseMyTrip,DEL-BOM,DEL,BOM,T+7,2026-09-18,Akasa Air,QP-1836,12:30,14:55,02h 25m,ECONOMY,U1,5640.0,890.0,6530.0,9,Available
20260911_153936,2026-09-11T15:40:11,EaseMyTrip,DEL-BOM,DEL,BOM,T+7,2026-09-18,IndiGo,6E-6022,14:00,16:25,02h 25m,ECONOMY,R,5065.0,1465.0,6530.0,101,Available
20260911_153936,2026-09-11T15:40:11,EaseMyTrip,DEL-BOM,DEL,BOM,T+7,2026-09-18,IndiGo,6E-6107,09:30,11:55,02h 25m,ECONOMY,R,5065.0,1465.0,6530.0,61,Available
20260911_153936,2026-09-11T15:40:11,EaseMyTrip,DEL-BOM,DEL,BOM,T+7,2026-09-18,IndiGo,6E-6218,06:05,08:20,02h 15m,ECONOMY,R,5215.0,1473.0,6688.0,77,Available
20260911_153936,2026-09-11T15:40:11,EaseMyTrip,DEL-BOM,DEL,BOM,T+7,2026-09-18,IndiGo,6E-327,16:15,18:35,02h 20m,ECONOMY,R,5215.0,1473.0,6688.0,65,Available
20260911_153936,2026-09-11T15:40:11,EaseMyTrip,DEL-BOM,DEL,BOM,T+7,2026-09-18,Air India,AI-1745,05:00,07:20,02h 20m,ECONOMY,S,5236.0,1494.0,6730.0,9,Available
20260911_153936,2026-09-11T15:40:11,EaseMyTrip,DEL-BOM,DEL,BOM,T+7,2026-09-18,IndiGo,6E-6814,07:15,09:30,02h 15m,ECONOMY,R,5415.0,1483.0,6898.0,77,Available
20260911_153936,2026-09-11T15:40:11,EaseMyTrip,DEL-BOM,DEL,BOM,T+7,2026-09-18,IndiGo,6E-320,08:00,10:20,02h 20m,ECONOMY,R,5415.0,1483.0,6898.0,61,Available
20260911_153936,2026-09-11T15:40:11,EaseMyTrip,DEL-BOM,DEL,BOM,T+7,2026-09-18,Air India,AI-2678,08:30,10:45,02h 15m,ECONOMY,S,5493.0,1507.0,7000.0,9,Available
20260911_153936,2026-09-11T15:40:11,EaseMyTrip,DEL-BOM,DEL,BOM,T+7,2026-09-18,Air India,AI-2425,10:30,12:50,02h 20m,ECONOMY,S,5493.0,1507.0,7000.0,9,Available
20260911_153936,2026-09-11T15:40:11,EaseMyTrip,DEL-BOM,DEL,BOM,T+7,2026-09-18,Air India,AI-2951,13:30,15:50,02h 20m,ECONOMY,S,5493.0,1507.0,7000.0,1,Available
20260911_153936,2026-09-11T15:40:11,EaseMyTrip,DEL-BOM,DEL,BOM,T+7,2026-09-18,Air India,AI-2441,14:10,16:30,02h 20m,ECONOMY,S,5493.0,1507.0,7000.0,9,Available
20260911_153936,2026-09-11T15:40:11,EaseMyTrip,DEL-BOM,DEL,BOM,T+7,2026-09-18,Air India,AI-2995,10:00,12:25,02h 25m,ECONOMY,S,5493.0,1507.0,7000.0,9,Available
20260911_153936,2026-09-11T15:40:11,EaseMyTrip,DEL-BOM,DEL,BOM,T+7,2026-09-18,Air India,AI-2945,11:00,13:25,02h 25m,ECONOMY,S,5493.0,1507.0,7000.0,9,Available
20260911_153936,2026-09-11T15:40:11,EaseMyTrip,DEL-BOM,DEL,BOM,T+7,2026-09-18,Air India,AI-1785,12:00,14:25,02h 25m,ECONOMY,S,5493.0,1507.0,7000.0,9,Available
20260911_153936,2026-09-11T15:40:11,EaseMyTrip,DEL-BOM,DEL,BOM,T+7,2026-09-18,Air India,AI-2933,15:30,17:55,02h 25m,ECONOMY,S,5493.0,1507.0,7000.0,9,Available
20260911_153936,2026-09-11T15:40:11,EaseMyTrip,DEL-BOM,DEL,BOM,T+7,2026-09-18,Air India,AI-1777,16:00,18:25,02h 25m,ECONOMY,S,5493.0,1507.0,7000.0,9,Available
20260911_153936,2026-09-11T15:40:11,EaseMyTrip,DEL-BOM,DEL,BOM,T+7,2026-09-18,Air India,AI-441,17:00,19:25,02h 25m,ECONOMY,S,5493.0,1507.0,7000.0,9,Available
20260911_153936,2026-09-11T15:40:11,EaseMyTrip,DEL-BOM,DEL,BOM,T+7,2026-09-18,Air India,AI-2927,09:30,12:00,02h 30m,ECONOMY,S,5493.0,1507.0,7000.0,9,Available
20260911_153936,2026-09-11T15:40:11,EaseMyTrip,DEL-BOM,DEL,BOM,T+7,2026-09-18,Air India,AI-2975,06:30,08:50,02h 20m,ECONOMY,T,5644.0,1515.0,7159.0,9,Available
20260911_153936,2026-09-11T15:40:11,EaseMyTrip,DEL-BOM,DEL,BOM,T+7,2026-09-18,Air India,AI-2941,16:30,18:50,02h 20m,ECONOMY,T,5644.0,1515.0,7159.0,9,Available
20260911_153936,2026-09-11T15:40:11,EaseMyTrip,DEL-BOM,DEL,BOM,T+7,2026-09-18,Air India,AI-1780,16:10,20:00,03h 50m,ECONOMY,T,5644.0,1515.0,7159.0,9,Available
20260911_153936,2026-09-11T15:40:11,EaseMyTrip,DEL-BOM,DEL,BOM,T+7,2026-09-18,IndiGo,6E-322,23:30,01:45,02h 15m,ECONOMY,R,5665.0,1495.0,7160.0,3,Available
20260911_153936,2026-09-11T15:40:11,EaseMyTrip,DEL-BOM,DEL,BOM,T+7,2026-09-18,IndiGo,6E-6114,22:45,01:05,02h 20m,ECONOMY,R,5665.0,1495.0,7160.0,16,Available
20260911_153936,2026-09-11T15:40:11,EaseMyTrip,DEL-BOM,DEL,BOM,T+7,2026-09-18,Air India Express,IX-1235,23:25,01:50,02h 25m,ECONOMY,E,5976.0,1537.0,7513.0,9,Available
20260911_153936,2026-09-11T15:40:11,EaseMyTrip,DEL-BOM,DEL,BOM,T+7,2026-09-18,Air India,AI-2429,07:00,09:25,02h 25m,ECONOMY,U,5844.0,1525.0,7369.0,9,Available
20260911_153936,2026-09-11T15:40:11,EaseMyTrip,DEL-BOM,DEL,BOM,T+7,2026-09-18,Air India,AI-2943,07:30,09:55,02h 25m,ECONOMY,U,5844.0,1525.0,7369.0,9,Available
20260911_153936,2026-09-11T15:40:11,EaseMyTrip,DEL-BOM,DEL,BOM,T+7,2026-09-18,Air India,AI-2439,23:00,01:25,02h 25m,ECONOMY,L,6093.0,1537.0,7630.0,9,Available
20260911_153936,2026-09-11T15:40:11,EaseMyTrip,DEL-BOM,DEL,BOM,T+7,2026-09-18,IndiGo,6E-6706,17:00,19:15,02h 15m,ECONOMY,R,6265.0,1525.0,7790.0,9,Available
20260911_153936,2026-09-11T15:40:11,EaseMyTrip,DEL-BOM,DEL,BOM,T+7,2026-09-18,Akasa Air,QP-1820,17:30,19:45,02h 15m,ECONOMY,Q4,7105.0,964.0,8069.0,9,Available
20260911_153936,2026-09-11T15:40:27,EaseMyTrip,DEL-BOM,DEL,BOM,T+15,2026-09-26,IndiGo,6E-324,13:00,15:10,02h 10m,ECONOMY,R,5065.0,1465.0,6530.0,9,Available
20260911_153936,2026-09-11T15:40:27,EaseMyTrip,DEL-BOM,DEL,BOM,T+15,2026-09-26,Akasa Air,QP-1110,10:30,12:45,02h 15m,ECONOMY,U1,5640.0,890.0,6530.0,9,Available
20260911_153936,2026-09-11T15:40:27,EaseMyTrip,DEL-BOM,DEL,BOM,T+15,2026-09-26,Akasa Air,QP-1820,17:30,19:45,02h 15m,ECONOMY,U1,5640.0,890.0,6530.0,9,Available
20260911_153936,2026-09-11T15:40:27,EaseMyTrip,DEL-BOM,DEL,BOM,T+15,2026-09-26,IndiGo,6E-322,23:30,01:45,02h 15m,ECONOMY,R,5065.0,1465.0,6530.0,7,Available
20260911_153936,2026-09-11T15:40:27,EaseMyTrip,DEL-BOM,DEL,BOM,T+15,2026-09-26,IndiGo,6E-329,18:00,20:15,02h 15m,ECONOMY,R,5065.0,1465.0,6530.0,8,Available
20260911_153936,2026-09-11T15:40:27,EaseMyTrip,DEL-BOM,DEL,BOM,T+15,2026-09-26,IndiGo,6E-6706,17:00,19:15,02h 15m,ECONOMY,R,5065.0,1465.0,6530.0,81,Available
20260911_153936,2026-09-11T15:40:27,EaseMyTrip,DEL-BOM,DEL,BOM,T+15,2026-09-26,IndiGo,6E-864,15:30,17:45,02h 15m,ECONOMY,R,5065.0,1465.0,6530.0,63,Available
20260911_153936,2026-09-11T15:40:27,EaseMyTrip,DEL-BOM,DEL,BOM,T+15,2026-09-26,IndiGo,6E-6318,14:45,17:00,02h 15m,ECONOMY,R,5065.0,1465.0,6530.0,90,Available
20260911_153936,2026-09-11T15:40:27,EaseMyTrip,DEL-BOM,DEL,BOM,T+15,2026-09-26,IndiGo,6E-675,08:45,11:00,02h 15m,ECONOMY,R,5065.0,1465.0,6530.0,61,Available
20260911_153936,2026-09-11T15:40:27,EaseMyTrip,DEL-BOM,DEL,BOM,T+15,2026-09-26,IndiGo,6E-6814,07:15,09:30,02h 15m,ECONOMY,R,5065.0,1465.0,6530.0,9,Available
20260911_153936,2026-09-11T15:40:27,EaseMyTrip,DEL-BOM,DEL,BOM,T+15,2026-09-26,IndiGo,6E-6676,12:00,14:15,02h 15m,ECONOMY,R,5065.0,1465.0,6530.0,8,Available
20260911_153936,2026-09-11T15:40:27,EaseMyTrip,DEL-BOM,DEL,BOM,T+15,2026-09-26,Akasa Air,QP-1833,06:50,09:10,02h 20m,ECONOMY,U1,5640.0,890.0,6530.0,9,Available
20260911_153936,2026-09-11T15:40:27,EaseMyTrip,DEL-BOM,DEL,BOM,T+15,2026-09-26,Akasa Air,QP-1112,09:20,11:40,02h 20m,ECONOMY,U1,5640.0,890.0,6530.0,9,Available
20260911_153936,2026-09-11T15:40:27,EaseMyTrip,DEL-BOM,DEL,BOM,T+15,2026-09-26,Akasa Air,QP-1128,16:00,18:20,02h 20m,ECONOMY,U1,5640.0,890.0,6530.0,9,Available
20260911_153936,2026-09-11T15:40:27,EaseMyTrip,DEL-BOM,DEL,BOM,T+15,2026-09-26,IndiGo,6E-6114,22:45,01:05,02h 20m,ECONOMY,R,5065.0,1465.0,6530.0,7,Available
20260911_153936,2026-09-11T15:40:27,EaseMyTrip,DEL-BOM,DEL,BOM,T+15,2026-09-26,IndiGo,6E-327,16:15,18:35,02h 20m,ECONOMY,R,5065.0,1465.0,6530.0,80,Available
20260911_153936,2026-09-11T15:40:27,EaseMyTrip,DEL-BOM,DEL,BOM,T+15,2026-09-26,IndiGo,6E-320,08:00,10:20,02h 20m,ECONOMY,R,5065.0,1465.0,6530.0,7,Available
20260911_153936,2026-09-11T15:40:27,EaseMyTrip,DEL-BOM,DEL,BOM,T+15,2026-09-26,IndiGo,6E-6328,10:15,12:35,02h 20m,ECONOMY,R,5065.0,1465.0,6530.0,66,Available
20260911_153936,2026-09-11T15:40:27,EaseMyTrip,DEL-BOM,DEL,BOM,T+15,2026-09-26,Akasa Air,QP-1119,08:40,11:05,02h 25m,ECONOMY,U1,5640.0,890.0,6530.0,9,Available
20260911_153936,2026-09-11T15:40:27,EaseMyTrip,DEL-BOM,DEL,BOM,T+15,2026-09-26,Akasa Air,QP-1836,12:30,14:55,02h 25m,ECONOMY,U1,5640.0,890.0,6530.0,9,Available
20260911_153936,2026-09-11T15:40:27,EaseMyTrip,DEL-BOM,DEL,BOM,T+15,2026-09-26,Akasa Air,QP-1826,19:55,22:20,02h 25m,ECONOMY,U1,5640.0,890.0,6530.0,9,Available
20260911_153936,2026-09-11T15:40:27,EaseMyTrip,DEL-BOM,DEL,BOM,T+15,2026-09-26,IndiGo,6E-6022,14:00,16:25,02h 25m,ECONOMY,R,5065.0,1465.0,6530.0,90,Available
20260911_153936,2026-09-11T15:40:27,EaseMyTrip,DEL-BOM,DEL,BOM,T+15,2026-09-26,IndiGo,6E-6107,09:30,11:55,02h 25m,ECONOMY,R,5065.0,1465.0,6530.0,55,Available
20260911_153936,2026-09-11T15:40:27,EaseMyTrip,DEL-BOM,DEL,BOM,T+15,2026-09-26,Air India Express,IX-1235,23:25,01:50,02h 25m,ECONOMY,H,5191.0,1497.0,6688.0,9,Available
20260911_153936,2026-09-11T15:40:27,EaseMyTrip,DEL-BOM,DEL,BOM,T+15,2026-09-26,IndiGo,6E-449,05:00,07:15,02h 15m,ECONOMY,R,5215.0,1473.0,6688.0,76,Available
20260911_153936,2026-09-11T15:40:27,EaseMyTrip,DEL-BOM,DEL,BOM,T+15,2026-09-26,IndiGo,6E-6218,06:05,08:20,02h 15m,ECONOMY,R,5215.0,1473.0,6688.0,1,Available
20260911_153936,2026-09-11T15:40:27,EaseMyTrip,DEL-BOM,DEL,BOM,T+15,2026-09-26,IndiGo,6E-6047,11:00,13:15,02h 15m,ECONOMY,R,5215.0,1473.0,6688.0,14,Available
20260911_153936,2026-09-11T15:40:27,EaseMyTrip,DEL-BOM,DEL,BOM,T+15,2026-09-26,IndiGo,6E-395,21:45,00:05,02h 20m,ECONOMY,R,5215.0,1473.0,6688.0,97,Available
20260911_153936,2026-09-11T15:40:27,EaseMyTrip,DEL-BOM,DEL,BOM,T+15,2026-09-26,IndiGo,6E-354,19:00,21:25,02h 25m,ECONOMY,R,5215.0,1473.0,6688.0,9,Available
20260911_153936,2026-09-11T15:40:27,EaseMyTrip,DEL-BOM,DEL,BOM,T+15,2026-09-26,Air India,AI-2439,23:00,01:25,02h 25m,ECONOMY,S,5236.0,1494.0,6730.0,9,Available
20260911_153936,2026-09-11T15:40:27,EaseMyTrip,DEL-BOM,DEL,BOM,T+15,2026-09-26,IndiGo,6E-303,20:00,22:10,02h 10m,ECONOMY,R,5415.0,1483.0,6898.0,3,Available
20260911_153936,2026-09-11T15:40:27,EaseMyTrip,DEL-BOM,DEL,BOM,T+15,2026-09-26,Air India,AI-2678,08:30,10:45,02h 15m,ECONOMY,S,5493.0,1507.0,7000.0,9,Available
20260911_153936,2026-09-11T15:40:27,EaseMyTrip,DEL-BOM,DEL,BOM,T+15,2026-09-26,Air India,AI-2963,09:00,11:15,02h 15m,ECONOMY,S,5493.0,1507.0,7000.0,9,Available
20260911_153936,2026-09-11T15:40:27,EaseMyTrip,DEL-BOM,DEL,BOM,T+15,2026-09-26,Air India,AI-2425,10:30,12:50,02h 20m,ECONOMY,S,5493.0,1507.0,7000.0,9,Available
20260911_153936,2026-09-11T15:40:27,EaseMyTrip,DEL-BOM,DEL,BOM,T+15,2026-09-26,Air India,AI-2941,16:30,18:50,02h 20m,ECONOMY,S,5493.0,1507.0,7000.0,9,Available
20260911_153936,2026-09-11T15:40:27,EaseMyTrip,DEL-BOM,DEL,BOM,T+15,2026-09-26,Air India,AI-2981,21:00,23:20,02h 20m,ECONOMY,S,5493.0,1507.0,7000.0,9,Available
20260911_153936,2026-09-11T15:40:27,EaseMyTrip,DEL-BOM,DEL,BOM,T+15,2026-09-26,Air India,AI-1745,05:00,07:20,02h 20m,ECONOMY,T,5493.0,1507.0,7000.0,9,Available
20260911_153936,2026-09-11T15:40:27,EaseMyTrip,DEL-BOM,DEL,BOM,T+15,2026-09-26,Air India,AI-2429,07:00,09:25,02h 25m,ECONOMY,S,5493.0,1507.0,7000.0,9,Available
20260911_153936,2026-09-11T15:40:27,EaseMyTrip,DEL-BOM,DEL,BOM,T+15,2026-09-26,Air India,AI-2943,07:30,09:55,02h 25m,ECONOMY,S,5493.0,1507.0,7000.0,9,Available
20260911_153936,2026-09-11T15:40:27,EaseMyTrip,DEL-BOM,DEL,BOM,T+15,2026-09-26,Air India,AI-2995,10:00,12:25,02h 25m,ECONOMY,S,5493.0,1507.0,7000.0,9,Available
20260911_153936,2026-09-11T15:40:27,EaseMyTrip,DEL-BOM,DEL,BOM,T+15,2026-09-26,Air India,AI-2945,11:00,13:25,02h 25m,ECONOMY,S,5493.0,1507.0,7000.0,9,Available
20260911_153936,2026-09-11T15:40:27,EaseMyTrip,DEL-BOM,DEL,BOM,T+15,2026-09-26,Air India,AI-1785,12:00,14:25,02h 25m,ECONOMY,S,5493.0,1507.0,7000.0,9,Available
20260911_153936,2026-09-11T15:40:27,EaseMyTrip,DEL-BOM,DEL,BOM,T+15,2026-09-26,Air India,AI-2933,15:30,17:55,02h 25m,ECONOMY,S,5493.0,1507.0,7000.0,2,Available
20260911_153936,2026-09-11T15:40:27,EaseMyTrip,DEL-BOM,DEL,BOM,T+15,2026-09-26,Air India,AI-1777,16:00,18:25,02h 25m,ECONOMY,S,5493.0,1507.0,7000.0,9,Available
20260911_153936,2026-09-11T15:40:27,EaseMyTrip,DEL-BOM,DEL,BOM,T+15,2026-09-26,Air India,AI-441,17:00,19:25,02h 25m,ECONOMY,S,5493.0,1507.0,7000.0,9,Available
20260911_153936,2026-09-11T15:40:27,EaseMyTrip,DEL-BOM,DEL,BOM,T+15,2026-09-26,Air India,AI-2955,18:00,20:25,02h 25m,ECONOMY,S,5493.0,1507.0,7000.0,9,Available
20260911_153936,2026-09-11T15:40:27,EaseMyTrip,DEL-BOM,DEL,BOM,T+15,2026-09-26,Air India,AI-2927,09:30,12:00,02h 30m,ECONOMY,S,5493.0,1507.0,7000.0,9,Available
20260911_153936,2026-09-11T15:40:27,EaseMyTrip,DEL-BOM,DEL,BOM,T+15,2026-09-26,Air India,AI-1780,16:10,20:00,03h 50m,ECONOMY,S,5493.0,1507.0,7000.0,9,Available
20260911_153936,2026-09-11T15:40:27,EaseMyTrip,DEL-BOM,DEL,BOM,T+15,2026-09-26,Air India,AI-2975,06:30,08:50,02h 20m,ECONOMY,T,5644.0,1515.0,7159.0,9,Available
20260911_153936,2026-09-11T15:40:27,EaseMyTrip,DEL-BOM,DEL,BOM,T+15,2026-09-26,Air India,AI-2977,19:00,21:25,02h 25m,ECONOMY,T,5644.0,1515.0,7159.0,9,Available
20260911_153936,2026-09-11T15:40:27,EaseMyTrip,DEL-BOM,DEL,BOM,T+15,2026-09-26,Air India,AI-2985,19:30,21:55,02h 25m,ECONOMY,T,5644.0,1515.0,7159.0,9,Available
20260911_153936,2026-09-11T15:40:27,EaseMyTrip,DEL-BOM,DEL,BOM,T+15,2026-09-26,Air India,AI-2433,21:30,23:55,02h 25m,ECONOMY,T,5644.0,1515.0,7159.0,3,Available
20260911_153936,2026-09-11T15:40:27,EaseMyTrip,DEL-BOM,DEL,BOM,T+15,2026-09-26,Air India,AI-2957,20:30,23:05,02h 35m,ECONOMY,U,5844.0,1525.0,7369.0,9,Available
20260911_153936,2026-09-11T15:40:42,EaseMyTrip,DEL-BLR,DEL,BLR,T+1,2026-09-12,Akasa Air,QP-1812,22:55,01:45,02h 50m,ECONOMY,U2,7774.0,1055.0,8829.0,9,Available
20260911_153936,2026-09-11T15:40:42,EaseMyTrip,DEL-BLR,DEL,BLR,T+1,2026-09-12,Akasa Air,QP-1308,20:55,23:50,02h 55m,ECONOMY,U2,7774.0,1055.0,8829.0,9,Available
20260911_153936,2026-09-11T15:40:42,EaseMyTrip,DEL-BLR,DEL,BLR,T+1,2026-09-12,Akasa Air,QP-1350,21:55,00:50,02h 55m,ECONOMY,U2,7774.0,1055.0,8829.0,9,Available
20260911_153936,2026-09-11T15:40:42,EaseMyTrip,DEL-BLR,DEL,BLR,T+1,2026-09-12,IndiGo,6E-846,22:00,00:55,02h 55m,ECONOMY,R,6998.0,1831.0,8829.0,30,Available
20260911_153936,2026-09-11T15:40:42,EaseMyTrip,DEL-BLR,DEL,BLR,T+1,2026-09-12,IndiGo,6E-6515,20:45,23:40,02h 55m,ECONOMY,R,6998.0,1831.0,8829.0,32,Available
20260911_153936,2026-09-11T15:40:42,EaseMyTrip,DEL-BLR,DEL,BLR,T+1,2026-09-12,IndiGo,6E-861,19:30,22:25,02h 55m,ECONOMY,R,6998.0,1831.0,8829.0,1,Available
20260911_153936,2026-09-11T15:40:42,EaseMyTrip,DEL-BLR,DEL,BLR,T+1,2026-09-12,Akasa Air,QP-1824,20:10,23:10,03h 00m,ECONOMY,U2,7774.0,1055.0,8829.0,9,Available
20260911_153936,2026-09-11T15:40:42,EaseMyTrip,DEL-BLR,DEL,BLR,T+1,2026-09-12,IndiGo,6E-811,18:20,21:10,02h 50m,ECONOMY,R,7433.0,1853.0,9286.0,18,Available
20260911_153936,2026-09-11T15:40:42,EaseMyTrip,DEL-BLR,DEL,BLR,T+1,2026-09-12,IndiGo,6E-873,08:20,11:10,02h 50m,ECONOMY,R,7433.0,1853.0,9286.0,5,Available
20260911_153936,2026-09-11T15:40:42,EaseMyTrip,DEL-BLR,DEL,BLR,T+1,2026-09-12,IndiGo,6E-880,15:45,18:40,02h 55m,ECONOMY,R,7433.0,1853.0,9286.0,8,Available
20260911_153936,2026-09-11T15:40:42,EaseMyTrip,DEL-BLR,DEL,BLR,T+1,2026-09-12,IndiGo,6E-837,17:00,19:55,02h 55m,ECONOMY,R,7433.0,1853.0,9286.0,17,Available
20260911_153936,2026-09-11T15:40:42,EaseMyTrip,DEL-BLR,DEL,BLR,T+1,2026-09-12,IndiGo,6E-810,07:05,10:00,02h 55m,ECONOMY,R,7433.0,1853.0,9286.0,15,Available
20260911_153936,2026-09-11T15:40:42,EaseMyTrip,DEL-BLR,DEL,BLR,T+1,2026-09-12,IndiGo,6E-2314,05:45,08:40,02h 55m,ECONOMY,R,7433.0,1853.0,9286.0,5,Available
20260911_153936,2026-09-11T15:40:42,EaseMyTrip,DEL-BLR,DEL,BLR,T+1,2026-09-12,Air India,AI-2817,16:30,19:15,02h 45m,ECONOMY,T,7427.0,1873.0,9300.0,9,Available
20260911_153936,2026-09-11T15:40:42,EaseMyTrip,DEL-BLR,DEL,BLR,T+1,2026-09-12,Air India,AI-2653,04:30,07:20,02h 50m,ECONOMY,T,7427.0,1873.0,9300.0,9,Available
20260911_153936,2026-09-11T15:40:42,EaseMyTrip,DEL-BLR,DEL,BLR,T+1,2026-09-12,Air India,AI-427,08:30,11:20,02h 50m,ECONOMY,T,7427.0,1873.0,9300.0,9,Available
20260911_153936,2026-09-11T15:40:42,EaseMyTrip,DEL-BLR,DEL,BLR,T+1,2026-09-12,Air India,AI-2809,19:30,22:20,02h 50m,ECONOMY,T,7427.0,1873.0,9300.0,9,Available
20260911_153936,2026-09-11T15:40:42,EaseMyTrip,DEL-BLR,DEL,BLR,T+1,2026-09-12,Air India,AI-2409,06:00,08:55,02h 55m,ECONOMY,T,7427.0,1873.0,9300.0,9,Available
20260911_153936,2026-09-11T15:40:42,EaseMyTrip,DEL-BLR,DEL,BLR,T+1,2026-09-12,Air India,AI-2803,06:30,09:25,02h 55m,ECONOMY,T,7427.0,1873.0,9300.0,9,Available
20260911_153936,2026-09-11T15:40:42,EaseMyTrip,DEL-BLR,DEL,BLR,T+1,2026-09-12,Air India,AI-2815,07:00,09:55,02h 55m,ECONOMY,T,7427.0,1873.0,9300.0,9,Available
20260911_153936,2026-09-11T15:40:42,EaseMyTrip,DEL-BLR,DEL,BLR,T+1,2026-09-12,Air India,AI-2819,15:00,17:55,02h 55m,ECONOMY,T,7427.0,1873.0,9300.0,9,Available
20260911_153936,2026-09-11T15:40:42,EaseMyTrip,DEL-BLR,DEL,BLR,T+1,2026-09-12,Air India,AI-2664,15:50,18:45,02h 55m,ECONOMY,T,7427.0,1873.0,9300.0,9,Available
20260911_153936,2026-09-11T15:40:42,EaseMyTrip,DEL-BLR,DEL,BLR,T+1,2026-09-12,Air India,AI-2487,18:30,21:25,02h 55m,ECONOMY,T,7427.0,1873.0,9300.0,9,Available
20260911_153936,2026-09-11T15:40:42,EaseMyTrip,DEL-BLR,DEL,BLR,T+1,2026-09-12,Air India,AI-2512,19:00,21:55,02h 55m,ECONOMY,T,7427.0,1873.0,9300.0,9,Available
20260911_153936,2026-09-11T15:40:42,EaseMyTrip,DEL-BLR,DEL,BLR,T+1,2026-09-12,Akasa Air,QP-1822,16:40,19:40,03h 00m,ECONOMY,T3,8414.0,1087.0,9501.0,9,Available
20260911_153936,2026-09-11T15:40:42,EaseMyTrip,DEL-BLR,DEL,BLR,T+1,2026-09-12,Air India Express,IX-1070,18:20,21:15,02h 55m,ECONOMY,K,7695.0,1890.0,9585.0,9,Available
20260911_153936,2026-09-11T15:40:42,EaseMyTrip,DEL-BLR,DEL,BLR,T+1,2026-09-12,Air India,AI-2757,00:15,03:10,02h 55m,ECONOMY,U,7719.0,1887.0,9606.0,1,Available
20260911_153936,2026-09-11T15:40:42,EaseMyTrip,DEL-BLR,DEL,BLR,T+1,2026-09-12,Air India,AI-2412,21:30,00:25,02h 55m,ECONOMY,U,7862.0,1894.0,9756.0,2,Available
20260911_153936,2026-09-11T15:40:42,EaseMyTrip,DEL-BLR,DEL,BLR,T+1,2026-09-12,IndiGo,6E-828,14:30,17:25,02h 55m,ECONOMY,R,7895.0,1876.0,9771.0,15,Available
20260911_153936,2026-09-11T15:40:42,EaseMyTrip,DEL-BLR,DEL,BLR,T+1,2026-09-12,IndiGo,6E-842,10:45,13:40,02h 55m,ECONOMY,R,7895.0,1876.0,9771.0,9,Available
20260911_153936,2026-09-11T15:40:42,EaseMyTrip,DEL-BLR,DEL,BLR,T+1,2026-09-12,IndiGo,6E-826,09:30,12:25,02h 55m,ECONOMY,R,7895.0,1876.0,9771.0,14,Available
20260911_153936,2026-09-11T15:40:42,EaseMyTrip,DEL-BLR,DEL,BLR,T+1,2026-09-12,IndiGo,6E-176,13:15,16:10,02h 55m,ECONOMY,R,7895.0,1876.0,9771.0,11,Available
20260911_153936,2026-09-11T15:40:42,EaseMyTrip,DEL-BLR,DEL,BLR,T+1,2026-09-12,IndiGo,6E-850,12:20,15:20,03h 00m,ECONOMY,R,7895.0,1876.0,9771.0,12,Available
20260911_153936,2026-09-11T15:40:42,EaseMyTrip,DEL-BLR,DEL,BLR,T+1,2026-09-12,Air India,AI-2415,09:30,12:25,02h 55m,ECONOMY,L,8324.0,1918.0,10242.0,9,Available
20260911_153936,2026-09-11T15:40:42,EaseMyTrip,DEL-BLR,DEL,BLR,T+1,2026-09-12,IndiGo,6E-820,03:00,05:55,02h 55m,ECONOMY,R,8385.0,1900.0,10285.0,1,Available
20260911_153936,2026-09-11T15:41:01,EaseMyTrip,DEL-BLR,DEL,BLR,T+7,2026-09-18,Akasa Air,QP-1812,22:55,01:45,02h 50m,ECONOMY,U2,7774.0,1055.0,8829.0,9,Available
20260911_153936,2026-09-11T15:41:01,EaseMyTrip,DEL-BLR,DEL,BLR,T+7,2026-09-18,Akasa Air,QP-1350,21:55,00:50,02h 55m,ECONOMY,U2,7774.0,1055.0,8829.0,9,Available
20260911_153936,2026-09-11T15:41:01,EaseMyTrip,DEL-BLR,DEL,BLR,T+7,2026-09-18,IndiGo,6E-820,03:00,05:55,02h 55m,ECONOMY,R,6998.0,1831.0,8829.0,94,Available
20260911_153936,2026-09-11T15:41:01,EaseMyTrip,DEL-BLR,DEL,BLR,T+7,2026-09-18,IndiGo,6E-871,23:30,02:25,02h 55m,ECONOMY,R,6998.0,1831.0,8829.0,106,Available
20260911_153936,2026-09-11T15:41:01,EaseMyTrip,DEL-BLR,DEL,BLR,T+7,2026-09-18,IndiGo,6E-846,22:00,00:55,02h 55m,ECONOMY,R,6998.0,1831.0,8829.0,42,Available
20260911_153936,2026-09-11T15:41:01,EaseMyTrip,DEL-BLR,DEL,BLR,T+7,2026-09-18,IndiGo,6E-842,10:45,13:40,02h 55m,ECONOMY,R,6998.0,1831.0,8829.0,38,Available
20260911_153936,2026-09-11T15:41:01,EaseMyTrip,DEL-BLR,DEL,BLR,T+7,2026-09-18,IndiGo,6E-826,09:30,12:25,02h 55m,ECONOMY,R,6998.0,1831.0,8829.0,44,Available
20260911_153936,2026-09-11T15:41:01,EaseMyTrip,DEL-BLR,DEL,BLR,T+7,2026-09-18,IndiGo,6E-810,07:05,10:00,02h 55m,ECONOMY,R,6998.0,1831.0,8829.0,65,Available
20260911_153936,2026-09-11T15:41:01,EaseMyTrip,DEL-BLR,DEL,BLR,T+7,2026-09-18,IndiGo,6E-2314,05:45,08:40,02h 55m,ECONOMY,R,6998.0,1831.0,8829.0,77,Available
20260911_153936,2026-09-11T15:41:01,EaseMyTrip,DEL-BLR,DEL,BLR,T+7,2026-09-18,IndiGo,6E-850,12:20,15:20,03h 00m,ECONOMY,R,6998.0,1831.0,8829.0,37,Available
20260911_153936,2026-09-11T15:41:01,EaseMyTrip,DEL-BLR,DEL,BLR,T+7,2026-09-18,Akasa Air,QP-1308,20:55,23:50,02h 55m,ECONOMY,U1,7929.0,1063.0,8992.0,9,Available
20260911_153936,2026-09-11T15:41:01,EaseMyTrip,DEL-BLR,DEL,BLR,T+7,2026-09-18,Akasa Air,QP-1822,16:40,19:40,03h 00m,ECONOMY,U1,7929.0,1063.0,8992.0,9,Available
20260911_153936,2026-09-11T15:41:01,EaseMyTrip,DEL-BLR,DEL,BLR,T+7,2026-09-18,Air India,AI-2757,00:15,03:10,02h 55m,ECONOMY,T,7284.0,1866.0,9150.0,9,Available
20260911_153936,2026-09-11T15:41:01,EaseMyTrip,DEL-BLR,DEL,BLR,T+7,2026-09-18,Air India Express,IX-5975,21:00,23:55,02h 55m,ECONOMY,W,7409.0,1876.0,9285.0,9,Available
20260911_153936,2026-09-11T15:41:01,EaseMyTrip,DEL-BLR,DEL,BLR,T+7,2026-09-18,IndiGo,6E-873,08:20,11:10,02h 50m,ECONOMY,R,7433.0,1853.0,9286.0,22,Available
20260911_153936,2026-09-11T15:41:01,EaseMyTrip,DEL-BLR,DEL,BLR,T+7,2026-09-18,IndiGo,6E-6515,20:45,23:40,02h 55m,ECONOMY,R,7433.0,1853.0,9286.0,38,Available
20260911_153936,2026-09-11T15:41:01,EaseMyTrip,DEL-BLR,DEL,BLR,T+7,2026-09-18,IndiGo,6E-880,15:45,18:40,02h 55m,ECONOMY,R,7433.0,1853.0,9286.0,37,Available
20260911_153936,2026-09-11T15:41:01,EaseMyTrip,DEL-BLR,DEL,BLR,T+7,2026-09-18,IndiGo,6E-828,14:30,17:25,02h 55m,ECONOMY,R,7433.0,1853.0,9286.0,39,Available
20260911_153936,2026-09-11T15:41:01,EaseMyTrip,DEL-BLR,DEL,BLR,T+7,2026-09-18,IndiGo,6E-837,17:00,19:55,02h 55m,ECONOMY,R,7433.0,1853.0,9286.0,18,Available
20260911_153936,2026-09-11T15:41:01,EaseMyTrip,DEL-BLR,DEL,BLR,T+7,2026-09-18,IndiGo,6E-176,13:15,16:10,02h 55m,ECONOMY,R,7433.0,1853.0,9286.0,34,Available
20260911_153936,2026-09-11T15:41:01,EaseMyTrip,DEL-BLR,DEL,BLR,T+7,2026-09-18,Air India,AI-2653,04:30,07:20,02h 50m,ECONOMY,T,7427.0,1873.0,9300.0,9,Available
20260911_153936,2026-09-11T15:41:01,EaseMyTrip,DEL-BLR,DEL,BLR,T+7,2026-09-18,Air India,AI-427,08:30,11:20,02h 50m,ECONOMY,T,7427.0,1873.0,9300.0,9,Available
20260911_153936,2026-09-11T15:41:01,EaseMyTrip,DEL-BLR,DEL,BLR,T+7,2026-09-18,Air India,AI-2409,06:00,08:55,02h 55m,ECONOMY,T,7427.0,1873.0,9300.0,9,Available
20260911_153936,2026-09-11T15:41:01,EaseMyTrip,DEL-BLR,DEL,BLR,T+7,2026-09-18,Air India,AI-2803,06:30,09:25,02h 55m,ECONOMY,T,7427.0,1873.0,9300.0,9,Available
20260911_153936,2026-09-11T15:41:01,EaseMyTrip,DEL-BLR,DEL,BLR,T+7,2026-09-18,Air India,AI-2815,07:00,09:55,02h 55m,ECONOMY,T,7427.0,1873.0,9300.0,9,Available
20260911_153936,2026-09-11T15:41:01,EaseMyTrip,DEL-BLR,DEL,BLR,T+7,2026-09-18,Air India,AI-2485,10:30,13:20,02h 50m,ECONOMY,U,7862.0,1894.0,9756.0,9,Available
20260911_153936,2026-09-11T15:41:01,EaseMyTrip,DEL-BLR,DEL,BLR,T+7,2026-09-18,Air India,AI-2415,09:30,12:25,02h 55m,ECONOMY,U,7862.0,1894.0,9756.0,9,Available
20260911_153936,2026-09-11T15:41:01,EaseMyTrip,DEL-BLR,DEL,BLR,T+7,2026-09-18,IndiGo,6E-861,19:30,22:25,02h 55m,ECONOMY,R,7895.0,1876.0,9771.0,8,Available
20260911_153936,2026-09-11T15:41:01,EaseMyTrip,DEL-BLR,DEL,BLR,T+7,2026-09-18,Air India Express,IX-1070,18:20,21:15,02h 55m,ECONOMY,E,8028.0,1908.0,9936.0,9,Available
20260911_153936,2026-09-11T15:41:01,EaseMyTrip,DEL-BLR,DEL,BLR,T+7,2026-09-18,Air India,AI-2664,15:50,18:45,02h 55m,ECONOMY,L,8324.0,1918.0,10242.0,9,Available
20260911_153936,2026-09-11T15:41:01,EaseMyTrip,DEL-BLR,DEL,BLR,T+7,2026-09-18,IndiGo,6E-811,18:20,21:10,02h 50m,ECONOMY,R,8385.0,1900.0,10285.0,24,Available
20260911_153936,2026-09-11T15:41:01,EaseMyTrip,DEL-BLR,DEL,BLR,T+7,2026-09-18,Air India,AI-2819,15:00,17:55,02h 55m,ECONOMY,L,8491.0,1926.0,10417.0,9,Available
20260911_153936,2026-09-11T15:41:01,EaseMyTrip,DEL-BLR,DEL,BLR,T+7,2026-09-18,Air India,AI-2412,21:30,00:25,02h 55m,ECONOMY,L,8574.0,1930.0,10504.0,9,Available
20260911_153936,2026-09-11T15:41:01,EaseMyTrip,DEL-BLR,DEL,BLR,T+7,2026-09-18,Akasa Air,QP-1824,20:10,23:10,03h 00m,ECONOMY,R2,9476.0,1141.0,10617.0,9,Available
20260911_153936,2026-09-11T15:41:01,EaseMyTrip,DEL-BLR,DEL,BLR,T+7,2026-09-18,Air India,AI-2417,13:00,15:55,02h 55m,ECONOMY,G,8990.0,1951.0,10941.0,1,Available
20260911_153936,2026-09-11T15:41:01,EaseMyTrip,DEL-BLR,DEL,BLR,T+7,2026-09-18,Air India,AI-2817,16:30,19:15,02h 45m,ECONOMY,W,9334.0,1968.0,11302.0,4,Available
20260911_153936,2026-09-11T15:41:01,EaseMyTrip,DEL-BLR,DEL,BLR,T+7,2026-09-18,Air India,AI-2809,19:30,22:20,02h 50m,ECONOMY,W,9521.0,1977.0,11498.0,9,Available
20260911_153936,2026-09-11T15:41:01,EaseMyTrip,DEL-BLR,DEL,BLR,T+7,2026-09-18,Air India,AI-2512,19:00,21:55,02h 55m,ECONOMY,V,9889.0,1996.0,11885.0,9,Available
20260911_153936,2026-09-11T15:41:20,EaseMyTrip,DEL-BLR,DEL,BLR,T+15,2026-09-26,Akasa Air,QP-1812,22:55,01:45,02h 50m,ECONOMY,U2,7774.0,1055.0,8829.0,9,Available
20260911_153936,2026-09-11T15:41:20,EaseMyTrip,DEL-BLR,DEL,BLR,T+15,2026-09-26,IndiGo,6E-811,18:20,21:10,02h 50m,ECONOMY,R,6998.0,1831.0,8829.0,33,Available
20260911_153936,2026-09-11T15:41:20,EaseMyTrip,DEL-BLR,DEL,BLR,T+15,2026-09-26,Akasa Air,QP-1308,20:55,23:50,02h 55m,ECONOMY,U2,7774.0,1055.0,8829.0,9,Available
20260911_153936,2026-09-11T15:41:20,EaseMyTrip,DEL-BLR,DEL,BLR,T+15,2026-09-26,Akasa Air,QP-1350,21:55,00:50,02h 55m,ECONOMY,U2,7774.0,1055.0,8829.0,9,Available
20260911_153936,2026-09-11T15:41:20,EaseMyTrip,DEL-BLR,DEL,BLR,T+15,2026-09-26,IndiGo,6E-820,03:00,05:55,02h 55m,ECONOMY,R,6998.0,1831.0,8829.0,53,Available
20260911_153936,2026-09-11T15:41:20,EaseMyTrip,DEL-BLR,DEL,BLR,T+15,2026-09-26,IndiGo,6E-846,22:00,00:55,02h 55m,ECONOMY,R,6998.0,1831.0,8829.0,33,Available
20260911_153936,2026-09-11T15:41:20,EaseMyTrip,DEL-BLR,DEL,BLR,T+15,2026-09-26,IndiGo,6E-6515,20:45,23:40,02h 55m,ECONOMY,R,6998.0,1831.0,8829.0,39,Available
20260911_153936,2026-09-11T15:41:20,EaseMyTrip,DEL-BLR,DEL,BLR,T+15,2026-09-26,IndiGo,6E-837,17:00,19:55,02h 55m,ECONOMY,R,6998.0,1831.0,8829.0,15,Available
20260911_153936,2026-09-11T15:41:20,EaseMyTrip,DEL-BLR,DEL,BLR,T+15,2026-09-26,IndiGo,6E-810,07:05,10:00,02h 55m,ECONOMY,R,6998.0,1831.0,8829.0,43,Available
20260911_153936,2026-09-11T15:41:20,EaseMyTrip,DEL-BLR,DEL,BLR,T+15,2026-09-26,IndiGo,6E-2314,05:45,08:40,02h 55m,ECONOMY,R,6998.0,1831.0,8829.0,63,Available
20260911_153936,2026-09-11T15:41:20,EaseMyTrip,DEL-BLR,DEL,BLR,T+15,2026-09-26,Akasa Air,QP-1824,20:10,23:10,03h 00m,ECONOMY,U2,7774.0,1055.0,8829.0,9,Available
20260911_153936,2026-09-11T15:41:20,EaseMyTrip,DEL-BLR,DEL,BLR,T+15,2026-09-26,Air India Express,IX-1070,18:20,21:15,02h 55m,ECONOMY,H,7164.0,1864.0,9028.0,3,Available
20260911_153936,2026-09-11T15:41:20,EaseMyTrip,DEL-BLR,DEL,BLR,T+15,2026-09-26,IndiGo,6E-873,08:20,11:10,02h 50m,ECONOMY,R,7433.0,1853.0,9286.0,33,Available
20260911_153936,2026-09-11T15:41:20,EaseMyTrip,DEL-BLR,DEL,BLR,T+15,2026-09-26,IndiGo,6E-861,19:30,22:25,02h 55m,ECONOMY,R,7433.0,1853.0,9286.0,35,Available
20260911_153936,2026-09-11T15:41:20,EaseMyTrip,DEL-BLR,DEL,BLR,T+15,2026-09-26,IndiGo,6E-880,15:45,18:40,02h 55m,ECONOMY,R,7433.0,1853.0,9286.0,24,Available
20260911_153936,2026-09-11T15:41:20,EaseMyTrip,DEL-BLR,DEL,BLR,T+15,2026-09-26,IndiGo,6E-826,09:30,12:25,02h 55m,ECONOMY,R,7433.0,1853.0,9286.0,34,Available
20260911_153936,2026-09-11T15:41:20,EaseMyTrip,DEL-BLR,DEL,BLR,T+15,2026-09-26,Air India,AI-2409,06:00,08:55,02h 55m,ECONOMY,T,7427.0,1873.0,9300.0,9,Available
20260911_153936,2026-09-11T15:41:20,EaseMyTrip,DEL-BLR,DEL,BLR,T+15,2026-09-26,Air India,AI-2803,06:30,09:25,02h 55m,ECONOMY,T,7427.0,1873.0,9300.0,9,Available
20260911_153936,2026-09-11T15:41:20,EaseMyTrip,DEL-BLR,DEL,BLR,T+15,2026-09-26,Air India,AI-2757,00:15,03:10,02h 55m,ECONOMY,U,7719.0,1887.0,9606.0,9,Available
20260911_153936,2026-09-11T15:41:20,EaseMyTrip,DEL-BLR,DEL,BLR,T+15,2026-09-26,Air India,AI-2653,04:30,07:20,02h 50m,ECONOMY,U,7862.0,1894.0,9756.0,9,Available
20260911_153936,2026-09-11T15:41:20,EaseMyTrip,DEL-BLR,DEL,BLR,T+15,2026-09-26,Air India,AI-2815,07:00,09:55,02h 55m,ECONOMY,U,7862.0,1894.0,9756.0,9,Available
20260911_153936,2026-09-11T15:41:20,EaseMyTrip,DEL-BLR,DEL,BLR,T+15,2026-09-26,Air India,AI-2487,18:30,21:25,02h 55m,ECONOMY,U,7862.0,1894.0,9756.0,9,Available
20260911_153936,2026-09-11T15:41:20,EaseMyTrip,DEL-BLR,DEL,BLR,T+15,2026-09-26,Air India,AI-2512,19:00,21:55,02h 55m,ECONOMY,U,7862.0,1894.0,9756.0,9,Available
20260911_153936,2026-09-11T15:41:20,EaseMyTrip,DEL-BLR,DEL,BLR,T+15,2026-09-26,Air India,AI-2412,21:30,00:25,02h 55m,ECONOMY,U,7862.0,1894.0,9756.0,1,Available
20260911_153936,2026-09-11T15:41:20,EaseMyTrip,DEL-BLR,DEL,BLR,T+15,2026-09-26,IndiGo,6E-828,14:30,17:25,02h 55m,ECONOMY,R,7895.0,1876.0,9771.0,37,Available
20260911_153936,2026-09-11T15:41:20,EaseMyTrip,DEL-BLR,DEL,BLR,T+15,2026-09-26,IndiGo,6E-842,10:45,13:40,02h 55m,ECONOMY,R,7895.0,1876.0,9771.0,38,Available
20260911_153936,2026-09-11T15:41:20,EaseMyTrip,DEL-BLR,DEL,BLR,T+15,2026-09-26,IndiGo,6E-176,13:15,16:10,02h 55m,ECONOMY,R,7895.0,1876.0,9771.0,32,Available
20260911_153936,2026-09-11T15:41:20,EaseMyTrip,DEL-BLR,DEL,BLR,T+15,2026-09-26,IndiGo,6E-850,12:20,15:20,03h 00m,ECONOMY,R,7895.0,1876.0,9771.0,28,Available
20260911_153936,2026-09-11T15:41:20,EaseMyTrip,DEL-BLR,DEL,BLR,T+15,2026-09-26,Akasa Air,QP-1822,16:40,19:40,03h 00m,ECONOMY,R4,9108.0,1123.0,10231.0,9,Available
20260911_153936,2026-09-11T15:41:20,EaseMyTrip,DEL-BLR,DEL,BLR,T+15,2026-09-26,Air India,AI-2817,16:30,19:15,02h 45m,ECONOMY,L,8324.0,1918.0,10242.0,9,Available
20260911_153936,2026-09-11T15:41:20,EaseMyTrip,DEL-BLR,DEL,BLR,T+15,2026-09-26,Air India,AI-2809,19:30,22:20,02h 50m,ECONOMY,L,8324.0,1918.0,10242.0,9,Available
20260911_153936,2026-09-11T15:41:20,EaseMyTrip,DEL-BLR,DEL,BLR,T+15,2026-09-26,Air India,AI-2415,09:30,12:25,02h 55m,ECONOMY,L,8324.0,1918.0,10242.0,9,Available
20260911_153936,2026-09-11T15:41:20,EaseMyTrip,DEL-BLR,DEL,BLR,T+15,2026-09-26,Air India,AI-2664,15:50,18:45,02h 55m,ECONOMY,L,8324.0,1918.0,10242.0,9,Available
20260911_153936,2026-09-11T15:41:20,EaseMyTrip,DEL-BLR,DEL,BLR,T+15,2026-09-26,Air India,AI-427,08:30,11:20,02h 50m,ECONOMY,L,8491.0,1926.0,10417.0,9,Available
20260911_153936,2026-09-11T15:41:20,EaseMyTrip,DEL-BLR,DEL,BLR,T+15,2026-09-26,Air India,AI-2819,15:00,17:55,02h 55m,ECONOMY,L,8491.0,1926.0,10417.0,9,Available
20260911_153936,2026-09-11T15:41:20,EaseMyTrip,DEL-BLR,DEL,BLR,T+15,2026-09-26,Air India,AI-2485,10:30,13:20,02h 50m,ECONOMY,L,8657.0,1934.0,10591.0,9,Available
20260911_153936,2026-09-11T15:41:52,EaseMyTrip,BOM-BLR,BOM,BLR,T+1,2026-09-12,Akasa Air,QP-1518,21:45,23:45,02h 00m,ECONOMY,Q2,7056.0,1074.0,8130.0,8,Available
20260911_153936,2026-09-11T15:41:52,EaseMyTrip,BOM-BLR,BOM,BLR,T+1,2026-09-12,Air India,AI-2865,19:45,21:50,02h 05m,ECONOMY,Q,7341.0,1556.0,8897.0,9,Available
20260911_153936,2026-09-11T15:41:52,EaseMyTrip,BOM-BLR,BOM,BLR,T+1,2026-09-12,IndiGo,6E-5388,22:20,00:20,02h 00m,ECONOMY,R,7563.0,1494.0,9057.0,3,Available
20260911_153936,2026-09-11T15:41:52,EaseMyTrip,BOM-BLR,BOM,BLR,T+1,2026-09-12,Air India,AI-2641,18:30,20:35,02h 05m,ECONOMY,Q,7635.0,1571.0,9206.0,9,Available
20260911_153936,2026-09-11T15:41:52,EaseMyTrip,BOM-BLR,BOM,BLR,T+1,2026-09-12,IndiGo,6E-6188,21:30,23:25,01h 55m,ECONOMY,R,8063.0,1519.0,9582.0,2,Available
20260911_153936,2026-09-11T15:41:52,EaseMyTrip,BOM-BLR,BOM,BLR,T+1,2026-09-12,Air India,AI-2401,20:45,22:45,02h 00m,ECONOMY,K,9100.0,1644.0,10744.0,2,Available
20260911_153936,2026-09-11T15:41:52,EaseMyTrip,BOM-BLR,BOM,BLR,T+1,2026-09-12,Air India,AI-2849,17:30,19:35,02h 05m,ECONOMY,K,9464.0,1662.0,11126.0,9,Available
20260911_153936,2026-09-11T15:41:52,EaseMyTrip,BOM-BLR,BOM,BLR,T+1,2026-09-12,Akasa Air,QP-1382,18:25,20:20,01h 55m,ECONOMY,O4,10096.0,1226.0,11322.0,8,Available
20260911_153936,2026-09-11T15:41:52,EaseMyTrip,BOM-BLR,BOM,BLR,T+1,2026-09-12,IndiGo,6E-5047,18:30,20:25,01h 55m,ECONOMY,R,9763.0,1604.0,11367.0,1,Available
20260911_153936,2026-09-11T15:41:52,EaseMyTrip,BOM-BLR,BOM,BLR,T+1,2026-09-12,IndiGo,6E-5071,15:35,17:25,01h 50m,ECONOMY,R,10463.0,1639.0,12102.0,2,Available
20260911_153936,2026-09-11T15:41:52,EaseMyTrip,BOM-BLR,BOM,BLR,T+1,2026-09-12,IndiGo,6E-5221,17:00,18:55,01h 55m,ECONOMY,R,10463.0,1639.0,12102.0,3,Available
20260911_153936,2026-09-11T15:41:52,EaseMyTrip,BOM-BLR,BOM,BLR,T+1,2026-09-12,Air India,AI-2857,23:30,01:35,02h 05m,ECONOMY,H,10900.0,1734.0,12634.0,1,Available
20260911_153936,2026-09-11T15:41:52,EaseMyTrip,BOM-BLR,BOM,BLR,T+1,2026-09-12,IndiGo,6E-5382,14:30,16:25,01h 55m,ECONOMY,R,11163.0,1674.0,12837.0,1,Available
20260911_153936,2026-09-11T15:41:52,EaseMyTrip,BOM-BLR,BOM,BLR,T+1,2026-09-12,Akasa Air,QP-1133,19:40,21:45,02h 05m,ECONOMY,N4,12630.0,1354.0,13984.0,8,Available
20260911_153936,2026-09-11T15:41:52,EaseMyTrip,BOM-BLR,BOM,BLR,T+1,2026-09-12,IndiGo,6E-5184,12:30,14:25,01h 55m,ECONOMY,R,12763.0,1754.0,14517.0,6,Available
20260911_153936,2026-09-11T15:41:52,EaseMyTrip,BOM-BLR,BOM,BLR,T+1,2026-09-12,IndiGo,6E-5217,11:00,12:55,01h 55m,ECONOMY,R,12763.0,1754.0,14517.0,1,Available
20260911_153936,2026-09-11T15:41:52,EaseMyTrip,BOM-BLR,BOM,BLR,T+1,2026-09-12,Air India,AI-2812,02:05,04:10,02h 05m,ECONOMY,M,12700.0,1824.0,14524.0,1,Available
20260911_153936,2026-09-11T15:41:52,EaseMyTrip,BOM-BLR,BOM,BLR,T+1,2026-09-12,Akasa Air,QP-1527,07:35,09:35,02h 00m,ECONOMY,N3,13209.0,1382.0,14591.0,7,Available
20260911_153936,2026-09-11T15:41:52,EaseMyTrip,BOM-BLR,BOM,BLR,T+1,2026-09-12,IndiGo,6E-5092,09:50,11:55,02h 05m,ECONOMY,R,13763.0,1804.0,15567.0,1,Available
20260911_153936,2026-09-11T15:41:52,EaseMyTrip,BOM-BLR,BOM,BLR,T+1,2026-09-12,Akasa Air,QP-1516,00:35,02:25,01h 50m,ECONOMY,N1,14446.0,1444.0,15890.0,9,Available
20260911_153936,2026-09-11T15:41:52,EaseMyTrip,BOM-BLR,BOM,BLR,T+1,2026-09-12,IndiGo,6E-5193,08:05,09:55,01h 50m,ECONOMY,R,14963.0,1864.0,16827.0,3,Available
20260911_153936,2026-09-11T15:41:52,EaseMyTrip,BOM-BLR,BOM,BLR,T+1,2026-09-12,IndiGo,6E-5323,01:10,03:05,01h 55m,ECONOMY,R,14963.0,1864.0,16827.0,1,Available
20260911_153936,2026-09-11T15:41:52,EaseMyTrip,BOM-BLR,BOM,BLR,T+1,2026-09-12,IndiGo,6E-5296,06:30,08:25,01h 55m,ECONOMY,R,14963.0,1864.0,16827.0,4,Available
20260911_153936,2026-09-11T15:41:52,EaseMyTrip,BOM-BLR,BOM,BLR,T+1,2026-09-12,IndiGo,6E-5294,04:30,06:25,01h 55m,ECONOMY,R,14963.0,1864.0,16827.0,4,Available
20260911_153936,2026-09-11T15:41:52,EaseMyTrip,BOM-BLR,BOM,BLR,T+1,2026-09-12,Air India,AI-2632,12:00,14:05,02h 05m,ECONOMY,B,15346.0,1956.0,17302.0,3,Available
20260911_153936,2026-09-11T15:41:52,EaseMyTrip,BOM-BLR,BOM,BLR,T+1,2026-09-12,Air India,AI-2863,10:00,12:05,02h 05m,ECONOMY,B,15647.0,1971.0,17618.0,1,Available
20260911_153936,2026-09-11T15:41:52,EaseMyTrip,BOM-BLR,BOM,BLR,T+1,2026-09-12,Air India,AI-2410,05:30,07:35,02h 05m,ECONOMY,Y,17331.0,2055.0,19386.0,5,Available
20260911_153936,2026-09-11T15:41:52,EaseMyTrip,BOM-BLR,BOM,BLR,T+1,2026-09-12,Air India,AI-2853,15:25,17:35,02h 10m,ECONOMY,Y,17678.0,2073.0,19751.0,4,Available
20260911_153936,2026-09-11T15:42:01,EaseMyTrip,BOM-BLR,BOM,BLR,T+7,2026-09-18,Akasa Air,QP-1384,23:10,01:05,01h 55m,ECONOMY,R1,5898.0,1016.0,6914.0,8,Available
20260911_153936,2026-09-11T15:42:01,EaseMyTrip,BOM-BLR,BOM,BLR,T+7,2026-09-18,Akasa Air,QP-1518,21:45,23:45,02h 00m,ECONOMY,R1,5898.0,1016.0,6914.0,8,Available
20260911_153936,2026-09-11T15:42:01,EaseMyTrip,BOM-BLR,BOM,BLR,T+7,2026-09-18,Air India,AI-2857,23:30,01:35,02h 05m,ECONOMY,L,5582.0,1468.0,7050.0,9,Available
20260911_153936,2026-09-11T15:42:01,EaseMyTrip,BOM-BLR,BOM,BLR,T+7,2026-09-18,IndiGo,6E-5071,15:35,17:25,01h 50m,ECONOMY,R,5663.0,1399.0,7062.0,5,Available
20260911_153936,2026-09-11T15:42:01,EaseMyTrip,BOM-BLR,BOM,BLR,T+7,2026-09-18,IndiGo,6E-6188,21:30,23:25,01h 55m,ECONOMY,R,5663.0,1399.0,7062.0,5,Available
20260911_153936,2026-09-11T15:42:01,EaseMyTrip,BOM-BLR,BOM,BLR,T+7,2026-09-18,IndiGo,6E-5184,12:30,14:25,01h 55m,ECONOMY,R,5663.0,1399.0,7062.0,10,Available
20260911_153936,2026-09-11T15:42:01,EaseMyTrip,BOM-BLR,BOM,BLR,T+7,2026-09-18,IndiGo,6E-5217,11:00,12:55,01h 55m,ECONOMY,R,5663.0,1399.0,7062.0,5,Available
20260911_153936,2026-09-11T15:42:01,EaseMyTrip,BOM-BLR,BOM,BLR,T+7,2026-09-18,IndiGo,6E-5296,06:30,08:25,01h 55m,ECONOMY,R,5663.0,1399.0,7062.0,95,Available
20260911_153936,2026-09-11T15:42:01,EaseMyTrip,BOM-BLR,BOM,BLR,T+7,2026-09-18,IndiGo,6E-5388,22:20,00:20,02h 00m,ECONOMY,R,5663.0,1399.0,7062.0,61,Available
20260911_153936,2026-09-11T15:42:01,EaseMyTrip,BOM-BLR,BOM,BLR,T+7,2026-09-18,IndiGo,6E-5092,09:50,11:55,02h 05m,ECONOMY,R,5663.0,1399.0,7062.0,6,Available
20260911_153936,2026-09-11T15:42:01,EaseMyTrip,BOM-BLR,BOM,BLR,T+7,2026-09-18,IndiGo,6E-5193,08:05,09:55,01h 50m,ECONOMY,R,5963.0,1414.0,7377.0,73,Available
20260911_153936,2026-09-11T15:42:01,EaseMyTrip,BOM-BLR,BOM,BLR,T+7,2026-09-18,IndiGo,6E-5382,14:30,16:25,01h 55m,ECONOMY,R,5963.0,1414.0,7377.0,88,Available
20260911_153936,2026-09-11T15:42:01,EaseMyTrip,BOM-BLR,BOM,BLR,T+7,2026-09-18,IndiGo,6E-5221,17:00,18:55,01h 55m,ECONOMY,R,5963.0,1414.0,7377.0,1,Available
20260911_153936,2026-09-11T15:42:01,EaseMyTrip,BOM-BLR,BOM,BLR,T+7,2026-09-18,Air India,AI-2603,06:35,08:35,02h 00m,ECONOMY,L,5941.0,1486.0,7427.0,9,Available
20260911_153936,2026-09-11T15:42:01,EaseMyTrip,BOM-BLR,BOM,BLR,T+7,2026-09-18,Air India,AI-2853,15:25,17:35,02h 10m,ECONOMY,L,5941.0,1486.0,7427.0,9,Available
20260911_153936,2026-09-11T15:42:01,EaseMyTrip,BOM-BLR,BOM,BLR,T+7,2026-09-18,Akasa Air,QP-1527,07:35,09:35,02h 00m,ECONOMY,Q4,6451.0,1044.0,7495.0,8,Available
20260911_153936,2026-09-11T15:42:01,EaseMyTrip,BOM-BLR,BOM,BLR,T+7,2026-09-18,Air India,AI-2863,10:00,12:05,02h 05m,ECONOMY,L,6179.0,1498.0,7677.0,9,Available
20260911_153936,2026-09-11T15:42:01,EaseMyTrip,BOM-BLR,BOM,BLR,T+7,2026-09-18,Air India,AI-2632,12:00,14:05,02h 05m,ECONOMY,G,6241.0,1501.0,7742.0,2,Available
20260911_153936,2026-09-11T15:42:01,EaseMyTrip,BOM-BLR,BOM,BLR,T+7,2026-09-18,Air India,AI-2851,07:55,10:05,02h 10m,ECONOMY,L,6298.0,1504.0,7802.0,9,Available
20260911_153936,2026-09-11T15:42:01,EaseMyTrip,BOM-BLR,BOM,BLR,T+7,2026-09-18,Air India,AI-2849,17:30,19:35,02h 05m,ECONOMY,G,6491.0,1513.0,8004.0,9,Available
20260911_153936,2026-09-11T15:42:01,EaseMyTrip,BOM-BLR,BOM,BLR,T+7,2026-09-18,IndiGo,6E-5047,18:30,20:25,01h 55m,ECONOMY,R,7563.0,1494.0,9057.0,2,Available
20260911_153936,2026-09-11T15:42:01,EaseMyTrip,BOM-BLR,BOM,BLR,T+7,2026-09-18,Air India,AI-2401,20:45,22:45,02h 00m,ECONOMY,Q,7708.0,1574.0,9282.0,6,Available
20260911_153936,2026-09-11T15:42:01,EaseMyTrip,BOM-BLR,BOM,BLR,T+7,2026-09-18,Air India,AI-2865,19:45,21:50,02h 05m,ECONOMY,Q,7708.0,1574.0,9282.0,9,Available
20260911_153936,2026-09-11T15:42:17,EaseMyTrip,BOM-BLR,BOM,BLR,T+15,2026-09-26,Akasa Air,QP-1518,21:45,23:45,02h 00m,ECONOMY,R1,5898.0,1016.0,6914.0,8,Available
20260911_153936,2026-09-11T15:42:17,EaseMyTrip,BOM-BLR,BOM,BLR,T+15,2026-09-26,IndiGo,6E-5193,08:05,09:55,01h 50m,ECONOMY,R,5663.0,1399.0,7062.0,1,Available
20260911_153936,2026-09-11T15:42:17,EaseMyTrip,BOM-BLR,BOM,BLR,T+15,2026-09-26,IndiGo,6E-5047,18:30,20:25,01h 55m,ECONOMY,R,5663.0,1399.0,7062.0,19,Available
20260911_153936,2026-09-11T15:42:17,EaseMyTrip,BOM-BLR,BOM,BLR,T+15,2026-09-26,IndiGo,6E-5382,14:30,16:25,01h 55m,ECONOMY,R,5663.0,1399.0,7062.0,5,Available
20260911_153936,2026-09-11T15:42:17,EaseMyTrip,BOM-BLR,BOM,BLR,T+15,2026-09-26,IndiGo,6E-5184,12:30,14:25,01h 55m,ECONOMY,R,5663.0,1399.0,7062.0,6,Available
20260911_153936,2026-09-11T15:42:17,EaseMyTrip,BOM-BLR,BOM,BLR,T+15,2026-09-26,IndiGo,6E-5221,17:00,18:55,01h 55m,ECONOMY,R,5663.0,1399.0,7062.0,7,Available
20260911_153936,2026-09-11T15:42:17,EaseMyTrip,BOM-BLR,BOM,BLR,T+15,2026-09-26,IndiGo,6E-5296,06:30,08:25,01h 55m,ECONOMY,R,5663.0,1399.0,7062.0,94,Available
20260911_153936,2026-09-11T15:42:17,EaseMyTrip,BOM-BLR,BOM,BLR,T+15,2026-09-26,IndiGo,6E-5388,22:20,00:20,02h 00m,ECONOMY,R,5663.0,1399.0,7062.0,105,Available
20260911_153936,2026-09-11T15:42:17,EaseMyTrip,BOM-BLR,BOM,BLR,T+15,2026-09-26,IndiGo,6E-5092,09:50,11:55,02h 05m,ECONOMY,R,5663.0,1399.0,7062.0,5,Available
20260911_153936,2026-09-11T15:42:17,EaseMyTrip,BOM-BLR,BOM,BLR,T+15,2026-09-26,Akasa Air,QP-1382,18:25,20:20,01h 55m,ECONOMY,R0,6169.0,1030.0,7199.0,8,Available
20260911_153936,2026-09-11T15:42:17,EaseMyTrip,BOM-BLR,BOM,BLR,T+15,2026-09-26,Akasa Air,QP-1527,07:35,09:35,02h 00m,ECONOMY,R0,6169.0,1030.0,7199.0,8,Available
20260911_153936,2026-09-11T15:42:17,EaseMyTrip,BOM-BLR,BOM,BLR,T+15,2026-09-26,IndiGo,6E-5071,15:35,17:25,01h 50m,ECONOMY,R,5963.0,1414.0,7377.0,41,Available
20260911_153936,2026-09-11T15:42:17,EaseMyTrip,BOM-BLR,BOM,BLR,T+15,2026-09-26,IndiGo,6E-6188,21:30,23:25,01h 55m,ECONOMY,R,5963.0,1414.0,7377.0,70,Available
20260911_153936,2026-09-11T15:42:17,EaseMyTrip,BOM-BLR,BOM,BLR,T+15,2026-09-26,Air India,AI-2603,06:35,08:35,02h 00m,ECONOMY,L,5941.0,1486.0,7427.0,9,Available
20260911_153936,2026-09-11T15:42:17,EaseMyTrip,BOM-BLR,BOM,BLR,T+15,2026-09-26,Air India,AI-2401,20:45,22:45,02h 00m,ECONOMY,L,5941.0,1486.0,7427.0,9,Available
20260911_153936,2026-09-11T15:42:17,EaseMyTrip,BOM-BLR,BOM,BLR,T+15,2026-09-26,Air India,AI-2865,19:45,21:50,02h 05m,ECONOMY,L,5941.0,1486.0,7427.0,9,Available
20260911_153936,2026-09-11T15:42:17,EaseMyTrip,BOM-BLR,BOM,BLR,T+15,2026-09-26,Air India,AI-2853,15:25,17:35,02h 10m,ECONOMY,L,6060.0,1492.0,7552.0,9,Available
20260911_153936,2026-09-11T15:42:17,EaseMyTrip,BOM-BLR,BOM,BLR,T+15,2026-09-26,Air India,AI-2849,17:30,19:35,02h 05m,ECONOMY,L,6179.0,1498.0,7677.0,9,Available
20260911_153936,2026-09-11T15:42:17,EaseMyTrip,BOM-BLR,BOM,BLR,T+15,2026-09-26,Air India,AI-2641,18:30,20:35,02h 05m,ECONOMY,L,6179.0,1498.0,7677.0,9,Available
20260911_153936,2026-09-11T15:42:17,EaseMyTrip,BOM-BLR,BOM,BLR,T+15,2026-09-26,IndiGo,6E-5217,11:00,12:55,01h 55m,ECONOMY,R,6263.0,1429.0,7692.0,72,Available
20260911_153936,2026-09-11T15:42:17,EaseMyTrip,BOM-BLR,BOM,BLR,T+15,2026-09-26,Air India,AI-2851,07:55,10:05,02h 10m,ECONOMY,L,6298.0,1504.0,7802.0,9,Available
20260911_153936,2026-09-11T15:42:17,EaseMyTrip,BOM-BLR,BOM,BLR,T+15,2026-09-26,Air India,AI-2863,10:00,12:05,02h 05m,ECONOMY,G,6491.0,1513.0,8004.0,7,Available
20260911_153936,2026-09-11T15:42:17,EaseMyTrip,BOM-BLR,BOM,BLR,T+15,2026-09-26,Akasa Air,QP-1133,19:40,21:45,02h 05m,ECONOMY,Q2,7056.0,1074.0,8130.0,8,Available
20260911_153936,2026-09-11T15:42:17,EaseMyTrip,BOM-BLR,BOM,BLR,T+15,2026-09-26,Air India,AI-2632,12:00,14:05,02h 05m,ECONOMY,W,6672.0,1522.0,8194.0,4,Available
20260911_154545,2026-09-11T15:46:11,EaseMyTrip,DEL-BOM,DEL,BOM,T+1,2026-09-12,Akasa Air,QP-1820,17:30,19:45,02h 15m,ECONOMY,U1,5640.0,890.0,6530.0,9,Available
20260911_154545,2026-09-11T15:46:11,EaseMyTrip,DEL-BOM,DEL,BOM,T+1,2026-09-12,IndiGo,6E-322,23:30,01:45,02h 15m,ECONOMY,R,5065.0,1465.0,6530.0,34,Available
20260911_154545,2026-09-11T15:46:11,EaseMyTrip,DEL-BOM,DEL,BOM,T+1,2026-09-12,IndiGo,6E-329,18:00,20:15,02h 15m,ECONOMY,R,5065.0,1465.0,6530.0,37,Available
20260911_154545,2026-09-11T15:46:11,EaseMyTrip,DEL-BOM,DEL,BOM,T+1,2026-09-12,IndiGo,6E-6706,17:00,19:15,02h 15m,ECONOMY,R,5065.0,1465.0,6530.0,24,Available
20260911_154545,2026-09-11T15:46:11,EaseMyTrip,DEL-BOM,DEL,BOM,T+1,2026-09-12,IndiGo,6E-864,15:30,17:45,02h 15m,ECONOMY,R,5065.0,1465.0,6530.0,3,Available
20260911_154545,2026-09-11T15:46:11,EaseMyTrip,DEL-BOM,DEL,BOM,T+1,2026-09-12,IndiGo,6E-6318,14:45,17:00,02h 15m,ECONOMY,R,5065.0,1465.0,6530.0,45,Available
20260911_154545,2026-09-11T15:46:11,EaseMyTrip,DEL-BOM,DEL,BOM,T+1,2026-09-12,IndiGo,6E-6218,06:05,08:20,02h 15m,ECONOMY,R,5065.0,1465.0,6530.0,18,Available
20260911_154545,2026-09-11T15:46:11,EaseMyTrip,DEL-BOM,DEL,BOM,T+1,2026-09-12,IndiGo,6E-6814,07:15,09:30,02h 15m,ECONOMY,R,5065.0,1465.0,6530.0,31,Available
20260911_154545,2026-09-11T15:46:11,EaseMyTrip,DEL-BOM,DEL,BOM,T+1,2026-09-12,Akasa Air,QP-1128,16:00,18:20,02h 20m,ECONOMY,U1,5640.0,890.0,6530.0,9,Available
20260911_154545,2026-09-11T15:46:11,EaseMyTrip,DEL-BOM,DEL,BOM,T+1,2026-09-12,IndiGo,6E-6114,22:45,01:05,02h 20m,ECONOMY,R,5065.0,1465.0,6530.0,94,Available
20260911_154545,2026-09-11T15:46:11,EaseMyTrip,DEL-BOM,DEL,BOM,T+1,2026-09-12,IndiGo,6E-395,21:45,00:05,02h 20m,ECONOMY,R,5065.0,1465.0,6530.0,43,Available
20260911_154545,2026-09-11T15:46:11,EaseMyTrip,DEL-BOM,DEL,BOM,T+1,2026-09-12,IndiGo,6E-327,16:15,18:35,02h 20m,ECONOMY,R,5065.0,1465.0,6530.0,44,Available
20260911_154545,2026-09-11T15:46:11,EaseMyTrip,DEL-BOM,DEL,BOM,T+1,2026-09-12,Akasa Air,QP-1119,08:40,11:05,02h 25m,ECONOMY,U1,5640.0,890.0,6530.0,9,Available
20260911_154545,2026-09-11T15:46:11,EaseMyTrip,DEL-BOM,DEL,BOM,T+1,2026-09-12,Akasa Air,QP-1826,19:55,22:20,02h 25m,ECONOMY,U1,5640.0,890.0,6530.0,9,Available
20260911_154545,2026-09-11T15:46:11,EaseMyTrip,DEL-BOM,DEL,BOM,T+1,2026-09-12,IndiGo,6E-354,19:00,21:25,02h 25m,ECONOMY,R,5065.0,1465.0,6530.0,6,Available
20260911_154545,2026-09-11T15:46:11,EaseMyTrip,DEL-BOM,DEL,BOM,T+1,2026-09-12,IndiGo,6E-6022,14:00,16:25,02h 25m,ECONOMY,R,5065.0,1465.0,6530.0,27,Available
20260911_154545,2026-09-11T15:46:11,EaseMyTrip,DEL-BOM,DEL,BOM,T+1,2026-09-12,Air India Express,IX-1235,23:25,01:50,02h 25m,ECONOMY,H,5191.0,1497.0,6688.0,9,Available
20260911_154545,2026-09-11T15:46:11,EaseMyTrip,DEL-BOM,DEL,BOM,T+1,2026-09-12,Akasa Air,QP-1112,09:20,11:40,02h 20m,ECONOMY,U0,5715.0,894.0,6609.0,9,Available
20260911_154545,2026-09-11T15:46:11,EaseMyTrip,DEL-BOM,DEL,BOM,T+1,2026-09-12,IndiGo,6E-303,20:00,22:10,02h 10m,ECONOMY,R,5215.0,1473.0,6688.0,4,Available
20260911_154545,2026-09-11T15:46:11,EaseMyTrip,DEL-BOM,DEL,BOM,T+1,2026-09-12,IndiGo,6E-320,08:00,10:20,02h 20m,ECONOMY,R,5215.0,1473.0,6688.0,27,Available
20260911_154545,2026-09-11T15:46:11,EaseMyTrip,DEL-BOM,DEL,BOM,T+1,2026-09-12,IndiGo,6E-6107,09:30,11:55,02h 25m,ECONOMY,R,5215.0,1473.0,6688.0,5,Available
20260911_154545,2026-09-11T15:46:11,EaseMyTrip,DEL-BOM,DEL,BOM,T+1,2026-09-12,Akasa Air,QP-1833,06:50,09:10,02h 20m,ECONOMY,T4,5829.0,900.0,6729.0,9,Available
20260911_154545,2026-09-11T15:46:11,EaseMyTrip,DEL-BOM,DEL,BOM,T+1,2026-09-12,Air India,AI-1745,05:00,07:20,02h 20m,ECONOMY,S,5236.0,1494.0,6730.0,3,Available
20260911_154545,2026-09-11T15:46:11,EaseMyTrip,DEL-BOM,DEL,BOM,T+1,2026-09-12,Air India,AI-2439,23:00,01:25,02h 25m,ECONOMY,S,5236.0,1494.0,6730.0,9,Available
20260911_154545,2026-09-11T15:46:11,EaseMyTrip,DEL-BOM,DEL,BOM,T+1,2026-09-12,IndiGo,6E-449,05:00,07:15,02h 15m,ECONOMY,R,5415.0,1483.0,6898.0,1,Available
20260911_154545,2026-09-11T15:46:11,EaseMyTrip,DEL-BOM,DEL,BOM,T+1,2026-09-12,IndiGo,6E-675,08:45,11:00,02h 15m,ECONOMY,R,5415.0,1483.0,6898.0,9,Available
20260911_154545,2026-09-11T15:46:11,EaseMyTrip,DEL-BOM,DEL,BOM,T+1,2026-09-12,IndiGo,6E-6047,11:00,13:15,02h 15m,ECONOMY,R,5415.0,1483.0,6898.0,3,Available
20260911_154545,2026-09-11T15:46:11,EaseMyTrip,DEL-BOM,DEL,BOM,T+1,2026-09-12,IndiGo,6E-6328,10:15,12:35,02h 20m,ECONOMY,R,5415.0,1483.0,6898.0,10,Available
20260911_154545,2026-09-11T15:46:11,EaseMyTrip,DEL-BOM,DEL,BOM,T+1,2026-09-12,Akasa Air,QP-1110,10:30,12:45,02h 15m,ECONOMY,T2,6065.0,912.0,6977.0,9,Available
20260911_154545,2026-09-11T15:46:11,EaseMyTrip,DEL-BOM,DEL,BOM,T+1,2026-09-12,Air India,AI-865,08:55,11:10,02h 15m,ECONOMY,S,5493.0,1507.0,7000.0,9,Available
20260911_154545,2026-09-11T15:46:11,EaseMyTrip,DEL-BOM,DEL,BOM,T+1,2026-09-12,Air India,AI-2975,06:30,08:50,02h 20m,ECONOMY,S,5493.0,1507.0,7000.0,9,Available
20260911_154545,2026-09-11T15:46:11,EaseMyTrip,DEL-BOM,DEL,BOM,T+1,2026-09-12,Air India,AI-2941,16:30,18:50,02h 20m,ECONOMY,S,5493.0,1507.0,7000.0,9,Available
20260911_154545,2026-09-11T15:46:11,EaseMyTrip,DEL-BOM,DEL,BOM,T+1,2026-09-12,Air India,AI-2981,21:00,23:20,02h 20m,ECONOMY,S,5493.0,1507.0,7000.0,9,Available
20260911_154545,2026-09-11T15:46:11,EaseMyTrip,DEL-BOM,DEL,BOM,T+1,2026-09-12,Air India,AI-1777,16:00,18:25,02h 25m,ECONOMY,S,5493.0,1507.0,7000.0,9,Available
20260911_154545,2026-09-11T15:46:11,EaseMyTrip,DEL-BOM,DEL,BOM,T+1,2026-09-12,Air India,AI-441,17:00,19:25,02h 25m,ECONOMY,S,5493.0,1507.0,7000.0,9,Available
20260911_154545,2026-09-11T15:46:11,EaseMyTrip,DEL-BOM,DEL,BOM,T+1,2026-09-12,Air India,AI-2955,18:00,20:25,02h 25m,ECONOMY,S,5493.0,1507.0,7000.0,9,Available
20260911_154545,2026-09-11T15:46:11,EaseMyTrip,DEL-BOM,DEL,BOM,T+1,2026-09-12,Air India,AI-2977,19:00,21:25,02h 25m,ECONOMY,S,5493.0,1507.0,7000.0,9,Available
20260911_154545,2026-09-11T15:46:11,EaseMyTrip,DEL-BOM,DEL,BOM,T+1,2026-09-12,Air India,AI-2985,19:30,21:55,02h 25m,ECONOMY,S,5493.0,1507.0,7000.0,9,Available
20260911_154545,2026-09-11T15:46:11,EaseMyTrip,DEL-BOM,DEL,BOM,T+1,2026-09-12,Air India,AI-2433,21:30,23:55,02h 25m,ECONOMY,S,5493.0,1507.0,7000.0,9,Available
20260911_154545,2026-09-11T15:46:11,EaseMyTrip,DEL-BOM,DEL,BOM,T+1,2026-09-12,Air India,AI-2927,09:30,12:00,02h 30m,ECONOMY,S,5493.0,1507.0,7000.0,9,Available
20260911_154545,2026-09-11T15:46:11,EaseMyTrip,DEL-BOM,DEL,BOM,T+1,2026-09-12,Air India,AI-2678,08:30,10:45,02h 15m,ECONOMY,T,5644.0,1515.0,7159.0,9,Available
20260911_154545,2026-09-11T15:46:11,EaseMyTrip,DEL-BOM,DEL,BOM,T+1,2026-09-12,Air India,AI-2963,09:00,11:15,02h 15m,ECONOMY,T,5644.0,1515.0,7159.0,9,Available
20260911_154545,2026-09-11T15:46:11,EaseMyTrip,DEL-BOM,DEL,BOM,T+1,2026-09-12,Air India,AI-2429,07:00,09:25,02h 25m,ECONOMY,T,5644.0,1515.0,7159.0,9,Available
20260911_154545,2026-09-11T15:46:11,EaseMyTrip,DEL-BOM,DEL,BOM,T+1,2026-09-12,Air India,AI-2943,07:30,09:55,02h 25m,ECONOMY,T,5644.0,1515.0,7159.0,9,Available
20260911_154545,2026-09-11T15:46:11,EaseMyTrip,DEL-BOM,DEL,BOM,T+1,2026-09-12,Air India,AI-2995,10:00,12:25,02h 25m,ECONOMY,T,5644.0,1515.0,7159.0,9,Available
20260911_154545,2026-09-11T15:46:11,EaseMyTrip,DEL-BOM,DEL,BOM,T+1,2026-09-12,Air India,AI-2933,15:30,17:55,02h 25m,ECONOMY,T,5644.0,1515.0,7159.0,9,Available
20260911_154545,2026-09-11T15:46:11,EaseMyTrip,DEL-BOM,DEL,BOM,T+1,2026-09-12,Air India,AI-2957,20:30,23:05,02h 35m,ECONOMY,T,5644.0,1515.0,7159.0,9,Available
20260911_154545,2026-09-11T15:46:11,EaseMyTrip,DEL-BOM,DEL,BOM,T+1,2026-09-12,IndiGo,6E-324,13:00,15:10,02h 10m,ECONOMY,R,5665.0,1495.0,7160.0,15,Available
20260911_154545,2026-09-11T15:46:11,EaseMyTrip,DEL-BOM,DEL,BOM,T+1,2026-09-12,IndiGo,6E-6676,12:00,14:15,02h 15m,ECONOMY,R,5665.0,1495.0,7160.0,12,Available
20260911_154545,2026-09-11T15:46:11,EaseMyTrip,DEL-BOM,DEL,BOM,T+1,2026-09-12,Air India,AI-1785,12:00,14:25,02h 25m,ECONOMY,L,6093.0,1537.0,7630.0,5,Available
20260911_154545,2026-09-11T15:46:11,EaseMyTrip,DEL-BOM,DEL,BOM,T+1,2026-09-12,Akasa Air,QP-1836,12:30,14:55,02h 25m,ECONOMY,R2,6696.0,942.0,7638.0,9,Available
20260911_154545,2026-09-11T15:46:11,EaseMyTrip,DEL-BOM,DEL,BOM,T+1,2026-09-12,Air India,AI-2951,13:30,15:50,02h 20m,ECONOMY,L,6276.0,1546.0,7822.0,1,Available
20260911_154545,2026-09-11T15:46:11,EaseMyTrip,DEL-BOM,DEL,BOM,T+1,2026-09-12,Air India,AI-2945,11:00,13:25,02h 25m,ECONOMY,G,6393.0,1552.0,7945.0,9,Available
20260911_154545,2026-09-11T15:46:36,EaseMyTrip,DEL-BOM,DEL,BOM,T+7,2026-09-18,Air India Express,IX-1056,05:35,08:05,02h 30m,ECONOMY,G,5040.0,1489.0,6529.0,9,Available
20260911_154545,2026-09-11T15:46:36,EaseMyTrip,DEL-BOM,DEL,BOM,T+7,2026-09-18,IndiGo,6E-324,13:00,15:10,02h 10m,ECONOMY,R,5065.0,1465.0,6530.0,51,Available
20260911_154545,2026-09-11T15:46:36,EaseMyTrip,DEL-BOM,DEL,BOM,T+7,2026-09-18,Akasa Air,QP-1110,10:30,12:45,02h 15m,ECONOMY,U1,5640.0,890.0,6530.0,9,Available
20260911_154545,2026-09-11T15:46:36,EaseMyTrip,DEL-BOM,DEL,BOM,T+7,2026-09-18,IndiGo,6E-449,05:00,07:15,02h 15m,ECONOMY,R,5065.0,1465.0,6530.0,109,Available
20260911_154545,2026-09-11T15:46:36,EaseMyTrip,DEL-BOM,DEL,BOM,T+7,2026-09-18,IndiGo,6E-864,15:30,17:45,02h 15m,ECONOMY,R,5065.0,1465.0,6530.0,84,Available
20260911_154545,2026-09-11T15:46:36,EaseMyTrip,DEL-BOM,DEL,BOM,T+7,2026-09-18,IndiGo,6E-6318,14:45,17:00,02h 15m,ECONOMY,R,5065.0,1465.0,6530.0,84,Available
20260911_154545,2026-09-11T15:46:36,EaseMyTrip,DEL-BOM,DEL,BOM,T+7,2026-09-18,IndiGo,6E-675,08:45,11:00,02h 15m,ECONOMY,R,5065.0,1465.0,6530.0,24,Available
20260911_154545,2026-09-11T15:46:36,EaseMyTrip,DEL-BOM,DEL,BOM,T+7,2026-09-18,IndiGo,6E-6047,11:00,13:15,02h 15m,ECONOMY,R,5065.0,1465.0,6530.0,55,Available
20260911_154545,2026-09-11T15:46:36,EaseMyTrip,DEL-BOM,DEL,BOM,T+7,2026-09-18,IndiGo,6E-6676,12:00,14:15,02h 15m,ECONOMY,R,5065.0,1465.0,6530.0,76,Available
20260911_154545,2026-09-11T15:46:36,EaseMyTrip,DEL-BOM,DEL,BOM,T+7,2026-09-18,Akasa Air,QP-1833,06:50,09:10,02h 20m,ECONOMY,U1,5640.0,890.0,6530.0,9,Available
20260911_154545,2026-09-11T15:46:36,EaseMyTrip,DEL-BOM,DEL,BOM,T+7,2026-09-18,Akasa Air,QP-1112,09:20,11:40,02h 20m,ECONOMY,U1,5640.0,890.0,6530.0,9,Available
20260911_154545,2026-09-11T15:46:36,EaseMyTrip,DEL-BOM,DEL,BOM,T+7,2026-09-18,Akasa Air,QP-1128,16:00,18:20,02h 20m,ECONOMY,U1,5640.0,890.0,6530.0,9,Available
20260911_154545,2026-09-11T15:46:36,EaseMyTrip,DEL-BOM,DEL,BOM,T+7,2026-09-18,IndiGo,6E-6328,10:15,12:35,02h 20m,ECONOMY,R,5065.0,1465.0,6530.0,43,Available
20260911_154545,2026-09-11T15:46:36,EaseMyTrip,DEL-BOM,DEL,BOM,T+7,2026-09-18,Akasa Air,QP-1119,08:40,11:05,02h 25m,ECONOMY,U1,5640.0,890.0,6530.0,9,Available
20260911_154545,2026-09-11T15:46:36,EaseMyTrip,DEL-BOM,DEL,BOM,T+7,2026-09-18,Akasa Air,QP-1836,12:30,14:55,02h 25m,ECONOMY,U1,5640.0,890.0,6530.0,9,Available
20260911_154545,2026-09-11T15:46:36,EaseMyTrip,DEL-BOM,DEL,BOM,T+7,2026-09-18,IndiGo,6E-6022,14:00,16:25,02h 25m,ECONOMY,R,5065.0,1465.0,6530.0,101,Available
20260911_154545,2026-09-11T15:46:36,EaseMyTrip,DEL-BOM,DEL,BOM,T+7,2026-09-18,IndiGo,6E-6107,09:30,11:55,02h 25m,ECONOMY,R,5065.0,1465.0,6530.0,61,Available
20260911_154545,2026-09-11T15:46:36,EaseMyTrip,DEL-BOM,DEL,BOM,T+7,2026-09-18,IndiGo,6E-6218,06:05,08:20,02h 15m,ECONOMY,R,5215.0,1473.0,6688.0,77,Available
20260911_154545,2026-09-11T15:46:36,EaseMyTrip,DEL-BOM,DEL,BOM,T+7,2026-09-18,IndiGo,6E-327,16:15,18:35,02h 20m,ECONOMY,R,5215.0,1473.0,6688.0,65,Available
20260911_154545,2026-09-11T15:46:36,EaseMyTrip,DEL-BOM,DEL,BOM,T+7,2026-09-18,Air India,AI-1745,05:00,07:20,02h 20m,ECONOMY,S,5236.0,1494.0,6730.0,9,Available
20260911_154545,2026-09-11T15:46:36,EaseMyTrip,DEL-BOM,DEL,BOM,T+7,2026-09-18,IndiGo,6E-6814,07:15,09:30,02h 15m,ECONOMY,R,5415.0,1483.0,6898.0,77,Available
20260911_154545,2026-09-11T15:46:36,EaseMyTrip,DEL-BOM,DEL,BOM,T+7,2026-09-18,IndiGo,6E-320,08:00,10:20,02h 20m,ECONOMY,R,5415.0,1483.0,6898.0,61,Available
20260911_154545,2026-09-11T15:46:36,EaseMyTrip,DEL-BOM,DEL,BOM,T+7,2026-09-18,Air India,AI-2678,08:30,10:45,02h 15m,ECONOMY,S,5493.0,1507.0,7000.0,9,Available
20260911_154545,2026-09-11T15:46:36,EaseMyTrip,DEL-BOM,DEL,BOM,T+7,2026-09-18,Air India,AI-2425,10:30,12:50,02h 20m,ECONOMY,S,5493.0,1507.0,7000.0,9,Available
20260911_154545,2026-09-11T15:46:36,EaseMyTrip,DEL-BOM,DEL,BOM,T+7,2026-09-18,Air India,AI-2951,13:30,15:50,02h 20m,ECONOMY,S,5493.0,1507.0,7000.0,1,Available
20260911_154545,2026-09-11T15:46:36,EaseMyTrip,DEL-BOM,DEL,BOM,T+7,2026-09-18,Air India,AI-2441,14:10,16:30,02h 20m,ECONOMY,S,5493.0,1507.0,7000.0,9,Available
20260911_154545,2026-09-11T15:46:36,EaseMyTrip,DEL-BOM,DEL,BOM,T+7,2026-09-18,Air India,AI-2995,10:00,12:25,02h 25m,ECONOMY,S,5493.0,1507.0,7000.0,9,Available
20260911_154545,2026-09-11T15:46:36,EaseMyTrip,DEL-BOM,DEL,BOM,T+7,2026-09-18,Air India,AI-2945,11:00,13:25,02h 25m,ECONOMY,S,5493.0,1507.0,7000.0,9,Available
20260911_154545,2026-09-11T15:46:36,EaseMyTrip,DEL-BOM,DEL,BOM,T+7,2026-09-18,Air India,AI-1785,12:00,14:25,02h 25m,ECONOMY,S,5493.0,1507.0,7000.0,9,Available
20260911_154545,2026-09-11T15:46:36,EaseMyTrip,DEL-BOM,DEL,BOM,T+7,2026-09-18,Air India,AI-2933,15:30,17:55,02h 25m,ECONOMY,S,5493.0,1507.0,7000.0,9,Available
20260911_154545,2026-09-11T15:46:36,EaseMyTrip,DEL-BOM,DEL,BOM,T+7,2026-09-18,Air India,AI-1777,16:00,18:25,02h 25m,ECONOMY,S,5493.0,1507.0,7000.0,9,Available
20260911_154545,2026-09-11T15:46:36,EaseMyTrip,DEL-BOM,DEL,BOM,T+7,2026-09-18,Air India,AI-441,17:00,19:25,02h 25m,ECONOMY,S,5493.0,1507.0,7000.0,9,Available
20260911_154545,2026-09-11T15:46:36,EaseMyTrip,DEL-BOM,DEL,BOM,T+7,2026-09-18,Air India,AI-2927,09:30,12:00,02h 30m,ECONOMY,S,5493.0,1507.0,7000.0,9,Available
20260911_154545,2026-09-11T15:46:36,EaseMyTrip,DEL-BOM,DEL,BOM,T+7,2026-09-18,Air India,AI-2975,06:30,08:50,02h 20m,ECONOMY,T,5644.0,1515.0,7159.0,9,Available
20260911_154545,2026-09-11T15:46:36,EaseMyTrip,DEL-BOM,DEL,BOM,T+7,2026-09-18,Air India,AI-2941,16:30,18:50,02h 20m,ECONOMY,T,5644.0,1515.0,7159.0,9,Available
20260911_154545,2026-09-11T15:46:36,EaseMyTrip,DEL-BOM,DEL,BOM,T+7,2026-09-18,Air India,AI-1780,16:10,20:00,03h 50m,ECONOMY,T,5644.0,1515.0,7159.0,9,Available
20260911_154545,2026-09-11T15:46:36,EaseMyTrip,DEL-BOM,DEL,BOM,T+7,2026-09-18,IndiGo,6E-322,23:30,01:45,02h 15m,ECONOMY,R,5665.0,1495.0,7160.0,3,Available
20260911_154545,2026-09-11T15:46:36,EaseMyTrip,DEL-BOM,DEL,BOM,T+7,2026-09-18,IndiGo,6E-6114,22:45,01:05,02h 20m,ECONOMY,R,5665.0,1495.0,7160.0,16,Available
20260911_154545,2026-09-11T15:46:36,EaseMyTrip,DEL-BOM,DEL,BOM,T+7,2026-09-18,Air India Express,IX-1235,23:25,01:50,02h 25m,ECONOMY,E,5976.0,1537.0,7513.0,9,Available
20260911_154545,2026-09-11T15:46:36,EaseMyTrip,DEL-BOM,DEL,BOM,T+7,2026-09-18,Air India,AI-2429,07:00,09:25,02h 25m,ECONOMY,U,5844.0,1525.0,7369.0,9,Available
20260911_154545,2026-09-11T15:46:36,EaseMyTrip,DEL-BOM,DEL,BOM,T+7,2026-09-18,Air India,AI-2943,07:30,09:55,02h 25m,ECONOMY,U,5844.0,1525.0,7369.0,9,Available
20260911_154545,2026-09-11T15:46:36,EaseMyTrip,DEL-BOM,DEL,BOM,T+7,2026-09-18,Air India,AI-2439,23:00,01:25,02h 25m,ECONOMY,L,6093.0,1537.0,7630.0,9,Available
20260911_154545,2026-09-11T15:46:36,EaseMyTrip,DEL-BOM,DEL,BOM,T+7,2026-09-18,IndiGo,6E-6706,17:00,19:15,02h 15m,ECONOMY,R,6265.0,1525.0,7790.0,9,Available
20260911_154545,2026-09-11T15:46:36,EaseMyTrip,DEL-BOM,DEL,BOM,T+7,2026-09-18,Akasa Air,QP-1820,17:30,19:45,02h 15m,ECONOMY,Q4,7105.0,964.0,8069.0,9,Available
20260911_154545,2026-09-11T15:46:45,EaseMyTrip,DEL-BOM,DEL,BOM,T+15,2026-09-26,IndiGo,6E-324,13:00,15:10,02h 10m,ECONOMY,R,5065.0,1465.0,6530.0,9,Available
20260911_154545,2026-09-11T15:46:45,EaseMyTrip,DEL-BOM,DEL,BOM,T+15,2026-09-26,Akasa Air,QP-1110,10:30,12:45,02h 15m,ECONOMY,U1,5640.0,890.0,6530.0,9,Available
20260911_154545,2026-09-11T15:46:45,EaseMyTrip,DEL-BOM,DEL,BOM,T+15,2026-09-26,Akasa Air,QP-1820,17:30,19:45,02h 15m,ECONOMY,U1,5640.0,890.0,6530.0,9,Available
20260911_154545,2026-09-11T15:46:45,EaseMyTrip,DEL-BOM,DEL,BOM,T+15,2026-09-26,IndiGo,6E-322,23:30,01:45,02h 15m,ECONOMY,R,5065.0,1465.0,6530.0,7,Available
20260911_154545,2026-09-11T15:46:45,EaseMyTrip,DEL-BOM,DEL,BOM,T+15,2026-09-26,IndiGo,6E-329,18:00,20:15,02h 15m,ECONOMY,R,5065.0,1465.0,6530.0,8,Available
20260911_154545,2026-09-11T15:46:45,EaseMyTrip,DEL-BOM,DEL,BOM,T+15,2026-09-26,IndiGo,6E-6706,17:00,19:15,02h 15m,ECONOMY,R,5065.0,1465.0,6530.0,81,Available
20260911_154545,2026-09-11T15:46:45,EaseMyTrip,DEL-BOM,DEL,BOM,T+15,2026-09-26,IndiGo,6E-864,15:30,17:45,02h 15m,ECONOMY,R,5065.0,1465.0,6530.0,63,Available
20260911_154545,2026-09-11T15:46:45,EaseMyTrip,DEL-BOM,DEL,BOM,T+15,2026-09-26,IndiGo,6E-6318,14:45,17:00,02h 15m,ECONOMY,R,5065.0,1465.0,6530.0,90,Available
20260911_154545,2026-09-11T15:46:45,EaseMyTrip,DEL-BOM,DEL,BOM,T+15,2026-09-26,IndiGo,6E-675,08:45,11:00,02h 15m,ECONOMY,R,5065.0,1465.0,6530.0,61,Available
20260911_154545,2026-09-11T15:46:45,EaseMyTrip,DEL-BOM,DEL,BOM,T+15,2026-09-26,IndiGo,6E-6814,07:15,09:30,02h 15m,ECONOMY,R,5065.0,1465.0,6530.0,9,Available
20260911_154545,2026-09-11T15:46:45,EaseMyTrip,DEL-BOM,DEL,BOM,T+15,2026-09-26,IndiGo,6E-6676,12:00,14:15,02h 15m,ECONOMY,R,5065.0,1465.0,6530.0,8,Available
20260911_154545,2026-09-11T15:46:45,EaseMyTrip,DEL-BOM,DEL,BOM,T+15,2026-09-26,Akasa Air,QP-1833,06:50,09:10,02h 20m,ECONOMY,U1,5640.0,890.0,6530.0,9,Available
20260911_154545,2026-09-11T15:46:45,EaseMyTrip,DEL-BOM,DEL,BOM,T+15,2026-09-26,Akasa Air,QP-1112,09:20,11:40,02h 20m,ECONOMY,U1,5640.0,890.0,6530.0,9,Available
20260911_154545,2026-09-11T15:46:45,EaseMyTrip,DEL-BOM,DEL,BOM,T+15,2026-09-26,Akasa Air,QP-1128,16:00,18:20,02h 20m,ECONOMY,U1,5640.0,890.0,6530.0,9,Available
20260911_154545,2026-09-11T15:46:45,EaseMyTrip,DEL-BOM,DEL,BOM,T+15,2026-09-26,IndiGo,6E-6114,22:45,01:05,02h 20m,ECONOMY,R,5065.0,1465.0,6530.0,7,Available
20260911_154545,2026-09-11T15:46:45,EaseMyTrip,DEL-BOM,DEL,BOM,T+15,2026-09-26,IndiGo,6E-327,16:15,18:35,02h 20m,ECONOMY,R,5065.0,1465.0,6530.0,80,Available
20260911_154545,2026-09-11T15:46:45,EaseMyTrip,DEL-BOM,DEL,BOM,T+15,2026-09-26,IndiGo,6E-320,08:00,10:20,02h 20m,ECONOMY,R,5065.0,1465.0,6530.0,7,Available
20260911_154545,2026-09-11T15:46:45,EaseMyTrip,DEL-BOM,DEL,BOM,T+15,2026-09-26,IndiGo,6E-6328,10:15,12:35,02h 20m,ECONOMY,R,5065.0,1465.0,6530.0,66,Available
20260911_154545,2026-09-11T15:46:45,EaseMyTrip,DEL-BOM,DEL,BOM,T+15,2026-09-26,Akasa Air,QP-1119,08:40,11:05,02h 25m,ECONOMY,U1,5640.0,890.0,6530.0,9,Available
20260911_154545,2026-09-11T15:46:45,EaseMyTrip,DEL-BOM,DEL,BOM,T+15,2026-09-26,Akasa Air,QP-1836,12:30,14:55,02h 25m,ECONOMY,U1,5640.0,890.0,6530.0,9,Available
20260911_154545,2026-09-11T15:46:45,EaseMyTrip,DEL-BOM,DEL,BOM,T+15,2026-09-26,Akasa Air,QP-1826,19:55,22:20,02h 25m,ECONOMY,U1,5640.0,890.0,6530.0,9,Available
20260911_154545,2026-09-11T15:46:45,EaseMyTrip,DEL-BOM,DEL,BOM,T+15,2026-09-26,IndiGo,6E-6022,14:00,16:25,02h 25m,ECONOMY,R,5065.0,1465.0,6530.0,90,Available
20260911_154545,2026-09-11T15:46:45,EaseMyTrip,DEL-BOM,DEL,BOM,T+15,2026-09-26,IndiGo,6E-6107,09:30,11:55,02h 25m,ECONOMY,R,5065.0,1465.0,6530.0,55,Available
20260911_154545,2026-09-11T15:46:45,EaseMyTrip,DEL-BOM,DEL,BOM,T+15,2026-09-26,Air India Express,IX-1235,23:25,01:50,02h 25m,ECONOMY,H,5191.0,1497.0,6688.0,9,Available
20260911_154545,2026-09-11T15:46:45,EaseMyTrip,DEL-BOM,DEL,BOM,T+15,2026-09-26,IndiGo,6E-449,05:00,07:15,02h 15m,ECONOMY,R,5215.0,1473.0,6688.0,76,Available
20260911_154545,2026-09-11T15:46:45,EaseMyTrip,DEL-BOM,DEL,BOM,T+15,2026-09-26,IndiGo,6E-6218,06:05,08:20,02h 15m,ECONOMY,R,5215.0,1473.0,6688.0,1,Available
20260911_154545,2026-09-11T15:46:45,EaseMyTrip,DEL-BOM,DEL,BOM,T+15,2026-09-26,IndiGo,6E-6047,11:00,13:15,02h 15m,ECONOMY,R,5215.0,1473.0,6688.0,14,Available
20260911_154545,2026-09-11T15:46:45,EaseMyTrip,DEL-BOM,DEL,BOM,T+15,2026-09-26,IndiGo,6E-395,21:45,00:05,02h 20m,ECONOMY,R,5215.0,1473.0,6688.0,97,Available
20260911_154545,2026-09-11T15:46:45,EaseMyTrip,DEL-BOM,DEL,BOM,T+15,2026-09-26,IndiGo,6E-354,19:00,21:25,02h 25m,ECONOMY,R,5215.0,1473.0,6688.0,9,Available
20260911_154545,2026-09-11T15:46:45,EaseMyTrip,DEL-BOM,DEL,BOM,T+15,2026-09-26,Air India,AI-2439,23:00,01:25,02h 25m,ECONOMY,S,5236.0,1494.0,6730.0,9,Available
20260911_154545,2026-09-11T15:46:45,EaseMyTrip,DEL-BOM,DEL,BOM,T+15,2026-09-26,IndiGo,6E-303,20:00,22:10,02h 10m,ECONOMY,R,5415.0,1483.0,6898.0,3,Available
20260911_154545,2026-09-11T15:46:45,EaseMyTrip,DEL-BOM,DEL,BOM,T+15,2026-09-26,Air India,AI-2678,08:30,10:45,02h 15m,ECONOMY,S,5493.0,1507.0,7000.0,9,Available
20260911_154545,2026-09-11T15:46:45,EaseMyTrip,DEL-BOM,DEL,BOM,T+15,2026-09-26,Air India,AI-2963,09:00,11:15,02h 15m,ECONOMY,S,5493.0,1507.0,7000.0,9,Available
20260911_154545,2026-09-11T15:46:45,EaseMyTrip,DEL-BOM,DEL,BOM,T+15,2026-09-26,Air India,AI-2425,10:30,12:50,02h 20m,ECONOMY,S,5493.0,1507.0,7000.0,9,Available
20260911_154545,2026-09-11T15:46:45,EaseMyTrip,DEL-BOM,DEL,BOM,T+15,2026-09-26,Air India,AI-2941,16:30,18:50,02h 20m,ECONOMY,S,5493.0,1507.0,7000.0,9,Available
20260911_154545,2026-09-11T15:46:45,EaseMyTrip,DEL-BOM,DEL,BOM,T+15,2026-09-26,Air India,AI-2981,21:00,23:20,02h 20m,ECONOMY,S,5493.0,1507.0,7000.0,9,Available
20260911_154545,2026-09-11T15:46:45,EaseMyTrip,DEL-BOM,DEL,BOM,T+15,2026-09-26,Air India,AI-1745,05:00,07:20,02h 20m,ECONOMY,T,5493.0,1507.0,7000.0,9,Available
20260911_154545,2026-09-11T15:46:45,EaseMyTrip,DEL-BOM,DEL,BOM,T+15,2026-09-26,Air India,AI-2429,07:00,09:25,02h 25m,ECONOMY,S,5493.0,1507.0,7000.0,9,Available
20260911_154545,2026-09-11T15:46:45,EaseMyTrip,DEL-BOM,DEL,BOM,T+15,2026-09-26,Air India,AI-2943,07:30,09:55,02h 25m,ECONOMY,S,5493.0,1507.0,7000.0,9,Available
20260911_154545,2026-09-11T15:46:45,EaseMyTrip,DEL-BOM,DEL,BOM,T+15,2026-09-26,Air India,AI-2995,10:00,12:25,02h 25m,ECONOMY,S,5493.0,1507.0,7000.0,9,Available
20260911_154545,2026-09-11T15:46:45,EaseMyTrip,DEL-BOM,DEL,BOM,T+15,2026-09-26,Air India,AI-2945,11:00,13:25,02h 25m,ECONOMY,S,5493.0,1507.0,7000.0,9,Available
20260911_154545,2026-09-11T15:46:45,EaseMyTrip,DEL-BOM,DEL,BOM,T+15,2026-09-26,Air India,AI-1785,12:00,14:25,02h 25m,ECONOMY,S,5493.0,1507.0,7000.0,9,Available
20260911_154545,2026-09-11T15:46:45,EaseMyTrip,DEL-BOM,DEL,BOM,T+15,2026-09-26,Air India,AI-2933,15:30,17:55,02h 25m,ECONOMY,S,5493.0,1507.0,7000.0,2,Available
20260911_154545,2026-09-11T15:46:45,EaseMyTrip,DEL-BOM,DEL,BOM,T+15,2026-09-26,Air India,AI-1777,16:00,18:25,02h 25m,ECONOMY,S,5493.0,1507.0,7000.0,9,Available
20260911_154545,2026-09-11T15:46:45,EaseMyTrip,DEL-BOM,DEL,BOM,T+15,2026-09-26,Air India,AI-441,17:00,19:25,02h 25m,ECONOMY,S,5493.0,1507.0,7000.0,9,Available
20260911_154545,2026-09-11T15:46:45,EaseMyTrip,DEL-BOM,DEL,BOM,T+15,2026-09-26,Air India,AI-2955,18:00,20:25,02h 25m,ECONOMY,S,5493.0,1507.0,7000.0,9,Available
20260911_154545,2026-09-11T15:46:45,EaseMyTrip,DEL-BOM,DEL,BOM,T+15,2026-09-26,Air India,AI-2927,09:30,12:00,02h 30m,ECONOMY,S,5493.0,1507.0,7000.0,9,Available
20260911_154545,2026-09-11T15:46:45,EaseMyTrip,DEL-BOM,DEL,BOM,T+15,2026-09-26,Air India,AI-1780,16:10,20:00,03h 50m,ECONOMY,S,5493.0,1507.0,7000.0,9,Available
20260911_154545,2026-09-11T15:46:45,EaseMyTrip,DEL-BOM,DEL,BOM,T+15,2026-09-26,Air India,AI-2975,06:30,08:50,02h 20m,ECONOMY,T,5644.0,1515.0,7159.0,9,Available
20260911_154545,2026-09-11T15:46:45,EaseMyTrip,DEL-BOM,DEL,BOM,T+15,2026-09-26,Air India,AI-2977,19:00,21:25,02h 25m,ECONOMY,T,5644.0,1515.0,7159.0,9,Available
20260911_154545,2026-09-11T15:46:45,EaseMyTrip,DEL-BOM,DEL,BOM,T+15,2026-09-26,Air India,AI-2985,19:30,21:55,02h 25m,ECONOMY,T,5644.0,1515.0,7159.0,9,Available
20260911_154545,2026-09-11T15:46:45,EaseMyTrip,DEL-BOM,DEL,BOM,T+15,2026-09-26,Air India,AI-2433,21:30,23:55,02h 25m,ECONOMY,T,5644.0,1515.0,7159.0,3,Available
20260911_154545,2026-09-11T15:46:45,EaseMyTrip,DEL-BOM,DEL,BOM,T+15,2026-09-26,Air India,AI-2957,20:30,23:05,02h 35m,ECONOMY,U,5844.0,1525.0,7369.0,9,Available
20260911_154545,2026-09-11T15:47:10,EaseMyTrip,DEL-BLR,DEL,BLR,T+1,2026-09-12,Akasa Air,QP-1812,22:55,01:45,02h 50m,ECONOMY,U2,7774.0,1055.0,8829.0,9,Available
20260911_154545,2026-09-11T15:47:10,EaseMyTrip,DEL-BLR,DEL,BLR,T+1,2026-09-12,Akasa Air,QP-1308,20:55,23:50,02h 55m,ECONOMY,U2,7774.0,1055.0,8829.0,9,Available
20260911_154545,2026-09-11T15:47:10,EaseMyTrip,DEL-BLR,DEL,BLR,T+1,2026-09-12,Akasa Air,QP-1350,21:55,00:50,02h 55m,ECONOMY,U2,7774.0,1055.0,8829.0,9,Available
20260911_154545,2026-09-11T15:47:10,EaseMyTrip,DEL-BLR,DEL,BLR,T+1,2026-09-12,IndiGo,6E-846,22:00,00:55,02h 55m,ECONOMY,R,6998.0,1831.0,8829.0,30,Available
20260911_154545,2026-09-11T15:47:10,EaseMyTrip,DEL-BLR,DEL,BLR,T+1,2026-09-12,IndiGo,6E-6515,20:45,23:40,02h 55m,ECONOMY,R,6998.0,1831.0,8829.0,30,Available
20260911_154545,2026-09-11T15:47:10,EaseMyTrip,DEL-BLR,DEL,BLR,T+1,2026-09-12,Akasa Air,QP-1824,20:10,23:10,03h 00m,ECONOMY,U2,7774.0,1055.0,8829.0,9,Available
20260911_154545,2026-09-11T15:47:10,EaseMyTrip,DEL-BLR,DEL,BLR,T+1,2026-09-12,IndiGo,6E-811,18:20,21:10,02h 50m,ECONOMY,R,7433.0,1853.0,9286.0,19,Available
20260911_154545,2026-09-11T15:47:10,EaseMyTrip,DEL-BLR,DEL,BLR,T+1,2026-09-12,IndiGo,6E-873,08:20,11:10,02h 50m,ECONOMY,R,7433.0,1853.0,9286.0,6,Available
20260911_154545,2026-09-11T15:47:10,EaseMyTrip,DEL-BLR,DEL,BLR,T+1,2026-09-12,IndiGo,6E-861,19:30,22:25,02h 55m,ECONOMY,R,7433.0,1853.0,9286.0,5,Available
20260911_154545,2026-09-11T15:47:10,EaseMyTrip,DEL-BLR,DEL,BLR,T+1,2026-09-12,IndiGo,6E-880,15:45,18:40,02h 55m,ECONOMY,R,7433.0,1853.0,9286.0,8,Available
20260911_154545,2026-09-11T15:47:10,EaseMyTrip,DEL-BLR,DEL,BLR,T+1,2026-09-12,IndiGo,6E-837,17:00,19:55,02h 55m,ECONOMY,R,7433.0,1853.0,9286.0,17,Available
20260911_154545,2026-09-11T15:47:10,EaseMyTrip,DEL-BLR,DEL,BLR,T+1,2026-09-12,IndiGo,6E-810,07:05,10:00,02h 55m,ECONOMY,R,7433.0,1853.0,9286.0,15,Available
20260911_154545,2026-09-11T15:47:10,EaseMyTrip,DEL-BLR,DEL,BLR,T+1,2026-09-12,IndiGo,6E-2314,05:45,08:40,02h 55m,ECONOMY,R,7433.0,1853.0,9286.0,6,Available
20260911_154545,2026-09-11T15:47:10,EaseMyTrip,DEL-BLR,DEL,BLR,T+1,2026-09-12,Air India,AI-2817,16:30,19:15,02h 45m,ECONOMY,T,7427.0,1873.0,9300.0,9,Available
20260911_154545,2026-09-11T15:47:10,EaseMyTrip,DEL-BLR,DEL,BLR,T+1,2026-09-12,Air India,AI-2653,04:30,07:20,02h 50m,ECONOMY,T,7427.0,1873.0,9300.0,9,Available
20260911_154545,2026-09-11T15:47:10,EaseMyTrip,DEL-BLR,DEL,BLR,T+1,2026-09-12,Air India,AI-427,08:30,11:20,02h 50m,ECONOMY,T,7427.0,1873.0,9300.0,9,Available
20260911_154545,2026-09-11T15:47:10,EaseMyTrip,DEL-BLR,DEL,BLR,T+1,2026-09-12,Air India,AI-2809,19:30,22:20,02h 50m,ECONOMY,T,7427.0,1873.0,9300.0,9,Available
20260911_154545,2026-09-11T15:47:10,EaseMyTrip,DEL-BLR,DEL,BLR,T+1,2026-09-12,Air India,AI-2409,06:00,08:55,02h 55m,ECONOMY,T,7427.0,1873.0,9300.0,9,Available
20260911_154545,2026-09-11T15:47:10,EaseMyTrip,DEL-BLR,DEL,BLR,T+1,2026-09-12,Air India,AI-2803,06:30,09:25,02h 55m,ECONOMY,T,7427.0,1873.0,9300.0,9,Available
20260911_154545,2026-09-11T15:47:10,EaseMyTrip,DEL-BLR,DEL,BLR,T+1,2026-09-12,Air India,AI-2815,07:00,09:55,02h 55m,ECONOMY,T,7427.0,1873.0,9300.0,9,Available
20260911_154545,2026-09-11T15:47:10,EaseMyTrip,DEL-BLR,DEL,BLR,T+1,2026-09-12,Air India,AI-2819,15:00,17:55,02h 55m,ECONOMY,T,7427.0,1873.0,9300.0,9,Available
20260911_154545,2026-09-11T15:47:10,EaseMyTrip,DEL-BLR,DEL,BLR,T+1,2026-09-12,Air India,AI-2664,15:50,18:45,02h 55m,ECONOMY,T,7427.0,1873.0,9300.0,9,Available
20260911_154545,2026-09-11T15:47:10,EaseMyTrip,DEL-BLR,DEL,BLR,T+1,2026-09-12,Air India,AI-2487,18:30,21:25,02h 55m,ECONOMY,T,7427.0,1873.0,9300.0,9,Available
20260911_154545,2026-09-11T15:47:10,EaseMyTrip,DEL-BLR,DEL,BLR,T+1,2026-09-12,Air India,AI-2512,19:00,21:55,02h 55m,ECONOMY,T,7427.0,1873.0,9300.0,9,Available
20260911_154545,2026-09-11T15:47:10,EaseMyTrip,DEL-BLR,DEL,BLR,T+1,2026-09-12,Akasa Air,QP-1822,16:40,19:40,03h 00m,ECONOMY,T3,8414.0,1087.0,9501.0,9,Available
20260911_154545,2026-09-11T15:47:10,EaseMyTrip,DEL-BLR,DEL,BLR,T+1,2026-09-12,Air India Express,IX-1070,18:20,21:15,02h 55m,ECONOMY,K,7695.0,1890.0,9585.0,9,Available
20260911_154545,2026-09-11T15:47:10,EaseMyTrip,DEL-BLR,DEL,BLR,T+1,2026-09-12,Air India,AI-2412,21:30,00:25,02h 55m,ECONOMY,U,7862.0,1894.0,9756.0,2,Available
20260911_154545,2026-09-11T15:47:10,EaseMyTrip,DEL-BLR,DEL,BLR,T+1,2026-09-12,IndiGo,6E-828,14:30,17:25,02h 55m,ECONOMY,R,7895.0,1876.0,9771.0,15,Available
20260911_154545,2026-09-11T15:47:10,EaseMyTrip,DEL-BLR,DEL,BLR,T+1,2026-09-12,IndiGo,6E-842,10:45,13:40,02h 55m,ECONOMY,R,7895.0,1876.0,9771.0,9,Available
20260911_154545,2026-09-11T15:47:10,EaseMyTrip,DEL-BLR,DEL,BLR,T+1,2026-09-12,IndiGo,6E-826,09:30,12:25,02h 55m,ECONOMY,R,7895.0,1876.0,9771.0,14,Available
20260911_154545,2026-09-11T15:47:10,EaseMyTrip,DEL-BLR,DEL,BLR,T+1,2026-09-12,IndiGo,6E-176,13:15,16:10,02h 55m,ECONOMY,R,7895.0,1876.0,9771.0,11,Available
20260911_154545,2026-09-11T15:47:10,EaseMyTrip,DEL-BLR,DEL,BLR,T+1,2026-09-12,IndiGo,6E-850,12:20,15:20,03h 00m,ECONOMY,R,7895.0,1876.0,9771.0,12,Available
20260911_154545,2026-09-11T15:47:10,EaseMyTrip,DEL-BLR,DEL,BLR,T+1,2026-09-12,Air India,AI-2757,00:15,03:10,02h 55m,ECONOMY,L,8181.0,1910.0,10091.0,2,Available
20260911_154545,2026-09-11T15:47:10,EaseMyTrip,DEL-BLR,DEL,BLR,T+1,2026-09-12,Air India,AI-2415,09:30,12:25,02h 55m,ECONOMY,L,8324.0,1918.0,10242.0,9,Available
20260911_154545,2026-09-11T15:47:10,EaseMyTrip,DEL-BLR,DEL,BLR,T+1,2026-09-12,IndiGo,6E-820,03:00,05:55,02h 55m,ECONOMY,R,8385.0,1900.0,10285.0,1,Available
20260911_154545,2026-09-11T15:47:23,EaseMyTrip,DEL-BLR,DEL,BLR,T+7,2026-09-18,Akasa Air,QP-1812,22:55,01:45,02h 50m,ECONOMY,U2,7774.0,1055.0,8829.0,9,Available
20260911_154545,2026-09-11T15:47:23,EaseMyTrip,DEL-BLR,DEL,BLR,T+7,2026-09-18,Akasa Air,QP-1350,21:55,00:50,02h 55m,ECONOMY,U2,7774.0,1055.0,8829.0,9,Available
20260911_154545,2026-09-11T15:47:23,EaseMyTrip,DEL-BLR,DEL,BLR,T+7,2026-09-18,IndiGo,6E-820,03:00,05:55,02h 55m,ECONOMY,R,6998.0,1831.0,8829.0,94,Available
20260911_154545,2026-09-11T15:47:23,EaseMyTrip,DEL-BLR,DEL,BLR,T+7,2026-09-18,IndiGo,6E-871,23:30,02:25,02h 55m,ECONOMY,R,6998.0,1831.0,8829.0,106,Available
20260911_154545,2026-09-11T15:47:23,EaseMyTrip,DEL-BLR,DEL,BLR,T+7,2026-09-18,IndiGo,6E-846,22:00,00:55,02h 55m,ECONOMY,R,6998.0,1831.0,8829.0,42,Available
20260911_154545,2026-09-11T15:47:23,EaseMyTrip,DEL-BLR,DEL,BLR,T+7,2026-09-18,IndiGo,6E-842,10:45,13:40,02h 55m,ECONOMY,R,6998.0,1831.0,8829.0,38,Available
20260911_154545,2026-09-11T15:47:23,EaseMyTrip,DEL-BLR,DEL,BLR,T+7,2026-09-18,IndiGo,6E-826,09:30,12:25,02h 55m,ECONOMY,R,6998.0,1831.0,8829.0,44,Available
20260911_154545,2026-09-11T15:47:23,EaseMyTrip,DEL-BLR,DEL,BLR,T+7,2026-09-18,IndiGo,6E-810,07:05,10:00,02h 55m,ECONOMY,R,6998.0,1831.0,8829.0,65,Available
20260911_154545,2026-09-11T15:47:23,EaseMyTrip,DEL-BLR,DEL,BLR,T+7,2026-09-18,IndiGo,6E-2314,05:45,08:40,02h 55m,ECONOMY,R,6998.0,1831.0,8829.0,77,Available
20260911_154545,2026-09-11T15:47:23,EaseMyTrip,DEL-BLR,DEL,BLR,T+7,2026-09-18,IndiGo,6E-850,12:20,15:20,03h 00m,ECONOMY,R,6998.0,1831.0,8829.0,37,Available
20260911_154545,2026-09-11T15:47:23,EaseMyTrip,DEL-BLR,DEL,BLR,T+7,2026-09-18,Akasa Air,QP-1308,20:55,23:50,02h 55m,ECONOMY,U1,7929.0,1063.0,8992.0,9,Available
20260911_154545,2026-09-11T15:47:23,EaseMyTrip,DEL-BLR,DEL,BLR,T+7,2026-09-18,Akasa Air,QP-1822,16:40,19:40,03h 00m,ECONOMY,U1,7929.0,1063.0,8992.0,9,Available
20260911_154545,2026-09-11T15:47:23,EaseMyTrip,DEL-BLR,DEL,BLR,T+7,2026-09-18,Air India,AI-2757,00:15,03:10,02h 55m,ECONOMY,T,7284.0,1866.0,9150.0,9,Available
20260911_154545,2026-09-11T15:47:23,EaseMyTrip,DEL-BLR,DEL,BLR,T+7,2026-09-18,Air India Express,IX-5975,21:00,23:55,02h 55m,ECONOMY,W,7409.0,1876.0,9285.0,9,Available
20260911_154545,2026-09-11T15:47:23,EaseMyTrip,DEL-BLR,DEL,BLR,T+7,2026-09-18,IndiGo,6E-873,08:20,11:10,02h 50m,ECONOMY,R,7433.0,1853.0,9286.0,22,Available
20260911_154545,2026-09-11T15:47:23,EaseMyTrip,DEL-BLR,DEL,BLR,T+7,2026-09-18,IndiGo,6E-6515,20:45,23:40,02h 55m,ECONOMY,R,7433.0,1853.0,9286.0,38,Available
20260911_154545,2026-09-11T15:47:23,EaseMyTrip,DEL-BLR,DEL,BLR,T+7,2026-09-18,IndiGo,6E-880,15:45,18:40,02h 55m,ECONOMY,R,7433.0,1853.0,9286.0,37,Available
20260911_154545,2026-09-11T15:47:23,EaseMyTrip,DEL-BLR,DEL,BLR,T+7,2026-09-18,IndiGo,6E-828,14:30,17:25,02h 55m,ECONOMY,R,7433.0,1853.0,9286.0,39,Available
20260911_154545,2026-09-11T15:47:23,EaseMyTrip,DEL-BLR,DEL,BLR,T+7,2026-09-18,IndiGo,6E-837,17:00,19:55,02h 55m,ECONOMY,R,7433.0,1853.0,9286.0,18,Available
20260911_154545,2026-09-11T15:47:23,EaseMyTrip,DEL-BLR,DEL,BLR,T+7,2026-09-18,IndiGo,6E-176,13:15,16:10,02h 55m,ECONOMY,R,7433.0,1853.0,9286.0,34,Available
20260911_154545,2026-09-11T15:47:23,EaseMyTrip,DEL-BLR,DEL,BLR,T+7,2026-09-18,Air India,AI-2653,04:30,07:20,02h 50m,ECONOMY,T,7427.0,1873.0,9300.0,9,Available
20260911_154545,2026-09-11T15:47:23,EaseMyTrip,DEL-BLR,DEL,BLR,T+7,2026-09-18,Air India,AI-427,08:30,11:20,02h 50m,ECONOMY,T,7427.0,1873.0,9300.0,9,Available
20260911_154545,2026-09-11T15:47:23,EaseMyTrip,DEL-BLR,DEL,BLR,T+7,2026-09-18,Air India,AI-2409,06:00,08:55,02h 55m,ECONOMY,T,7427.0,1873.0,9300.0,9,Available
20260911_154545,2026-09-11T15:47:23,EaseMyTrip,DEL-BLR,DEL,BLR,T+7,2026-09-18,Air India,AI-2803,06:30,09:25,02h 55m,ECONOMY,T,7427.0,1873.0,9300.0,9,Available
20260911_154545,2026-09-11T15:47:23,EaseMyTrip,DEL-BLR,DEL,BLR,T+7,2026-09-18,Air India,AI-2815,07:00,09:55,02h 55m,ECONOMY,T,7427.0,1873.0,9300.0,9,Available
20260911_154545,2026-09-11T15:47:23,EaseMyTrip,DEL-BLR,DEL,BLR,T+7,2026-09-18,Air India,AI-2485,10:30,13:20,02h 50m,ECONOMY,U,7862.0,1894.0,9756.0,9,Available
20260911_154545,2026-09-11T15:47:23,EaseMyTrip,DEL-BLR,DEL,BLR,T+7,2026-09-18,Air India,AI-2415,09:30,12:25,02h 55m,ECONOMY,U,7862.0,1894.0,9756.0,9,Available
20260911_154545,2026-09-11T15:47:23,EaseMyTrip,DEL-BLR,DEL,BLR,T+7,2026-09-18,IndiGo,6E-861,19:30,22:25,02h 55m,ECONOMY,R,7895.0,1876.0,9771.0,8,Available
20260911_154545,2026-09-11T15:47:23,EaseMyTrip,DEL-BLR,DEL,BLR,T+7,2026-09-18,Air India Express,IX-1070,18:20,21:15,02h 55m,ECONOMY,E,8028.0,1908.0,9936.0,9,Available
20260911_154545,2026-09-11T15:47:23,EaseMyTrip,DEL-BLR,DEL,BLR,T+7,2026-09-18,Air India,AI-2664,15:50,18:45,02h 55m,ECONOMY,L,8324.0,1918.0,10242.0,9,Available
20260911_154545,2026-09-11T15:47:23,EaseMyTrip,DEL-BLR,DEL,BLR,T+7,2026-09-18,IndiGo,6E-811,18:20,21:10,02h 50m,ECONOMY,R,8385.0,1900.0,10285.0,24,Available
20260911_154545,2026-09-11T15:47:23,EaseMyTrip,DEL-BLR,DEL,BLR,T+7,2026-09-18,Air India,AI-2819,15:00,17:55,02h 55m,ECONOMY,L,8491.0,1926.0,10417.0,9,Available
20260911_154545,2026-09-11T15:47:23,EaseMyTrip,DEL-BLR,DEL,BLR,T+7,2026-09-18,Air India,AI-2412,21:30,00:25,02h 55m,ECONOMY,L,8574.0,1930.0,10504.0,9,Available
20260911_154545,2026-09-11T15:47:23,EaseMyTrip,DEL-BLR,DEL,BLR,T+7,2026-09-18,Akasa Air,QP-1824,20:10,23:10,03h 00m,ECONOMY,R2,9476.0,1141.0,10617.0,9,Available
20260911_154545,2026-09-11T15:47:23,EaseMyTrip,DEL-BLR,DEL,BLR,T+7,2026-09-18,Air India,AI-2417,13:00,15:55,02h 55m,ECONOMY,G,8990.0,1951.0,10941.0,1,Available
20260911_154545,2026-09-11T15:47:23,EaseMyTrip,DEL-BLR,DEL,BLR,T+7,2026-09-18,Air India,AI-2817,16:30,19:15,02h 45m,ECONOMY,W,9334.0,1968.0,11302.0,4,Available
20260911_154545,2026-09-11T15:47:23,EaseMyTrip,DEL-BLR,DEL,BLR,T+7,2026-09-18,Air India,AI-2809,19:30,22:20,02h 50m,ECONOMY,W,9521.0,1977.0,11498.0,9,Available
20260911_154545,2026-09-11T15:47:23,EaseMyTrip,DEL-BLR,DEL,BLR,T+7,2026-09-18,Air India,AI-2512,19:00,21:55,02h 55m,ECONOMY,V,9889.0,1996.0,11885.0,9,Available
20260911_154545,2026-09-11T15:47:35,EaseMyTrip,DEL-BLR,DEL,BLR,T+15,2026-09-26,Akasa Air,QP-1812,22:55,01:45,02h 50m,ECONOMY,U2,7774.0,1055.0,8829.0,9,Available
20260911_154545,2026-09-11T15:47:35,EaseMyTrip,DEL-BLR,DEL,BLR,T+15,2026-09-26,IndiGo,6E-811,18:20,21:10,02h 50m,ECONOMY,R,6998.0,1831.0,8829.0,32,Available
20260911_154545,2026-09-11T15:47:35,EaseMyTrip,DEL-BLR,DEL,BLR,T+15,2026-09-26,Akasa Air,QP-1308,20:55,23:50,02h 55m,ECONOMY,U2,7774.0,1055.0,8829.0,9,Available
20260911_154545,2026-09-11T15:47:35,EaseMyTrip,DEL-BLR,DEL,BLR,T+15,2026-09-26,Akasa Air,QP-1350,21:55,00:50,02h 55m,ECONOMY,U2,7774.0,1055.0,8829.0,9,Available
20260911_154545,2026-09-11T15:47:35,EaseMyTrip,DEL-BLR,DEL,BLR,T+15,2026-09-26,IndiGo,6E-820,03:00,05:55,02h 55m,ECONOMY,R,6998.0,1831.0,8829.0,54,Available
20260911_154545,2026-09-11T15:47:35,EaseMyTrip,DEL-BLR,DEL,BLR,T+15,2026-09-26,IndiGo,6E-846,22:00,00:55,02h 55m,ECONOMY,R,6998.0,1831.0,8829.0,35,Available
20260911_154545,2026-09-11T15:47:35,EaseMyTrip,DEL-BLR,DEL,BLR,T+15,2026-09-26,IndiGo,6E-6515,20:45,23:40,02h 55m,ECONOMY,R,6998.0,1831.0,8829.0,39,Available
20260911_154545,2026-09-11T15:47:35,EaseMyTrip,DEL-BLR,DEL,BLR,T+15,2026-09-26,IndiGo,6E-837,17:00,19:55,02h 55m,ECONOMY,R,6998.0,1831.0,8829.0,9,Available
20260911_154545,2026-09-11T15:47:35,EaseMyTrip,DEL-BLR,DEL,BLR,T+15,2026-09-26,IndiGo,6E-810,07:05,10:00,02h 55m,ECONOMY,R,6998.0,1831.0,8829.0,42,Available
20260911_154545,2026-09-11T15:47:35,EaseMyTrip,DEL-BLR,DEL,BLR,T+15,2026-09-26,IndiGo,6E-2314,05:45,08:40,02h 55m,ECONOMY,R,6998.0,1831.0,8829.0,62,Available
20260911_154545,2026-09-11T15:47:35,EaseMyTrip,DEL-BLR,DEL,BLR,T+15,2026-09-26,Akasa Air,QP-1824,20:10,23:10,03h 00m,ECONOMY,U2,7774.0,1055.0,8829.0,9,Available
20260911_154545,2026-09-11T15:47:35,EaseMyTrip,DEL-BLR,DEL,BLR,T+15,2026-09-26,Air India Express,IX-1070,18:20,21:15,02h 55m,ECONOMY,H,7164.0,1864.0,9028.0,9,Available
20260911_154545,2026-09-11T15:47:35,EaseMyTrip,DEL-BLR,DEL,BLR,T+15,2026-09-26,IndiGo,6E-873,08:20,11:10,02h 50m,ECONOMY,R,7433.0,1853.0,9286.0,34,Available
20260911_154545,2026-09-11T15:47:35,EaseMyTrip,DEL-BLR,DEL,BLR,T+15,2026-09-26,IndiGo,6E-861,19:30,22:25,02h 55m,ECONOMY,R,7433.0,1853.0,9286.0,36,Available
20260911_154545,2026-09-11T15:47:35,EaseMyTrip,DEL-BLR,DEL,BLR,T+15,2026-09-26,IndiGo,6E-880,15:45,18:40,02h 55m,ECONOMY,R,7433.0,1853.0,9286.0,23,Available
20260911_154545,2026-09-11T15:47:35,EaseMyTrip,DEL-BLR,DEL,BLR,T+15,2026-09-26,IndiGo,6E-826,09:30,12:25,02h 55m,ECONOMY,R,7433.0,1853.0,9286.0,35,Available
20260911_154545,2026-09-11T15:47:35,EaseMyTrip,DEL-BLR,DEL,BLR,T+15,2026-09-26,Air India,AI-2409,06:00,08:55,02h 55m,ECONOMY,T,7427.0,1873.0,9300.0,9,Available
20260911_154545,2026-09-11T15:47:35,EaseMyTrip,DEL-BLR,DEL,BLR,T+15,2026-09-26,Air India,AI-2803,06:30,09:25,02h 55m,ECONOMY,T,7427.0,1873.0,9300.0,9,Available
20260911_154545,2026-09-11T15:47:35,EaseMyTrip,DEL-BLR,DEL,BLR,T+15,2026-09-26,Air India,AI-2757,00:15,03:10,02h 55m,ECONOMY,U,7719.0,1887.0,9606.0,9,Available
20260911_154545,2026-09-11T15:47:35,EaseMyTrip,DEL-BLR,DEL,BLR,T+15,2026-09-26,Air India,AI-2653,04:30,07:20,02h 50m,ECONOMY,U,7862.0,1894.0,9756.0,9,Available
20260911_154545,2026-09-11T15:47:35,EaseMyTrip,DEL-BLR,DEL,BLR,T+15,2026-09-26,Air India,AI-2815,07:00,09:55,02h 55m,ECONOMY,U,7862.0,1894.0,9756.0,9,Available
20260911_154545,2026-09-11T15:47:35,EaseMyTrip,DEL-BLR,DEL,BLR,T+15,2026-09-26,Air India,AI-2487,18:30,21:25,02h 55m,ECONOMY,U,7862.0,1894.0,9756.0,9,Available
20260911_154545,2026-09-11T15:47:35,EaseMyTrip,DEL-BLR,DEL,BLR,T+15,2026-09-26,Air India,AI-2512,19:00,21:55,02h 55m,ECONOMY,U,7862.0,1894.0,9756.0,9,Available
20260911_154545,2026-09-11T15:47:35,EaseMyTrip,DEL-BLR,DEL,BLR,T+15,2026-09-26,Air India,AI-2412,21:30,00:25,02h 55m,ECONOMY,U,7862.0,1894.0,9756.0,1,Available
20260911_154545,2026-09-11T15:47:35,EaseMyTrip,DEL-BLR,DEL,BLR,T+15,2026-09-26,IndiGo,6E-828,14:30,17:25,02h 55m,ECONOMY,R,7895.0,1876.0,9771.0,36,Available
20260911_154545,2026-09-11T15:47:35,EaseMyTrip,DEL-BLR,DEL,BLR,T+15,2026-09-26,IndiGo,6E-842,10:45,13:40,02h 55m,ECONOMY,R,7895.0,1876.0,9771.0,38,Available
20260911_154545,2026-09-11T15:47:35,EaseMyTrip,DEL-BLR,DEL,BLR,T+15,2026-09-26,IndiGo,6E-176,13:15,16:10,02h 55m,ECONOMY,R,7895.0,1876.0,9771.0,31,Available
20260911_154545,2026-09-11T15:47:35,EaseMyTrip,DEL-BLR,DEL,BLR,T+15,2026-09-26,IndiGo,6E-850,12:20,15:20,03h 00m,ECONOMY,R,7895.0,1876.0,9771.0,28,Available
20260911_154545,2026-09-11T15:47:35,EaseMyTrip,DEL-BLR,DEL,BLR,T+15,2026-09-26,Akasa Air,QP-1822,16:40,19:40,03h 00m,ECONOMY,R4,9108.0,1123.0,10231.0,9,Available
20260911_154545,2026-09-11T15:47:35,EaseMyTrip,DEL-BLR,DEL,BLR,T+15,2026-09-26,Air India,AI-2817,16:30,19:15,02h 45m,ECONOMY,L,8324.0,1918.0,10242.0,9,Available
20260911_154545,2026-09-11T15:47:35,EaseMyTrip,DEL-BLR,DEL,BLR,T+15,2026-09-26,Air India,AI-2809,19:30,22:20,02h 50m,ECONOMY,L,8324.0,1918.0,10242.0,9,Available
20260911_154545,2026-09-11T15:47:35,EaseMyTrip,DEL-BLR,DEL,BLR,T+15,2026-09-26,Air India,AI-2415,09:30,12:25,02h 55m,ECONOMY,L,8324.0,1918.0,10242.0,9,Available
20260911_154545,2026-09-11T15:47:35,EaseMyTrip,DEL-BLR,DEL,BLR,T+15,2026-09-26,Air India,AI-2664,15:50,18:45,02h 55m,ECONOMY,L,8324.0,1918.0,10242.0,9,Available
20260911_154545,2026-09-11T15:47:35,EaseMyTrip,DEL-BLR,DEL,BLR,T+15,2026-09-26,Air India,AI-427,08:30,11:20,02h 50m,ECONOMY,L,8491.0,1926.0,10417.0,9,Available
20260911_154545,2026-09-11T15:47:35,EaseMyTrip,DEL-BLR,DEL,BLR,T+15,2026-09-26,Air India,AI-2819,15:00,17:55,02h 55m,ECONOMY,L,8491.0,1926.0,10417.0,9,Available
20260911_154545,2026-09-11T15:47:35,EaseMyTrip,DEL-BLR,DEL,BLR,T+15,2026-09-26,Air India,AI-2485,10:30,13:20,02h 50m,ECONOMY,L,8657.0,1934.0,10591.0,9,Available
20260911_154545,2026-09-11T15:47:48,EaseMyTrip,BOM-BLR,BOM,BLR,T+1,2026-09-12,Akasa Air,QP-1518,21:45,23:45,02h 00m,ECONOMY,Q2,7056.0,1074.0,8130.0,8,Available
20260911_154545,2026-09-11T15:47:48,EaseMyTrip,BOM-BLR,BOM,BLR,T+1,2026-09-12,Air India,AI-2865,19:45,21:50,02h 05m,ECONOMY,Q,7341.0,1556.0,8897.0,9,Available
20260911_154545,2026-09-11T15:47:48,EaseMyTrip,BOM-BLR,BOM,BLR,T+1,2026-09-12,IndiGo,6E-5388,22:20,00:20,02h 00m,ECONOMY,R,7563.0,1494.0,9057.0,3,Available
20260911_154545,2026-09-11T15:47:48,EaseMyTrip,BOM-BLR,BOM,BLR,T+1,2026-09-12,Air India,AI-2641,18:30,20:35,02h 05m,ECONOMY,Q,7635.0,1571.0,9206.0,9,Available
20260911_154545,2026-09-11T15:47:48,EaseMyTrip,BOM-BLR,BOM,BLR,T+1,2026-09-12,IndiGo,6E-6188,21:30,23:25,01h 55m,ECONOMY,R,8063.0,1519.0,9582.0,2,Available
20260911_154545,2026-09-11T15:47:48,EaseMyTrip,BOM-BLR,BOM,BLR,T+1,2026-09-12,Air India,AI-2401,20:45,22:45,02h 00m,ECONOMY,K,9100.0,1644.0,10744.0,2,Available
20260911_154545,2026-09-11T15:47:48,EaseMyTrip,BOM-BLR,BOM,BLR,T+1,2026-09-12,Air India,AI-2849,17:30,19:35,02h 05m,ECONOMY,K,9464.0,1662.0,11126.0,9,Available
20260911_154545,2026-09-11T15:47:48,EaseMyTrip,BOM-BLR,BOM,BLR,T+1,2026-09-12,Akasa Air,QP-1382,18:25,20:20,01h 55m,ECONOMY,O4,10096.0,1226.0,11322.0,8,Available
20260911_154545,2026-09-11T15:47:48,EaseMyTrip,BOM-BLR,BOM,BLR,T+1,2026-09-12,IndiGo,6E-5047,18:30,20:25,01h 55m,ECONOMY,R,9763.0,1604.0,11367.0,1,Available
20260911_154545,2026-09-11T15:47:48,EaseMyTrip,BOM-BLR,BOM,BLR,T+1,2026-09-12,IndiGo,6E-5071,15:35,17:25,01h 50m,ECONOMY,R,10463.0,1639.0,12102.0,2,Available
20260911_154545,2026-09-11T15:47:48,EaseMyTrip,BOM-BLR,BOM,BLR,T+1,2026-09-12,IndiGo,6E-5221,17:00,18:55,01h 55m,ECONOMY,R,10463.0,1639.0,12102.0,3,Available
20260911_154545,2026-09-11T15:47:48,EaseMyTrip,BOM-BLR,BOM,BLR,T+1,2026-09-12,Air India,AI-2857,23:30,01:35,02h 05m,ECONOMY,H,10900.0,1734.0,12634.0,1,Available
20260911_154545,2026-09-11T15:47:48,EaseMyTrip,BOM-BLR,BOM,BLR,T+1,2026-09-12,IndiGo,6E-5382,14:30,16:25,01h 55m,ECONOMY,R,11163.0,1674.0,12837.0,1,Available
20260911_154545,2026-09-11T15:47:48,EaseMyTrip,BOM-BLR,BOM,BLR,T+1,2026-09-12,Akasa Air,QP-1133,19:40,21:45,02h 05m,ECONOMY,N4,12630.0,1354.0,13984.0,8,Available
20260911_154545,2026-09-11T15:47:48,EaseMyTrip,BOM-BLR,BOM,BLR,T+1,2026-09-12,IndiGo,6E-5184,12:30,14:25,01h 55m,ECONOMY,R,12763.0,1754.0,14517.0,7,Available
20260911_154545,2026-09-11T15:47:48,EaseMyTrip,BOM-BLR,BOM,BLR,T+1,2026-09-12,IndiGo,6E-5217,11:00,12:55,01h 55m,ECONOMY,R,12763.0,1754.0,14517.0,1,Available
20260911_154545,2026-09-11T15:47:48,EaseMyTrip,BOM-BLR,BOM,BLR,T+1,2026-09-12,Air India,AI-2812,02:05,04:10,02h 05m,ECONOMY,M,12700.0,1824.0,14524.0,1,Available
20260911_154545,2026-09-11T15:47:48,EaseMyTrip,BOM-BLR,BOM,BLR,T+1,2026-09-12,Akasa Air,QP-1527,07:35,09:35,02h 00m,ECONOMY,N3,13209.0,1382.0,14591.0,6,Available
20260911_154545,2026-09-11T15:47:48,EaseMyTrip,BOM-BLR,BOM,BLR,T+1,2026-09-12,Akasa Air,QP-1516,00:35,02:25,01h 50m,ECONOMY,N1,14446.0,1444.0,15890.0,9,Available
20260911_154545,2026-09-11T15:47:48,EaseMyTrip,BOM-BLR,BOM,BLR,T+1,2026-09-12,IndiGo,6E-5193,08:05,09:55,01h 50m,ECONOMY,R,14963.0,1864.0,16827.0,4,Available
20260911_154545,2026-09-11T15:47:48,EaseMyTrip,BOM-BLR,BOM,BLR,T+1,2026-09-12,IndiGo,6E-5296,06:30,08:25,01h 55m,ECONOMY,R,14963.0,1864.0,16827.0,4,Available
20260911_154545,2026-09-11T15:47:48,EaseMyTrip,BOM-BLR,BOM,BLR,T+1,2026-09-12,IndiGo,6E-5294,04:30,06:25,01h 55m,ECONOMY,R,14963.0,1864.0,16827.0,4,Available
20260911_154545,2026-09-11T15:47:48,EaseMyTrip,BOM-BLR,BOM,BLR,T+1,2026-09-12,IndiGo,6E-5092,09:50,11:55,02h 05m,ECONOMY,R,14963.0,1864.0,16827.0,4,Available
20260911_154545,2026-09-11T15:47:48,EaseMyTrip,BOM-BLR,BOM,BLR,T+1,2026-09-12,Air India,AI-2632,12:00,14:05,02h 05m,ECONOMY,B,15346.0,1956.0,17302.0,3,Available
20260911_154545,2026-09-11T15:47:48,EaseMyTrip,BOM-BLR,BOM,BLR,T+1,2026-09-12,Air India,AI-2863,10:00,12:05,02h 05m,ECONOMY,B,15647.0,1971.0,17618.0,1,Available
20260911_154545,2026-09-11T15:47:48,EaseMyTrip,BOM-BLR,BOM,BLR,T+1,2026-09-12,IndiGo,6E-5323,01:10,03:05,01h 55m,ECONOMY,R,16363.0,1934.0,18297.0,4,Available
20260911_154545,2026-09-11T15:47:48,EaseMyTrip,BOM-BLR,BOM,BLR,T+1,2026-09-12,Air India,AI-2410,05:30,07:35,02h 05m,ECONOMY,Y,17331.0,2055.0,19386.0,5,Available
20260911_154545,2026-09-11T15:47:48,EaseMyTrip,BOM-BLR,BOM,BLR,T+1,2026-09-12,Air India,AI-2853,15:25,17:35,02h 10m,ECONOMY,Y,17678.0,2073.0,19751.0,4,Available
20260911_154545,2026-09-11T15:48:09,EaseMyTrip,BOM-BLR,BOM,BLR,T+7,2026-09-18,Akasa Air,QP-1384,23:10,01:05,01h 55m,ECONOMY,R1,5898.0,1016.0,6914.0,8,Available
20260911_154545,2026-09-11T15:48:09,EaseMyTrip,BOM-BLR,BOM,BLR,T+7,2026-09-18,Akasa Air,QP-1518,21:45,23:45,02h 00m,ECONOMY,R1,5898.0,1016.0,6914.0,8,Available
20260911_154545,2026-09-11T15:48:09,EaseMyTrip,BOM-BLR,BOM,BLR,T+7,2026-09-18,Air India,AI-2857,23:30,01:35,02h 05m,ECONOMY,L,5582.0,1468.0,7050.0,9,Available
20260911_154545,2026-09-11T15:48:09,EaseMyTrip,BOM-BLR,BOM,BLR,T+7,2026-09-18,IndiGo,6E-5071,15:35,17:25,01h 50m,ECONOMY,R,5663.0,1399.0,7062.0,5,Available
20260911_154545,2026-09-11T15:48:09,EaseMyTrip,BOM-BLR,BOM,BLR,T+7,2026-09-18,IndiGo,6E-6188,21:30,23:25,01h 55m,ECONOMY,R,5663.0,1399.0,7062.0,5,Available
20260911_154545,2026-09-11T15:48:09,EaseMyTrip,BOM-BLR,BOM,BLR,T+7,2026-09-18,IndiGo,6E-5184,12:30,14:25,01h 55m,ECONOMY,R,5663.0,1399.0,7062.0,10,Available
20260911_154545,2026-09-11T15:48:09,EaseMyTrip,BOM-BLR,BOM,BLR,T+7,2026-09-18,IndiGo,6E-5217,11:00,12:55,01h 55m,ECONOMY,R,5663.0,1399.0,7062.0,5,Available
20260911_154545,2026-09-11T15:48:09,EaseMyTrip,BOM-BLR,BOM,BLR,T+7,2026-09-18,IndiGo,6E-5296,06:30,08:25,01h 55m,ECONOMY,R,5663.0,1399.0,7062.0,95,Available
20260911_154545,2026-09-11T15:48:09,EaseMyTrip,BOM-BLR,BOM,BLR,T+7,2026-09-18,IndiGo,6E-5388,22:20,00:20,02h 00m,ECONOMY,R,5663.0,1399.0,7062.0,61,Available
20260911_154545,2026-09-11T15:48:09,EaseMyTrip,BOM-BLR,BOM,BLR,T+7,2026-09-18,IndiGo,6E-5092,09:50,11:55,02h 05m,ECONOMY,R,5663.0,1399.0,7062.0,6,Available
20260911_154545,2026-09-11T15:48:09,EaseMyTrip,BOM-BLR,BOM,BLR,T+7,2026-09-18,IndiGo,6E-5193,08:05,09:55,01h 50m,ECONOMY,R,5963.0,1414.0,7377.0,73,Available
20260911_154545,2026-09-11T15:48:09,EaseMyTrip,BOM-BLR,BOM,BLR,T+7,2026-09-18,IndiGo,6E-5382,14:30,16:25,01h 55m,ECONOMY,R,5963.0,1414.0,7377.0,88,Available
20260911_154545,2026-09-11T15:48:09,EaseMyTrip,BOM-BLR,BOM,BLR,T+7,2026-09-18,IndiGo,6E-5221,17:00,18:55,01h 55m,ECONOMY,R,5963.0,1414.0,7377.0,1,Available
20260911_154545,2026-09-11T15:48:09,EaseMyTrip,BOM-BLR,BOM,BLR,T+7,2026-09-18,Air India,AI-2603,06:35,08:35,02h 00m,ECONOMY,L,5941.0,1486.0,7427.0,9,Available
20260911_154545,2026-09-11T15:48:09,EaseMyTrip,BOM-BLR,BOM,BLR,T+7,2026-09-18,Air India,AI-2853,15:25,17:35,02h 10m,ECONOMY,L,5941.0,1486.0,7427.0,9,Available
20260911_154545,2026-09-11T15:48:09,EaseMyTrip,BOM-BLR,BOM,BLR,T+7,2026-09-18,Akasa Air,QP-1527,07:35,09:35,02h 00m,ECONOMY,Q4,6451.0,1044.0,7495.0,8,Available
20260911_154545,2026-09-11T15:48:09,EaseMyTrip,BOM-BLR,BOM,BLR,T+7,2026-09-18,Air India,AI-2863,10:00,12:05,02h 05m,ECONOMY,L,6179.0,1498.0,7677.0,9,Available
20260911_154545,2026-09-11T15:48:09,EaseMyTrip,BOM-BLR,BOM,BLR,T+7,2026-09-18,Air India,AI-2632,12:00,14:05,02h 05m,ECONOMY,G,6241.0,1501.0,7742.0,2,Available
20260911_154545,2026-09-11T15:48:09,EaseMyTrip,BOM-BLR,BOM,BLR,T+7,2026-09-18,Air India,AI-2851,07:55,10:05,02h 10m,ECONOMY,L,6298.0,1504.0,7802.0,9,Available
20260911_154545,2026-09-11T15:48:09,EaseMyTrip,BOM-BLR,BOM,BLR,T+7,2026-09-18,Air India,AI-2849,17:30,19:35,02h 05m,ECONOMY,G,6491.0,1513.0,8004.0,9,Available
20260911_154545,2026-09-11T15:48:09,EaseMyTrip,BOM-BLR,BOM,BLR,T+7,2026-09-18,IndiGo,6E-5047,18:30,20:25,01h 55m,ECONOMY,R,7563.0,1494.0,9057.0,2,Available
20260911_154545,2026-09-11T15:48:09,EaseMyTrip,BOM-BLR,BOM,BLR,T+7,2026-09-18,Air India,AI-2401,20:45,22:45,02h 00m,ECONOMY,Q,7708.0,1574.0,9282.0,6,Available
20260911_154545,2026-09-11T15:48:09,EaseMyTrip,BOM-BLR,BOM,BLR,T+7,2026-09-18,Air India,AI-2865,19:45,21:50,02h 05m,ECONOMY,Q,7708.0,1574.0,9282.0,9,Available
20260911_154545,2026-09-11T15:48:35,EaseMyTrip,BOM-BLR,BOM,BLR,T+15,2026-09-26,Akasa Air,QP-1518,21:45,23:45,02h 00m,ECONOMY,R1,5898.0,1016.0,6914.0,8,Available
20260911_154545,2026-09-11T15:48:35,EaseMyTrip,BOM-BLR,BOM,BLR,T+15,2026-09-26,IndiGo,6E-5193,08:05,09:55,01h 50m,ECONOMY,R,5663.0,1399.0,7062.0,1,Available
20260911_154545,2026-09-11T15:48:35,EaseMyTrip,BOM-BLR,BOM,BLR,T+15,2026-09-26,IndiGo,6E-5047,18:30,20:25,01h 55m,ECONOMY,R,5663.0,1399.0,7062.0,19,Available
20260911_154545,2026-09-11T15:48:35,EaseMyTrip,BOM-BLR,BOM,BLR,T+15,2026-09-26,IndiGo,6E-5382,14:30,16:25,01h 55m,ECONOMY,R,5663.0,1399.0,7062.0,5,Available
20260911_154545,2026-09-11T15:48:35,EaseMyTrip,BOM-BLR,BOM,BLR,T+15,2026-09-26,IndiGo,6E-5184,12:30,14:25,01h 55m,ECONOMY,R,5663.0,1399.0,7062.0,6,Available
20260911_154545,2026-09-11T15:48:35,EaseMyTrip,BOM-BLR,BOM,BLR,T+15,2026-09-26,IndiGo,6E-5221,17:00,18:55,01h 55m,ECONOMY,R,5663.0,1399.0,7062.0,7,Available
20260911_154545,2026-09-11T15:48:35,EaseMyTrip,BOM-BLR,BOM,BLR,T+15,2026-09-26,IndiGo,6E-5296,06:30,08:25,01h 55m,ECONOMY,R,5663.0,1399.0,7062.0,94,Available
20260911_154545,2026-09-11T15:48:35,EaseMyTrip,BOM-BLR,BOM,BLR,T+15,2026-09-26,IndiGo,6E-5388,22:20,00:20,02h 00m,ECONOMY,R,5663.0,1399.0,7062.0,105,Available
20260911_154545,2026-09-11T15:48:35,EaseMyTrip,BOM-BLR,BOM,BLR,T+15,2026-09-26,IndiGo,6E-5092,09:50,11:55,02h 05m,ECONOMY,R,5663.0,1399.0,7062.0,5,Available
20260911_154545,2026-09-11T15:48:35,EaseMyTrip,BOM-BLR,BOM,BLR,T+15,2026-09-26,Akasa Air,QP-1382,18:25,20:20,01h 55m,ECONOMY,R0,6169.0,1030.0,7199.0,8,Available
20260911_154545,2026-09-11T15:48:35,EaseMyTrip,BOM-BLR,BOM,BLR,T+15,2026-09-26,Akasa Air,QP-1527,07:35,09:35,02h 00m,ECONOMY,R0,6169.0,1030.0,7199.0,8,Available
20260911_154545,2026-09-11T15:48:35,EaseMyTrip,BOM-BLR,BOM,BLR,T+15,2026-09-26,IndiGo,6E-5071,15:35,17:25,01h 50m,ECONOMY,R,5963.0,1414.0,7377.0,41,Available
20260911_154545,2026-09-11T15:48:35,EaseMyTrip,BOM-BLR,BOM,BLR,T+15,2026-09-26,IndiGo,6E-6188,21:30,23:25,01h 55m,ECONOMY,R,5963.0,1414.0,7377.0,70,Available
20260911_154545,2026-09-11T15:48:35,EaseMyTrip,BOM-BLR,BOM,BLR,T+15,2026-09-26,Air India,AI-2603,06:35,08:35,02h 00m,ECONOMY,L,5941.0,1486.0,7427.0,9,Available
20260911_154545,2026-09-11T15:48:35,EaseMyTrip,BOM-BLR,BOM,BLR,T+15,2026-09-26,Air India,AI-2401,20:45,22:45,02h 00m,ECONOMY,L,5941.0,1486.0,7427.0,9,Available
20260911_154545,2026-09-11T15:48:35,EaseMyTrip,BOM-BLR,BOM,BLR,T+15,2026-09-26,Air India,AI-2865,19:45,21:50,02h 05m,ECONOMY,L,5941.0,1486.0,7427.0,9,Available
20260911_154545,2026-09-11T15:48:35,EaseMyTrip,BOM-BLR,BOM,BLR,T+15,2026-09-26,Air India,AI-2853,15:25,17:35,02h 10m,ECONOMY,L,6060.0,1492.0,7552.0,9,Available
20260911_154545,2026-09-11T15:48:35,EaseMyTrip,BOM-BLR,BOM,BLR,T+15,2026-09-26,Air India,AI-2849,17:30,19:35,02h 05m,ECONOMY,L,6179.0,1498.0,7677.0,9,Available
20260911_154545,2026-09-11T15:48:35,EaseMyTrip,BOM-BLR,BOM,BLR,T+15,2026-09-26,Air India,AI-2641,18:30,20:35,02h 05m,ECONOMY,L,6179.0,1498.0,7677.0,9,Available
20260911_154545,2026-09-11T15:48:35,EaseMyTrip,BOM-BLR,BOM,BLR,T+15,2026-09-26,IndiGo,6E-5217,11:00,12:55,01h 55m,ECONOMY,R,6263.0,1429.0,7692.0,72,Available
20260911_154545,2026-09-11T15:48:35,EaseMyTrip,BOM-BLR,BOM,BLR,T+15,2026-09-26,Air India,AI-2851,07:55,10:05,02h 10m,ECONOMY,L,6298.0,1504.0,7802.0,9,Available
20260911_154545,2026-09-11T15:48:35,EaseMyTrip,BOM-BLR,BOM,BLR,T+15,2026-09-26,Air India,AI-2863,10:00,12:05,02h 05m,ECONOMY,G,6491.0,1513.0,8004.0,7,Available
20260911_154545,2026-09-11T15:48:35,EaseMyTrip,BOM-BLR,BOM,BLR,T+15,2026-09-26,Akasa Air,QP-1133,19:40,21:45,02h 05m,ECONOMY,Q2,7056.0,1074.0,8130.0,7,Available
20260911_154545,2026-09-11T15:48:35,EaseMyTrip,BOM-BLR,BOM,BLR,T+15,2026-09-26,Air India,AI-2632,12:00,14:05,02h 05m,ECONOMY,W,6672.0,1522.0,8194.0,4,Available
20260911_173140,2026-09-11T17:32:06,EaseMyTrip,DEL-BOM,DEL,BOM,T+1,2026-09-12,IndiGo,6E-322,23:30,01:45,02h 15m,ECONOMY,R,5065.0,1465.0,6530.0,32,Available
20260911_173140,2026-09-11T17:32:06,EaseMyTrip,DEL-BOM,DEL,BOM,T+1,2026-09-12,IndiGo,6E-329,18:00,20:15,02h 15m,ECONOMY,R,5065.0,1465.0,6530.0,35,Available
20260911_173140,2026-09-11T17:32:06,EaseMyTrip,DEL-BOM,DEL,BOM,T+1,2026-09-12,IndiGo,6E-6706,17:00,19:15,02h 15m,ECONOMY,R,5065.0,1465.0,6530.0,19,Available
20260911_173140,2026-09-11T17:32:06,EaseMyTrip,DEL-BOM,DEL,BOM,T+1,2026-09-12,IndiGo,6E-864,15:30,17:45,02h 15m,ECONOMY,R,5065.0,1465.0,6530.0,14,Available
20260911_173140,2026-09-11T17:32:06,EaseMyTrip,DEL-BOM,DEL,BOM,T+1,2026-09-12,IndiGo,6E-6318,14:45,17:00,02h 15m,ECONOMY,R,5065.0,1465.0,6530.0,30,Available
20260911_173140,2026-09-11T17:32:06,EaseMyTrip,DEL-BOM,DEL,BOM,T+1,2026-09-12,IndiGo,6E-6218,06:05,08:20,02h 15m,ECONOMY,R,5065.0,1465.0,6530.0,5,Available
20260911_173140,2026-09-11T17:32:06,EaseMyTrip,DEL-BOM,DEL,BOM,T+1,2026-09-12,IndiGo,6E-6814,07:15,09:30,02h 15m,ECONOMY,R,5065.0,1465.0,6530.0,26,Available
20260911_173140,2026-09-11T17:32:06,EaseMyTrip,DEL-BOM,DEL,BOM,T+1,2026-09-12,Akasa Air,QP-1128,16:00,18:20,02h 20m,ECONOMY,U1,5640.0,890.0,6530.0,9,Available
20260911_173140,2026-09-11T17:32:06,EaseMyTrip,DEL-BOM,DEL,BOM,T+1,2026-09-12,IndiGo,6E-6114,22:45,01:05,02h 20m,ECONOMY,R,5065.0,1465.0,6530.0,93,Available
20260911_173140,2026-09-11T17:32:06,EaseMyTrip,DEL-BOM,DEL,BOM,T+1,2026-09-12,IndiGo,6E-327,16:15,18:35,02h 20m,ECONOMY,R,5065.0,1465.0,6530.0,46,Available
20260911_173140,2026-09-11T17:32:06,EaseMyTrip,DEL-BOM,DEL,BOM,T+1,2026-09-12,IndiGo,6E-395,21:45,00:05,02h 20m,ECONOMY,R,5065.0,1465.0,6530.0,38,Available
20260911_173140,2026-09-11T17:32:06,EaseMyTrip,DEL-BOM,DEL,BOM,T+1,2026-09-12,Akasa Air,QP-1826,19:55,22:20,02h 25m,ECONOMY,U1,5640.0,890.0,6530.0,9,Available
20260911_173140,2026-09-11T17:32:06,EaseMyTrip,DEL-BOM,DEL,BOM,T+1,2026-09-12,IndiGo,6E-354,19:00,21:25,02h 25m,ECONOMY,R,5065.0,1465.0,6530.0,1,Available
20260911_173140,2026-09-11T17:32:06,EaseMyTrip,DEL-BOM,DEL,BOM,T+1,2026-09-12,IndiGo,6E-6022,14:00,16:25,02h 25m,ECONOMY,R,5065.0,1465.0,6530.0,16,Available
20260911_173140,2026-09-11T17:32:06,EaseMyTrip,DEL-BOM,DEL,BOM,T+1,2026-09-12,Air India Express,IX-1235,23:25,01:50,02h 25m,ECONOMY,H,5191.0,1497.0,6688.0,9,Available
20260911_173140,2026-09-11T17:32:06,EaseMyTrip,DEL-BOM,DEL,BOM,T+1,2026-09-12,Akasa Air,QP-1112,09:20,11:40,02h 20m,ECONOMY,U0,5715.0,894.0,6609.0,9,Available
20260911_173140,2026-09-11T17:32:06,EaseMyTrip,DEL-BOM,DEL,BOM,T+1,2026-09-12,IndiGo,6E-303,20:00,22:10,02h 10m,ECONOMY,R,5215.0,1473.0,6688.0,3,Available
20260911_173140,2026-09-11T17:32:06,EaseMyTrip,DEL-BOM,DEL,BOM,T+1,2026-09-12,IndiGo,6E-675,08:45,11:00,02h 15m,ECONOMY,R,5215.0,1473.0,6688.0,2,Available
20260911_173140,2026-09-11T17:32:06,EaseMyTrip,DEL-BOM,DEL,BOM,T+1,2026-09-12,IndiGo,6E-320,08:00,10:20,02h 20m,ECONOMY,R,5215.0,1473.0,6688.0,24,Available
20260911_173140,2026-09-11T17:32:06,EaseMyTrip,DEL-BOM,DEL,BOM,T+1,2026-09-12,Akasa Air,QP-1820,17:30,19:45,02h 15m,ECONOMY,T4,5829.0,900.0,6729.0,9,Available
20260911_173140,2026-09-11T17:32:06,EaseMyTrip,DEL-BOM,DEL,BOM,T+1,2026-09-12,Air India,AI-1745,05:00,07:20,02h 20m,ECONOMY,S,5236.0,1494.0,6730.0,1,Available
20260911_173140,2026-09-11T17:32:06,EaseMyTrip,DEL-BOM,DEL,BOM,T+1,2026-09-12,Air India,AI-2439,23:00,01:25,02h 25m,ECONOMY,S,5236.0,1494.0,6730.0,9,Available
20260911_173140,2026-09-11T17:32:06,EaseMyTrip,DEL-BOM,DEL,BOM,T+1,2026-09-12,Akasa Air,QP-1833,06:50,09:10,02h 20m,ECONOMY,T3,5945.0,906.0,6851.0,9,Available
20260911_173140,2026-09-11T17:32:06,EaseMyTrip,DEL-BOM,DEL,BOM,T+1,2026-09-12,Akasa Air,QP-1119,08:40,11:05,02h 25m,ECONOMY,T3,5945.0,906.0,6851.0,9,Available
20260911_173140,2026-09-11T17:32:06,EaseMyTrip,DEL-BOM,DEL,BOM,T+1,2026-09-12,IndiGo,6E-324,13:00,15:10,02h 10m,ECONOMY,R,5415.0,1483.0,6898.0,14,Available
20260911_173140,2026-09-11T17:32:06,EaseMyTrip,DEL-BOM,DEL,BOM,T+1,2026-09-12,IndiGo,6E-6676,12:00,14:15,02h 15m,ECONOMY,R,5415.0,1483.0,6898.0,10,Available
20260911_173140,2026-09-11T17:32:06,EaseMyTrip,DEL-BOM,DEL,BOM,T+1,2026-09-12,IndiGo,6E-6328,10:15,12:35,02h 20m,ECONOMY,R,5415.0,1483.0,6898.0,2,Available
20260911_173140,2026-09-11T17:32:06,EaseMyTrip,DEL-BOM,DEL,BOM,T+1,2026-09-12,IndiGo,6E-6107,09:30,11:55,02h 25m,ECONOMY,R,5415.0,1483.0,6898.0,10,Available
20260911_173140,2026-09-11T17:32:06,EaseMyTrip,DEL-BOM,DEL,BOM,T+1,2026-09-12,Air India,AI-865,08:55,11:10,02h 15m,ECONOMY,S,5493.0,1507.0,7000.0,9,Available
20260911_173140,2026-09-11T17:32:06,EaseMyTrip,DEL-BOM,DEL,BOM,T+1,2026-09-12,Air India,AI-2975,06:30,08:50,02h 20m,ECONOMY,S,5493.0,1507.0,7000.0,9,Available
20260911_173140,2026-09-11T17:32:06,EaseMyTrip,DEL-BOM,DEL,BOM,T+1,2026-09-12,Air India,AI-2941,16:30,18:50,02h 20m,ECONOMY,S,5493.0,1507.0,7000.0,9,Available
20260911_173140,2026-09-11T17:32:06,EaseMyTrip,DEL-BOM,DEL,BOM,T+1,2026-09-12,Air India,AI-1777,16:00,18:25,02h 25m,ECONOMY,S,5493.0,1507.0,7000.0,9,Available
20260911_173140,2026-09-11T17:32:06,EaseMyTrip,DEL-BOM,DEL,BOM,T+1,2026-09-12,Air India,AI-441,17:00,19:25,02h 25m,ECONOMY,S,5493.0,1507.0,7000.0,9,Available
20260911_173140,2026-09-11T17:32:06,EaseMyTrip,DEL-BOM,DEL,BOM,T+1,2026-09-12,Air India,AI-2955,18:00,20:25,02h 25m,ECONOMY,S,5493.0,1507.0,7000.0,9,Available
20260911_173140,2026-09-11T17:32:06,EaseMyTrip,DEL-BOM,DEL,BOM,T+1,2026-09-12,Air India,AI-2977,19:00,21:25,02h 25m,ECONOMY,S,5493.0,1507.0,7000.0,9,Available
20260911_173140,2026-09-11T17:32:06,EaseMyTrip,DEL-BOM,DEL,BOM,T+1,2026-09-12,Air India,AI-2985,19:30,21:55,02h 25m,ECONOMY,S,5493.0,1507.0,7000.0,9,Available
20260911_173140,2026-09-11T17:32:06,EaseMyTrip,DEL-BOM,DEL,BOM,T+1,2026-09-12,Air India,AI-2433,21:30,23:55,02h 25m,ECONOMY,S,5493.0,1507.0,7000.0,9,Available
20260911_173140,2026-09-11T17:32:06,EaseMyTrip,DEL-BOM,DEL,BOM,T+1,2026-09-12,Air India,AI-2927,09:30,12:00,02h 30m,ECONOMY,S,5493.0,1507.0,7000.0,9,Available
20260911_173140,2026-09-11T17:32:06,EaseMyTrip,DEL-BOM,DEL,BOM,T+1,2026-09-12,Air India,AI-2678,08:30,10:45,02h 15m,ECONOMY,T,5644.0,1515.0,7159.0,9,Available
20260911_173140,2026-09-11T17:32:06,EaseMyTrip,DEL-BOM,DEL,BOM,T+1,2026-09-12,Air India,AI-2963,09:00,11:15,02h 15m,ECONOMY,T,5644.0,1515.0,7159.0,9,Available
20260911_173140,2026-09-11T17:32:06,EaseMyTrip,DEL-BOM,DEL,BOM,T+1,2026-09-12,Air India,AI-2981,21:00,23:20,02h 20m,ECONOMY,T,5644.0,1515.0,7159.0,7,Available
20260911_173140,2026-09-11T17:32:06,EaseMyTrip,DEL-BOM,DEL,BOM,T+1,2026-09-12,Air India,AI-2429,07:00,09:25,02h 25m,ECONOMY,T,5644.0,1515.0,7159.0,9,Available
20260911_173140,2026-09-11T17:32:06,EaseMyTrip,DEL-BOM,DEL,BOM,T+1,2026-09-12,Air India,AI-2943,07:30,09:55,02h 25m,ECONOMY,T,5644.0,1515.0,7159.0,9,Available
20260911_173140,2026-09-11T17:32:06,EaseMyTrip,DEL-BOM,DEL,BOM,T+1,2026-09-12,Air India,AI-2995,10:00,12:25,02h 25m,ECONOMY,T,5644.0,1515.0,7159.0,9,Available
20260911_173140,2026-09-11T17:32:06,EaseMyTrip,DEL-BOM,DEL,BOM,T+1,2026-09-12,Air India,AI-2933,15:30,17:55,02h 25m,ECONOMY,T,5644.0,1515.0,7159.0,9,Available
20260911_173140,2026-09-11T17:32:06,EaseMyTrip,DEL-BOM,DEL,BOM,T+1,2026-09-12,Air India,AI-2957,20:30,23:05,02h 35m,ECONOMY,T,5644.0,1515.0,7159.0,9,Available
20260911_173140,2026-09-11T17:32:06,EaseMyTrip,DEL-BOM,DEL,BOM,T+1,2026-09-12,IndiGo,6E-6047,11:00,13:15,02h 15m,ECONOMY,R,5665.0,1495.0,7160.0,9,Available
20260911_173140,2026-09-11T17:32:06,EaseMyTrip,DEL-BOM,DEL,BOM,T+1,2026-09-12,Akasa Air,QP-1110,10:30,12:45,02h 15m,ECONOMY,T0,6309.0,924.0,7233.0,9,Available
20260911_173140,2026-09-11T17:32:06,EaseMyTrip,DEL-BOM,DEL,BOM,T+1,2026-09-12,IndiGo,6E-449,05:00,07:15,02h 15m,ECONOMY,R,5965.0,1510.0,7475.0,5,Available
20260911_173140,2026-09-11T17:32:06,EaseMyTrip,DEL-BOM,DEL,BOM,T+1,2026-09-12,Air India,AI-1785,12:00,14:25,02h 25m,ECONOMY,L,6093.0,1537.0,7630.0,4,Available
20260911_173140,2026-09-11T17:32:06,EaseMyTrip,DEL-BOM,DEL,BOM,T+1,2026-09-12,Akasa Air,QP-1836,12:30,14:55,02h 25m,ECONOMY,R2,6696.0,942.0,7638.0,9,Available
20260911_173140,2026-09-11T17:32:06,EaseMyTrip,DEL-BOM,DEL,BOM,T+1,2026-09-12,Air India,AI-2945,11:00,13:25,02h 25m,ECONOMY,G,6393.0,1552.0,7945.0,9,Available
20260911_173140,2026-09-11T17:32:16,EaseMyTrip,DEL-BOM,DEL,BOM,T+7,2026-09-18,Air India Express,IX-1056,05:35,08:05,02h 30m,ECONOMY,G,5040.0,1489.0,6529.0,9,Available
20260911_173140,2026-09-11T17:32:16,EaseMyTrip,DEL-BOM,DEL,BOM,T+7,2026-09-18,IndiGo,6E-324,13:00,15:10,02h 10m,ECONOMY,R,5065.0,1465.0,6530.0,54,Available
20260911_173140,2026-09-11T17:32:16,EaseMyTrip,DEL-BOM,DEL,BOM,T+7,2026-09-18,Akasa Air,QP-1110,10:30,12:45,02h 15m,ECONOMY,U1,5640.0,890.0,6530.0,9,Available
20260911_173140,2026-09-11T17:32:16,EaseMyTrip,DEL-BOM,DEL,BOM,T+7,2026-09-18,IndiGo,6E-449,05:00,07:15,02h 15m,ECONOMY,R,5065.0,1465.0,6530.0,110,Available
20260911_173140,2026-09-11T17:32:16,EaseMyTrip,DEL-BOM,DEL,BOM,T+7,2026-09-18,IndiGo,6E-864,15:30,17:45,02h 15m,ECONOMY,R,5065.0,1465.0,6530.0,82,Available
20260911_173140,2026-09-11T17:32:16,EaseMyTrip,DEL-BOM,DEL,BOM,T+7,2026-09-18,IndiGo,6E-6318,14:45,17:00,02h 15m,ECONOMY,R,5065.0,1465.0,6530.0,82,Available
20260911_173140,2026-09-11T17:32:16,EaseMyTrip,DEL-BOM,DEL,BOM,T+7,2026-09-18,IndiGo,6E-675,08:45,11:00,02h 15m,ECONOMY,R,5065.0,1465.0,6530.0,24,Available
20260911_173140,2026-09-11T17:32:16,EaseMyTrip,DEL-BOM,DEL,BOM,T+7,2026-09-18,IndiGo,6E-6047,11:00,13:15,02h 15m,ECONOMY,R,5065.0,1465.0,6530.0,55,Available
20260911_173140,2026-09-11T17:32:16,EaseMyTrip,DEL-BOM,DEL,BOM,T+7,2026-09-18,IndiGo,6E-6676,12:00,14:15,02h 15m,ECONOMY,R,5065.0,1465.0,6530.0,75,Available
20260911_173140,2026-09-11T17:32:16,EaseMyTrip,DEL-BOM,DEL,BOM,T+7,2026-09-18,Akasa Air,QP-1833,06:50,09:10,02h 20m,ECONOMY,U1,5640.0,890.0,6530.0,9,Available
20260911_173140,2026-09-11T17:32:16,EaseMyTrip,DEL-BOM,DEL,BOM,T+7,2026-09-18,Akasa Air,QP-1112,09:20,11:40,02h 20m,ECONOMY,U1,5640.0,890.0,6530.0,9,Available
20260911_173140,2026-09-11T17:32:16,EaseMyTrip,DEL-BOM,DEL,BOM,T+7,2026-09-18,Akasa Air,QP-1128,16:00,18:20,02h 20m,ECONOMY,U1,5640.0,890.0,6530.0,9,Available
20260911_173140,2026-09-11T17:32:16,EaseMyTrip,DEL-BOM,DEL,BOM,T+7,2026-09-18,IndiGo,6E-6328,10:15,12:35,02h 20m,ECONOMY,R,5065.0,1465.0,6530.0,43,Available
20260911_173140,2026-09-11T17:32:16,EaseMyTrip,DEL-BOM,DEL,BOM,T+7,2026-09-18,Akasa Air,QP-1119,08:40,11:05,02h 25m,ECONOMY,U1,5640.0,890.0,6530.0,9,Available
20260911_173140,2026-09-11T17:32:16,EaseMyTrip,DEL-BOM,DEL,BOM,T+7,2026-09-18,Akasa Air,QP-1836,12:30,14:55,02h 25m,ECONOMY,U1,5640.0,890.0,6530.0,9,Available
20260911_173140,2026-09-11T17:32:16,EaseMyTrip,DEL-BOM,DEL,BOM,T+7,2026-09-18,IndiGo,6E-6022,14:00,16:25,02h 25m,ECONOMY,R,5065.0,1465.0,6530.0,102,Available
20260911_173140,2026-09-11T17:32:16,EaseMyTrip,DEL-BOM,DEL,BOM,T+7,2026-09-18,IndiGo,6E-6107,09:30,11:55,02h 25m,ECONOMY,R,5065.0,1465.0,6530.0,61,Available
20260911_173140,2026-09-11T17:32:16,EaseMyTrip,DEL-BOM,DEL,BOM,T+7,2026-09-18,IndiGo,6E-6218,06:05,08:20,02h 15m,ECONOMY,R,5215.0,1473.0,6688.0,78,Available
20260911_173140,2026-09-11T17:32:16,EaseMyTrip,DEL-BOM,DEL,BOM,T+7,2026-09-18,IndiGo,6E-327,16:15,18:35,02h 20m,ECONOMY,R,5215.0,1473.0,6688.0,63,Available
20260911_173140,2026-09-11T17:32:16,EaseMyTrip,DEL-BOM,DEL,BOM,T+7,2026-09-18,Air India,AI-1745,05:00,07:20,02h 20m,ECONOMY,S,5236.0,1494.0,6730.0,9,Available
20260911_173140,2026-09-11T17:32:16,EaseMyTrip,DEL-BOM,DEL,BOM,T+7,2026-09-18,IndiGo,6E-6814,07:15,09:30,02h 15m,ECONOMY,R,5415.0,1483.0,6898.0,74,Available
20260911_173140,2026-09-11T17:32:16,EaseMyTrip,DEL-BOM,DEL,BOM,T+7,2026-09-18,IndiGo,6E-320,08:00,10:20,02h 20m,ECONOMY,R,5415.0,1483.0,6898.0,61,Available
20260911_173140,2026-09-11T17:32:16,EaseMyTrip,DEL-BOM,DEL,BOM,T+7,2026-09-18,Air India,AI-2678,08:30,10:45,02h 15m,ECONOMY,S,5493.0,1507.0,7000.0,9,Available
20260911_173140,2026-09-11T17:32:16,EaseMyTrip,DEL-BOM,DEL,BOM,T+7,2026-09-18,Air India,AI-2425,10:30,12:50,02h 20m,ECONOMY,S,5493.0,1507.0,7000.0,9,Available
20260911_173140,2026-09-11T17:32:16,EaseMyTrip,DEL-BOM,DEL,BOM,T+7,2026-09-18,Air India,AI-2441,14:10,16:30,02h 20m,ECONOMY,S,5493.0,1507.0,7000.0,9,Available
20260911_173140,2026-09-11T17:32:16,EaseMyTrip,DEL-BOM,DEL,BOM,T+7,2026-09-18,Air India,AI-2995,10:00,12:25,02h 25m,ECONOMY,S,5493.0,1507.0,7000.0,9,Available
20260911_173140,2026-09-11T17:32:16,EaseMyTrip,DEL-BOM,DEL,BOM,T+7,2026-09-18,Air India,AI-2945,11:00,13:25,02h 25m,ECONOMY,S,5493.0,1507.0,7000.0,9,Available
20260911_173140,2026-09-11T17:32:16,EaseMyTrip,DEL-BOM,DEL,BOM,T+7,2026-09-18,Air India,AI-1785,12:00,14:25,02h 25m,ECONOMY,S,5493.0,1507.0,7000.0,9,Available
20260911_173140,2026-09-11T17:32:16,EaseMyTrip,DEL-BOM,DEL,BOM,T+7,2026-09-18,Air India,AI-2933,15:30,17:55,02h 25m,ECONOMY,S,5493.0,1507.0,7000.0,9,Available
20260911_173140,2026-09-11T17:32:16,EaseMyTrip,DEL-BOM,DEL,BOM,T+7,2026-09-18,Air India,AI-1777,16:00,18:25,02h 25m,ECONOMY,S,5493.0,1507.0,7000.0,9,Available
20260911_173140,2026-09-11T17:32:16,EaseMyTrip,DEL-BOM,DEL,BOM,T+7,2026-09-18,Air India,AI-441,17:00,19:25,02h 25m,ECONOMY,S,5493.0,1507.0,7000.0,9,Available
20260911_173140,2026-09-11T17:32:16,EaseMyTrip,DEL-BOM,DEL,BOM,T+7,2026-09-18,Air India,AI-2927,09:30,12:00,02h 30m,ECONOMY,S,5493.0,1507.0,7000.0,9,Available
20260911_173140,2026-09-11T17:32:16,EaseMyTrip,DEL-BOM,DEL,BOM,T+7,2026-09-18,Air India,AI-2975,06:30,08:50,02h 20m,ECONOMY,T,5644.0,1515.0,7159.0,9,Available
20260911_173140,2026-09-11T17:32:16,EaseMyTrip,DEL-BOM,DEL,BOM,T+7,2026-09-18,Air India,AI-2951,13:30,15:50,02h 20m,ECONOMY,T,5644.0,1515.0,7159.0,4,Available
20260911_173140,2026-09-11T17:32:16,EaseMyTrip,DEL-BOM,DEL,BOM,T+7,2026-09-18,Air India,AI-2941,16:30,18:50,02h 20m,ECONOMY,T,5644.0,1515.0,7159.0,9,Available
20260911_173140,2026-09-11T17:32:16,EaseMyTrip,DEL-BOM,DEL,BOM,T+7,2026-09-18,Air India,AI-1780,16:10,20:00,03h 50m,ECONOMY,T,5644.0,1515.0,7159.0,9,Available
20260911_173140,2026-09-11T17:32:16,EaseMyTrip,DEL-BOM,DEL,BOM,T+7,2026-09-18,IndiGo,6E-6114,22:45,01:05,02h 20m,ECONOMY,R,5665.0,1495.0,7160.0,9,Available
20260911_173140,2026-09-11T17:32:16,EaseMyTrip,DEL-BOM,DEL,BOM,T+7,2026-09-18,Air India Express,IX-1235,23:25,01:50,02h 25m,ECONOMY,E,5976.0,1537.0,7513.0,6,Available
20260911_173140,2026-09-11T17:32:16,EaseMyTrip,DEL-BOM,DEL,BOM,T+7,2026-09-18,Air India,AI-2429,07:00,09:25,02h 25m,ECONOMY,U,5844.0,1525.0,7369.0,9,Available
20260911_173140,2026-09-11T17:32:16,EaseMyTrip,DEL-BOM,DEL,BOM,T+7,2026-09-18,Air India,AI-2943,07:30,09:55,02h 25m,ECONOMY,U,5844.0,1525.0,7369.0,9,Available
20260911_173140,2026-09-11T17:32:16,EaseMyTrip,DEL-BOM,DEL,BOM,T+7,2026-09-18,IndiGo,6E-322,23:30,01:45,02h 15m,ECONOMY,R,5965.0,1510.0,7475.0,10,Available
20260911_173140,2026-09-11T17:32:16,EaseMyTrip,DEL-BOM,DEL,BOM,T+7,2026-09-18,Air India,AI-2439,23:00,01:25,02h 25m,ECONOMY,L,6093.0,1537.0,7630.0,9,Available
20260911_173140,2026-09-11T17:32:16,EaseMyTrip,DEL-BOM,DEL,BOM,T+7,2026-09-18,IndiGo,6E-6706,17:00,19:15,02h 15m,ECONOMY,R,6265.0,1525.0,7790.0,3,Available
20260911_173140,2026-09-11T17:32:16,EaseMyTrip,DEL-BOM,DEL,BOM,T+7,2026-09-18,Akasa Air,QP-1820,17:30,19:45,02h 15m,ECONOMY,Q4,7105.0,964.0,8069.0,9,Available
20260911_173140,2026-09-11T17:32:40,EaseMyTrip,DEL-BOM,DEL,BOM,T+15,2026-09-26,IndiGo,6E-324,13:00,15:10,02h 10m,ECONOMY,R,5065.0,1465.0,6530.0,12,Available
20260911_173140,2026-09-11T17:32:40,EaseMyTrip,DEL-BOM,DEL,BOM,T+15,2026-09-26,IndiGo,6E-322,23:30,01:45,02h 15m,ECONOMY,R,5065.0,1465.0,6530.0,11,Available
20260911_173140,2026-09-11T17:32:40,EaseMyTrip,DEL-BOM,DEL,BOM,T+15,2026-09-26,IndiGo,6E-329,18:00,20:15,02h 15m,ECONOMY,R,5065.0,1465.0,6530.0,11,Available
20260911_173140,2026-09-11T17:32:40,EaseMyTrip,DEL-BOM,DEL,BOM,T+15,2026-09-26,IndiGo,6E-6706,17:00,19:15,02h 15m,ECONOMY,R,5065.0,1465.0,6530.0,85,Available
20260911_173140,2026-09-11T17:32:40,EaseMyTrip,DEL-BOM,DEL,BOM,T+15,2026-09-26,IndiGo,6E-864,15:30,17:45,02h 15m,ECONOMY,R,5065.0,1465.0,6530.0,64,Available
20260911_173140,2026-09-11T17:32:40,EaseMyTrip,DEL-BOM,DEL,BOM,T+15,2026-09-26,IndiGo,6E-6318,14:45,17:00,02h 15m,ECONOMY,R,5065.0,1465.0,6530.0,91,Available
20260911_173140,2026-09-11T17:32:40,EaseMyTrip,DEL-BOM,DEL,BOM,T+15,2026-09-26,IndiGo,6E-675,08:45,11:00,02h 15m,ECONOMY,R,5065.0,1465.0,6530.0,60,Available
20260911_173140,2026-09-11T17:32:40,EaseMyTrip,DEL-BOM,DEL,BOM,T+15,2026-09-26,IndiGo,6E-6814,07:15,09:30,02h 15m,ECONOMY,R,5065.0,1465.0,6530.0,12,Available
20260911_173140,2026-09-11T17:32:40,EaseMyTrip,DEL-BOM,DEL,BOM,T+15,2026-09-26,IndiGo,6E-6047,11:00,13:15,02h 15m,ECONOMY,R,5065.0,1465.0,6530.0,1,Available
20260911_173140,2026-09-11T17:32:40,EaseMyTrip,DEL-BOM,DEL,BOM,T+15,2026-09-26,IndiGo,6E-6676,12:00,14:15,02h 15m,ECONOMY,R,5065.0,1465.0,6530.0,12,Available
20260911_173140,2026-09-11T17:32:40,EaseMyTrip,DEL-BOM,DEL,BOM,T+15,2026-09-26,Akasa Air,QP-1112,09:20,11:40,02h 20m,ECONOMY,U1,5640.0,890.0,6530.0,9,Available
20260911_173140,2026-09-11T17:32:40,EaseMyTrip,DEL-BOM,DEL,BOM,T+15,2026-09-26,IndiGo,6E-6114,22:45,01:05,02h 20m,ECONOMY,R,5065.0,1465.0,6530.0,11,Available
20260911_173140,2026-09-11T17:32:40,EaseMyTrip,DEL-BOM,DEL,BOM,T+15,2026-09-26,IndiGo,6E-327,16:15,18:35,02h 20m,ECONOMY,R,5065.0,1465.0,6530.0,81,Available
20260911_173140,2026-09-11T17:32:40,EaseMyTrip,DEL-BOM,DEL,BOM,T+15,2026-09-26,IndiGo,6E-320,08:00,10:20,02h 20m,ECONOMY,R,5065.0,1465.0,6530.0,10,Available
20260911_173140,2026-09-11T17:32:40,EaseMyTrip,DEL-BOM,DEL,BOM,T+15,2026-09-26,IndiGo,6E-6328,10:15,12:35,02h 20m,ECONOMY,R,5065.0,1465.0,6530.0,66,Available
20260911_173140,2026-09-11T17:32:40,EaseMyTrip,DEL-BOM,DEL,BOM,T+15,2026-09-26,IndiGo,6E-6022,14:00,16:25,02h 25m,ECONOMY,R,5065.0,1465.0,6530.0,91,Available
20260911_173140,2026-09-11T17:32:40,EaseMyTrip,DEL-BOM,DEL,BOM,T+15,2026-09-26,IndiGo,6E-6107,09:30,11:55,02h 25m,ECONOMY,R,5065.0,1465.0,6530.0,51,Available
20260911_173140,2026-09-11T17:32:40,EaseMyTrip,DEL-BOM,DEL,BOM,T+15,2026-09-26,IndiGo,6E-449,05:00,07:15,02h 15m,ECONOMY,R,5215.0,1473.0,6688.0,77,Available
20260911_173140,2026-09-11T17:32:40,EaseMyTrip,DEL-BOM,DEL,BOM,T+15,2026-09-26,IndiGo,6E-395,21:45,00:05,02h 20m,ECONOMY,R,5215.0,1473.0,6688.0,98,Available
20260911_173140,2026-09-11T17:32:40,EaseMyTrip,DEL-BOM,DEL,BOM,T+15,2026-09-26,IndiGo,6E-354,19:00,21:25,02h 25m,ECONOMY,R,5215.0,1473.0,6688.0,9,Available
20260911_173140,2026-09-11T17:32:40,EaseMyTrip,DEL-BOM,DEL,BOM,T+15,2026-09-26,Air India,AI-2439,23:00,01:25,02h 25m,ECONOMY,S,5236.0,1494.0,6730.0,9,Available
20260911_173140,2026-09-11T17:32:40,EaseMyTrip,DEL-BOM,DEL,BOM,T+15,2026-09-26,IndiGo,6E-303,20:00,22:10,02h 10m,ECONOMY,R,5415.0,1483.0,6898.0,1,Available
20260911_173140,2026-09-11T17:32:40,EaseMyTrip,DEL-BOM,DEL,BOM,T+15,2026-09-26,IndiGo,6E-6218,06:05,08:20,02h 15m,ECONOMY,R,5415.0,1483.0,6898.0,15,Available
20260911_173140,2026-09-11T17:32:40,EaseMyTrip,DEL-BOM,DEL,BOM,T+15,2026-09-26,Air India,AI-2678,08:30,10:45,02h 15m,ECONOMY,S,5493.0,1507.0,7000.0,9,Available
20260911_173140,2026-09-11T17:32:40,EaseMyTrip,DEL-BOM,DEL,BOM,T+15,2026-09-26,Air India,AI-2963,09:00,11:15,02h 15m,ECONOMY,S,5493.0,1507.0,7000.0,9,Available
20260911_173140,2026-09-11T17:32:40,EaseMyTrip,DEL-BOM,DEL,BOM,T+15,2026-09-26,Air India,AI-2425,10:30,12:50,02h 20m,ECONOMY,S,5493.0,1507.0,7000.0,9,Available
20260911_173140,2026-09-11T17:32:40,EaseMyTrip,DEL-BOM,DEL,BOM,T+15,2026-09-26,Air India,AI-2941,16:30,18:50,02h 20m,ECONOMY,S,5493.0,1507.0,7000.0,9,Available
20260911_173140,2026-09-11T17:32:40,EaseMyTrip,DEL-BOM,DEL,BOM,T+15,2026-09-26,Air India,AI-2981,21:00,23:20,02h 20m,ECONOMY,S,5493.0,1507.0,7000.0,9,Available
20260911_173140,2026-09-11T17:32:40,EaseMyTrip,DEL-BOM,DEL,BOM,T+15,2026-09-26,Air India,AI-1745,05:00,07:20,02h 20m,ECONOMY,T,5493.0,1507.0,7000.0,9,Available
20260911_173140,2026-09-11T17:32:40,EaseMyTrip,DEL-BOM,DEL,BOM,T+15,2026-09-26,Air India,AI-2429,07:00,09:25,02h 25m,ECONOMY,S,5493.0,1507.0,7000.0,9,Available
20260911_173140,2026-09-11T17:32:40,EaseMyTrip,DEL-BOM,DEL,BOM,T+15,2026-09-26,Air India,AI-2943,07:30,09:55,02h 25m,ECONOMY,S,5493.0,1507.0,7000.0,9,Available
20260911_173140,2026-09-11T17:32:40,EaseMyTrip,DEL-BOM,DEL,BOM,T+15,2026-09-26,Air India,AI-2995,10:00,12:25,02h 25m,ECONOMY,S,5493.0,1507.0,7000.0,9,Available
20260911_173140,2026-09-11T17:32:40,EaseMyTrip,DEL-BOM,DEL,BOM,T+15,2026-09-26,Air India,AI-2945,11:00,13:25,02h 25m,ECONOMY,S,5493.0,1507.0,7000.0,9,Available
20260911_173140,2026-09-11T17:32:40,EaseMyTrip,DEL-BOM,DEL,BOM,T+15,2026-09-26,Air India,AI-1785,12:00,14:25,02h 25m,ECONOMY,S,5493.0,1507.0,7000.0,9,Available
20260911_173140,2026-09-11T17:32:40,EaseMyTrip,DEL-BOM,DEL,BOM,T+15,2026-09-26,Air India,AI-2933,15:30,17:55,02h 25m,ECONOMY,S,5493.0,1507.0,7000.0,2,Available
20260911_173140,2026-09-11T17:32:40,EaseMyTrip,DEL-BOM,DEL,BOM,T+15,2026-09-26,Air India,AI-1777,16:00,18:25,02h 25m,ECONOMY,S,5493.0,1507.0,7000.0,9,Available
20260911_173140,2026-09-11T17:32:40,EaseMyTrip,DEL-BOM,DEL,BOM,T+15,2026-09-26,Air India,AI-441,17:00,19:25,02h 25m,ECONOMY,S,5493.0,1507.0,7000.0,9,Available
20260911_173140,2026-09-11T17:32:40,EaseMyTrip,DEL-BOM,DEL,BOM,T+15,2026-09-26,Air India,AI-2955,18:00,20:25,02h 25m,ECONOMY,S,5493.0,1507.0,7000.0,9,Available
20260911_173140,2026-09-11T17:32:40,EaseMyTrip,DEL-BOM,DEL,BOM,T+15,2026-09-26,Air India,AI-2927,09:30,12:00,02h 30m,ECONOMY,S,5493.0,1507.0,7000.0,9,Available
20260911_173140,2026-09-11T17:32:40,EaseMyTrip,DEL-BOM,DEL,BOM,T+15,2026-09-26,Air India,AI-1780,16:10,20:00,03h 50m,ECONOMY,S,5493.0,1507.0,7000.0,9,Available
20260911_173140,2026-09-11T17:32:40,EaseMyTrip,DEL-BOM,DEL,BOM,T+15,2026-09-26,Air India Express,IX-1235,23:25,01:50,02h 25m,ECONOMY,K,5649.0,1519.0,7168.0,2,Available
20260911_173140,2026-09-11T17:32:40,EaseMyTrip,DEL-BOM,DEL,BOM,T+15,2026-09-26,Air India,AI-2975,06:30,08:50,02h 20m,ECONOMY,T,5644.0,1515.0,7159.0,9,Available
20260911_173140,2026-09-11T17:32:40,EaseMyTrip,DEL-BOM,DEL,BOM,T+15,2026-09-26,Air India,AI-2977,19:00,21:25,02h 25m,ECONOMY,T,5644.0,1515.0,7159.0,9,Available
20260911_173140,2026-09-11T17:32:40,EaseMyTrip,DEL-BOM,DEL,BOM,T+15,2026-09-26,Air India,AI-2985,19:30,21:55,02h 25m,ECONOMY,T,5644.0,1515.0,7159.0,9,Available
20260911_173140,2026-09-11T17:32:40,EaseMyTrip,DEL-BOM,DEL,BOM,T+15,2026-09-26,Air India,AI-2433,21:30,23:55,02h 25m,ECONOMY,T,5644.0,1515.0,7159.0,3,Available
20260911_173140,2026-09-11T17:32:40,EaseMyTrip,DEL-BOM,DEL,BOM,T+15,2026-09-26,Air India,AI-2957,20:30,23:05,02h 35m,ECONOMY,U,5844.0,1525.0,7369.0,9,Available
20260911_173140,2026-09-11T17:33:04,EaseMyTrip,DEL-BLR,DEL,BLR,T+1,2026-09-12,Air India,AI-2757,00:15,03:10,02h 55m,ECONOMY,T,7284.0,1866.0,9150.0,9,Available
20260911_173140,2026-09-11T17:33:04,EaseMyTrip,DEL-BLR,DEL,BLR,T+1,2026-09-12,IndiGo,6E-811,18:20,21:10,02h 50m,ECONOMY,R,7433.0,1853.0,9286.0,20,Available
20260911_173140,2026-09-11T17:33:04,EaseMyTrip,DEL-BLR,DEL,BLR,T+1,2026-09-12,IndiGo,6E-873,08:20,11:10,02h 50m,ECONOMY,R,7433.0,1853.0,9286.0,1,Available
20260911_173140,2026-09-11T17:33:04,EaseMyTrip,DEL-BLR,DEL,BLR,T+1,2026-09-12,IndiGo,6E-880,15:45,18:40,02h 55m,ECONOMY,R,7433.0,1853.0,9286.0,9,Available
20260911_173140,2026-09-11T17:33:04,EaseMyTrip,DEL-BLR,DEL,BLR,T+1,2026-09-12,IndiGo,6E-837,17:00,19:55,02h 55m,ECONOMY,R,7433.0,1853.0,9286.0,14,Available
20260911_173140,2026-09-11T17:33:04,EaseMyTrip,DEL-BLR,DEL,BLR,T+1,2026-09-12,IndiGo,6E-810,07:05,10:00,02h 55m,ECONOMY,R,7433.0,1853.0,9286.0,11,Available
20260911_173140,2026-09-11T17:33:04,EaseMyTrip,DEL-BLR,DEL,BLR,T+1,2026-09-12,Air India,AI-2817,16:30,19:15,02h 45m,ECONOMY,T,7427.0,1873.0,9300.0,9,Available
20260911_173140,2026-09-11T17:33:04,EaseMyTrip,DEL-BLR,DEL,BLR,T+1,2026-09-12,Air India,AI-2653,04:30,07:20,02h 50m,ECONOMY,T,7427.0,1873.0,9300.0,9,Available
20260911_173140,2026-09-11T17:33:04,EaseMyTrip,DEL-BLR,DEL,BLR,T+1,2026-09-12,Air India,AI-427,08:30,11:20,02h 50m,ECONOMY,T,7427.0,1873.0,9300.0,9,Available
20260911_173140,2026-09-11T17:33:04,EaseMyTrip,DEL-BLR,DEL,BLR,T+1,2026-09-12,Air India,AI-2485,10:30,13:20,02h 50m,ECONOMY,T,7427.0,1873.0,9300.0,9,Available
20260911_173140,2026-09-11T17:33:04,EaseMyTrip,DEL-BLR,DEL,BLR,T+1,2026-09-12,Air India,AI-2809,19:30,22:20,02h 50m,ECONOMY,T,7427.0,1873.0,9300.0,9,Available
20260911_173140,2026-09-11T17:33:04,EaseMyTrip,DEL-BLR,DEL,BLR,T+1,2026-09-12,Air India,AI-2409,06:00,08:55,02h 55m,ECONOMY,T,7427.0,1873.0,9300.0,9,Available
20260911_173140,2026-09-11T17:33:04,EaseMyTrip,DEL-BLR,DEL,BLR,T+1,2026-09-12,Air India,AI-2803,06:30,09:25,02h 55m,ECONOMY,T,7427.0,1873.0,9300.0,9,Available
20260911_173140,2026-09-11T17:33:04,EaseMyTrip,DEL-BLR,DEL,BLR,T+1,2026-09-12,Air India,AI-2815,07:00,09:55,02h 55m,ECONOMY,T,7427.0,1873.0,9300.0,9,Available
20260911_173140,2026-09-11T17:33:04,EaseMyTrip,DEL-BLR,DEL,BLR,T+1,2026-09-12,Air India,AI-2415,09:30,12:25,02h 55m,ECONOMY,T,7427.0,1873.0,9300.0,9,Available
20260911_173140,2026-09-11T17:33:04,EaseMyTrip,DEL-BLR,DEL,BLR,T+1,2026-09-12,Air India,AI-2819,15:00,17:55,02h 55m,ECONOMY,T,7427.0,1873.0,9300.0,9,Available
20260911_173140,2026-09-11T17:33:04,EaseMyTrip,DEL-BLR,DEL,BLR,T+1,2026-09-12,Air India,AI-2664,15:50,18:45,02h 55m,ECONOMY,T,7427.0,1873.0,9300.0,9,Available
20260911_173140,2026-09-11T17:33:04,EaseMyTrip,DEL-BLR,DEL,BLR,T+1,2026-09-12,Air India,AI-2487,18:30,21:25,02h 55m,ECONOMY,T,7427.0,1873.0,9300.0,9,Available
20260911_173140,2026-09-11T17:33:04,EaseMyTrip,DEL-BLR,DEL,BLR,T+1,2026-09-12,Air India,AI-2512,19:00,21:55,02h 55m,ECONOMY,T,7427.0,1873.0,9300.0,9,Available
20260911_173140,2026-09-11T17:33:04,EaseMyTrip,DEL-BLR,DEL,BLR,T+1,2026-09-12,Air India,AI-2412,21:30,00:25,02h 55m,ECONOMY,T,7427.0,1873.0,9300.0,9,Available
20260911_173140,2026-09-11T17:33:04,EaseMyTrip,DEL-BLR,DEL,BLR,T+1,2026-09-12,Air India Express,IX-1070,18:20,21:15,02h 55m,ECONOMY,K,7695.0,1890.0,9585.0,9,Available
20260911_173140,2026-09-11T17:33:04,EaseMyTrip,DEL-BLR,DEL,BLR,T+1,2026-09-12,Akasa Air,QP-1822,16:40,19:40,03h 00m,ECONOMY,T2,8583.0,1097.0,9680.0,9,Available
20260911_173140,2026-09-11T17:33:04,EaseMyTrip,DEL-BLR,DEL,BLR,T+1,2026-09-12,IndiGo,6E-828,14:30,17:25,02h 55m,ECONOMY,R,7895.0,1876.0,9771.0,13,Available
20260911_173140,2026-09-11T17:33:04,EaseMyTrip,DEL-BLR,DEL,BLR,T+1,2026-09-12,IndiGo,6E-842,10:45,13:40,02h 55m,ECONOMY,R,7895.0,1876.0,9771.0,7,Available
20260911_173140,2026-09-11T17:33:04,EaseMyTrip,DEL-BLR,DEL,BLR,T+1,2026-09-12,IndiGo,6E-826,09:30,12:25,02h 55m,ECONOMY,R,7895.0,1876.0,9771.0,13,Available
20260911_173140,2026-09-11T17:33:04,EaseMyTrip,DEL-BLR,DEL,BLR,T+1,2026-09-12,IndiGo,6E-2314,05:45,08:40,02h 55m,ECONOMY,R,7895.0,1876.0,9771.0,3,Available
20260911_173140,2026-09-11T17:33:04,EaseMyTrip,DEL-BLR,DEL,BLR,T+1,2026-09-12,IndiGo,6E-176,13:15,16:10,02h 55m,ECONOMY,R,7895.0,1876.0,9771.0,12,Available
20260911_173140,2026-09-11T17:33:04,EaseMyTrip,DEL-BLR,DEL,BLR,T+1,2026-09-12,IndiGo,6E-850,12:20,15:20,03h 00m,ECONOMY,R,7895.0,1876.0,9771.0,12,Available
20260911_173140,2026-09-11T17:33:31,EaseMyTrip,DEL-BLR,DEL,BLR,T+7,2026-09-18,Akasa Air,QP-1812,22:55,01:45,02h 50m,ECONOMY,U2,7774.0,1055.0,8829.0,9,Available
20260911_173140,2026-09-11T17:33:31,EaseMyTrip,DEL-BLR,DEL,BLR,T+7,2026-09-18,Akasa Air,QP-1350,21:55,00:50,02h 55m,ECONOMY,U2,7774.0,1055.0,8829.0,9,Available
20260911_173140,2026-09-11T17:33:31,EaseMyTrip,DEL-BLR,DEL,BLR,T+7,2026-09-18,IndiGo,6E-820,03:00,05:55,02h 55m,ECONOMY,R,6998.0,1831.0,8829.0,93,Available
20260911_173140,2026-09-11T17:33:31,EaseMyTrip,DEL-BLR,DEL,BLR,T+7,2026-09-18,IndiGo,6E-871,23:30,02:25,02h 55m,ECONOMY,R,6998.0,1831.0,8829.0,106,Available
20260911_173140,2026-09-11T17:33:31,EaseMyTrip,DEL-BLR,DEL,BLR,T+7,2026-09-18,IndiGo,6E-846,22:00,00:55,02h 55m,ECONOMY,R,6998.0,1831.0,8829.0,40,Available
20260911_173140,2026-09-11T17:33:31,EaseMyTrip,DEL-BLR,DEL,BLR,T+7,2026-09-18,IndiGo,6E-842,10:45,13:40,02h 55m,ECONOMY,R,6998.0,1831.0,8829.0,37,Available
20260911_173140,2026-09-11T17:33:31,EaseMyTrip,DEL-BLR,DEL,BLR,T+7,2026-09-18,IndiGo,6E-826,09:30,12:25,02h 55m,ECONOMY,R,6998.0,1831.0,8829.0,42,Available
20260911_173140,2026-09-11T17:33:31,EaseMyTrip,DEL-BLR,DEL,BLR,T+7,2026-09-18,IndiGo,6E-810,07:05,10:00,02h 55m,ECONOMY,R,6998.0,1831.0,8829.0,65,Available
20260911_173140,2026-09-11T17:33:31,EaseMyTrip,DEL-BLR,DEL,BLR,T+7,2026-09-18,IndiGo,6E-2314,05:45,08:40,02h 55m,ECONOMY,R,6998.0,1831.0,8829.0,77,Available
20260911_173140,2026-09-11T17:33:31,EaseMyTrip,DEL-BLR,DEL,BLR,T+7,2026-09-18,IndiGo,6E-850,12:20,15:20,03h 00m,ECONOMY,R,6998.0,1831.0,8829.0,34,Available
20260911_173140,2026-09-11T17:33:31,EaseMyTrip,DEL-BLR,DEL,BLR,T+7,2026-09-18,Akasa Air,QP-1308,20:55,23:50,02h 55m,ECONOMY,U1,7929.0,1063.0,8992.0,9,Available
20260911_173140,2026-09-11T17:33:31,EaseMyTrip,DEL-BLR,DEL,BLR,T+7,2026-09-18,Air India,AI-2757,00:15,03:10,02h 55m,ECONOMY,T,7284.0,1866.0,9150.0,9,Available
20260911_173140,2026-09-11T17:33:31,EaseMyTrip,DEL-BLR,DEL,BLR,T+7,2026-09-18,Air India Express,IX-5975,21:00,23:55,02h 55m,ECONOMY,W,7409.0,1876.0,9285.0,3,Available
20260911_173140,2026-09-11T17:33:31,EaseMyTrip,DEL-BLR,DEL,BLR,T+7,2026-09-18,IndiGo,6E-873,08:20,11:10,02h 50m,ECONOMY,R,7433.0,1853.0,9286.0,18,Available
20260911_173140,2026-09-11T17:33:31,EaseMyTrip,DEL-BLR,DEL,BLR,T+7,2026-09-18,IndiGo,6E-6515,20:45,23:40,02h 55m,ECONOMY,R,7433.0,1853.0,9286.0,32,Available
20260911_173140,2026-09-11T17:33:31,EaseMyTrip,DEL-BLR,DEL,BLR,T+7,2026-09-18,IndiGo,6E-880,15:45,18:40,02h 55m,ECONOMY,R,7433.0,1853.0,9286.0,36,Available
20260911_173140,2026-09-11T17:33:31,EaseMyTrip,DEL-BLR,DEL,BLR,T+7,2026-09-18,IndiGo,6E-828,14:30,17:25,02h 55m,ECONOMY,R,7433.0,1853.0,9286.0,38,Available
20260911_173140,2026-09-11T17:33:31,EaseMyTrip,DEL-BLR,DEL,BLR,T+7,2026-09-18,IndiGo,6E-837,17:00,19:55,02h 55m,ECONOMY,R,7433.0,1853.0,9286.0,15,Available
20260911_173140,2026-09-11T17:33:31,EaseMyTrip,DEL-BLR,DEL,BLR,T+7,2026-09-18,IndiGo,6E-176,13:15,16:10,02h 55m,ECONOMY,R,7433.0,1853.0,9286.0,34,Available
20260911_173140,2026-09-11T17:33:31,EaseMyTrip,DEL-BLR,DEL,BLR,T+7,2026-09-18,Air India,AI-2653,04:30,07:20,02h 50m,ECONOMY,T,7427.0,1873.0,9300.0,9,Available
20260911_173140,2026-09-11T17:33:31,EaseMyTrip,DEL-BLR,DEL,BLR,T+7,2026-09-18,Air India,AI-427,08:30,11:20,02h 50m,ECONOMY,T,7427.0,1873.0,9300.0,9,Available
20260911_173140,2026-09-11T17:33:31,EaseMyTrip,DEL-BLR,DEL,BLR,T+7,2026-09-18,Air India,AI-2409,06:00,08:55,02h 55m,ECONOMY,T,7427.0,1873.0,9300.0,9,Available
20260911_173140,2026-09-11T17:33:31,EaseMyTrip,DEL-BLR,DEL,BLR,T+7,2026-09-18,Air India,AI-2803,06:30,09:25,02h 55m,ECONOMY,T,7427.0,1873.0,9300.0,9,Available
20260911_173140,2026-09-11T17:33:31,EaseMyTrip,DEL-BLR,DEL,BLR,T+7,2026-09-18,Air India,AI-2815,07:00,09:55,02h 55m,ECONOMY,T,7427.0,1873.0,9300.0,9,Available
20260911_173140,2026-09-11T17:33:31,EaseMyTrip,DEL-BLR,DEL,BLR,T+7,2026-09-18,Air India,AI-2415,09:30,12:25,02h 55m,ECONOMY,T,7427.0,1873.0,9300.0,9,Available
20260911_173140,2026-09-11T17:33:31,EaseMyTrip,DEL-BLR,DEL,BLR,T+7,2026-09-18,Akasa Air,QP-1822,16:40,19:40,03h 00m,ECONOMY,T3,8414.0,1087.0,9501.0,9,Available
20260911_173140,2026-09-11T17:33:31,EaseMyTrip,DEL-BLR,DEL,BLR,T+7,2026-09-18,Air India,AI-2485,10:30,13:20,02h 50m,ECONOMY,U,7862.0,1894.0,9756.0,9,Available
20260911_173140,2026-09-11T17:33:31,EaseMyTrip,DEL-BLR,DEL,BLR,T+7,2026-09-18,Air India,AI-2664,15:50,18:45,02h 55m,ECONOMY,U,7862.0,1894.0,9756.0,9,Available
20260911_173140,2026-09-11T17:33:31,EaseMyTrip,DEL-BLR,DEL,BLR,T+7,2026-09-18,IndiGo,6E-861,19:30,22:25,02h 55m,ECONOMY,R,7895.0,1876.0,9771.0,3,Available
20260911_173140,2026-09-11T17:33:31,EaseMyTrip,DEL-BLR,DEL,BLR,T+7,2026-09-18,Air India,AI-2819,15:00,17:55,02h 55m,ECONOMY,U,8020.0,1902.0,9922.0,9,Available
20260911_173140,2026-09-11T17:33:31,EaseMyTrip,DEL-BLR,DEL,BLR,T+7,2026-09-18,Air India Express,IX-1070,18:20,21:15,02h 55m,ECONOMY,E,8028.0,1908.0,9936.0,5,Available
20260911_173140,2026-09-11T17:33:31,EaseMyTrip,DEL-BLR,DEL,BLR,T+7,2026-09-18,IndiGo,6E-811,18:20,21:10,02h 50m,ECONOMY,R,8385.0,1900.0,10285.0,24,Available
20260911_173140,2026-09-11T17:33:31,EaseMyTrip,DEL-BLR,DEL,BLR,T+7,2026-09-18,Air India,AI-2412,21:30,00:25,02h 55m,ECONOMY,L,8574.0,1930.0,10504.0,9,Available
20260911_173140,2026-09-11T17:33:31,EaseMyTrip,DEL-BLR,DEL,BLR,T+7,2026-09-18,Akasa Air,QP-1824,20:10,23:10,03h 00m,ECONOMY,R2,9476.0,1141.0,10617.0,9,Available
20260911_173140,2026-09-11T17:33:31,EaseMyTrip,DEL-BLR,DEL,BLR,T+7,2026-09-18,Air India,AI-2809,19:30,22:20,02h 50m,ECONOMY,G,8990.0,1951.0,10941.0,9,Available
20260911_173140,2026-09-11T17:33:31,EaseMyTrip,DEL-BLR,DEL,BLR,T+7,2026-09-18,Air India,AI-2417,13:00,15:55,02h 55m,ECONOMY,G,8990.0,1951.0,10941.0,1,Available
20260911_173140,2026-09-11T17:33:31,EaseMyTrip,DEL-BLR,DEL,BLR,T+7,2026-09-18,Air India,AI-2817,16:30,19:15,02h 45m,ECONOMY,W,9334.0,1968.0,11302.0,4,Available
20260911_173140,2026-09-11T17:33:39,EaseMyTrip,DEL-BLR,DEL,BLR,T+15,2026-09-26,Akasa Air,QP-1812,22:55,01:45,02h 50m,ECONOMY,U2,7774.0,1055.0,8829.0,9,Available
20260911_173140,2026-09-11T17:33:39,EaseMyTrip,DEL-BLR,DEL,BLR,T+15,2026-09-26,IndiGo,6E-811,18:20,21:10,02h 50m,ECONOMY,R,6998.0,1831.0,8829.0,33,Available
20260911_173140,2026-09-11T17:33:39,EaseMyTrip,DEL-BLR,DEL,BLR,T+15,2026-09-26,Akasa Air,QP-1308,20:55,23:50,02h 55m,ECONOMY,U2,7774.0,1055.0,8829.0,9,Available
20260911_173140,2026-09-11T17:33:39,EaseMyTrip,DEL-BLR,DEL,BLR,T+15,2026-09-26,Akasa Air,QP-1350,21:55,00:50,02h 55m,ECONOMY,U2,7774.0,1055.0,8829.0,9,Available
20260911_173140,2026-09-11T17:33:39,EaseMyTrip,DEL-BLR,DEL,BLR,T+15,2026-09-26,IndiGo,6E-820,03:00,05:55,02h 55m,ECONOMY,R,6998.0,1831.0,8829.0,55,Available
20260911_173140,2026-09-11T17:33:39,EaseMyTrip,DEL-BLR,DEL,BLR,T+15,2026-09-26,IndiGo,6E-846,22:00,00:55,02h 55m,ECONOMY,R,6998.0,1831.0,8829.0,36,Available
20260911_173140,2026-09-11T17:33:39,EaseMyTrip,DEL-BLR,DEL,BLR,T+15,2026-09-26,IndiGo,6E-6515,20:45,23:40,02h 55m,ECONOMY,R,6998.0,1831.0,8829.0,40,Available
20260911_173140,2026-09-11T17:33:39,EaseMyTrip,DEL-BLR,DEL,BLR,T+15,2026-09-26,IndiGo,6E-837,17:00,19:55,02h 55m,ECONOMY,R,6998.0,1831.0,8829.0,11,Available
20260911_173140,2026-09-11T17:33:39,EaseMyTrip,DEL-BLR,DEL,BLR,T+15,2026-09-26,IndiGo,6E-810,07:05,10:00,02h 55m,ECONOMY,R,6998.0,1831.0,8829.0,41,Available
20260911_173140,2026-09-11T17:33:39,EaseMyTrip,DEL-BLR,DEL,BLR,T+15,2026-09-26,IndiGo,6E-2314,05:45,08:40,02h 55m,ECONOMY,R,6998.0,1831.0,8829.0,62,Available
20260911_173140,2026-09-11T17:33:39,EaseMyTrip,DEL-BLR,DEL,BLR,T+15,2026-09-26,Akasa Air,QP-1824,20:10,23:10,03h 00m,ECONOMY,U2,7774.0,1055.0,8829.0,9,Available
20260911_173140,2026-09-11T17:33:39,EaseMyTrip,DEL-BLR,DEL,BLR,T+15,2026-09-26,Air India Express,IX-1070,18:20,21:15,02h 55m,ECONOMY,H,7164.0,1864.0,9028.0,2,Available
20260911_173140,2026-09-11T17:33:39,EaseMyTrip,DEL-BLR,DEL,BLR,T+15,2026-09-26,IndiGo,6E-873,08:20,11:10,02h 50m,ECONOMY,R,7433.0,1853.0,9286.0,34,Available
20260911_173140,2026-09-11T17:33:39,EaseMyTrip,DEL-BLR,DEL,BLR,T+15,2026-09-26,IndiGo,6E-861,19:30,22:25,02h 55m,ECONOMY,R,7433.0,1853.0,9286.0,37,Available
20260911_173140,2026-09-11T17:33:39,EaseMyTrip,DEL-BLR,DEL,BLR,T+15,2026-09-26,IndiGo,6E-880,15:45,18:40,02h 55m,ECONOMY,R,7433.0,1853.0,9286.0,23,Available
20260911_173140,2026-09-11T17:33:39,EaseMyTrip,DEL-BLR,DEL,BLR,T+15,2026-09-26,IndiGo,6E-826,09:30,12:25,02h 55m,ECONOMY,R,7433.0,1853.0,9286.0,35,Available
20260911_173140,2026-09-11T17:33:39,EaseMyTrip,DEL-BLR,DEL,BLR,T+15,2026-09-26,Air India,AI-2409,06:00,08:55,02h 55m,ECONOMY,T,7427.0,1873.0,9300.0,9,Available
20260911_173140,2026-09-11T17:33:39,EaseMyTrip,DEL-BLR,DEL,BLR,T+15,2026-09-26,Air India,AI-2803,06:30,09:25,02h 55m,ECONOMY,T,7427.0,1873.0,9300.0,9,Available
20260911_173140,2026-09-11T17:33:39,EaseMyTrip,DEL-BLR,DEL,BLR,T+15,2026-09-26,Air India,AI-2757,00:15,03:10,02h 55m,ECONOMY,U,7719.0,1887.0,9606.0,9,Available
20260911_173140,2026-09-11T17:33:39,EaseMyTrip,DEL-BLR,DEL,BLR,T+15,2026-09-26,Air India,AI-2653,04:30,07:20,02h 50m,ECONOMY,U,7862.0,1894.0,9756.0,9,Available
20260911_173140,2026-09-11T17:33:39,EaseMyTrip,DEL-BLR,DEL,BLR,T+15,2026-09-26,Air India,AI-2815,07:00,09:55,02h 55m,ECONOMY,U,7862.0,1894.0,9756.0,9,Available
20260911_173140,2026-09-11T17:33:39,EaseMyTrip,DEL-BLR,DEL,BLR,T+15,2026-09-26,Air India,AI-2487,18:30,21:25,02h 55m,ECONOMY,U,7862.0,1894.0,9756.0,9,Available
20260911_173140,2026-09-11T17:33:39,EaseMyTrip,DEL-BLR,DEL,BLR,T+15,2026-09-26,Air India,AI-2512,19:00,21:55,02h 55m,ECONOMY,U,7862.0,1894.0,9756.0,9,Available
20260911_173140,2026-09-11T17:33:39,EaseMyTrip,DEL-BLR,DEL,BLR,T+15,2026-09-26,Air India,AI-2412,21:30,00:25,02h 55m,ECONOMY,U,7862.0,1894.0,9756.0,1,Available
20260911_173140,2026-09-11T17:33:39,EaseMyTrip,DEL-BLR,DEL,BLR,T+15,2026-09-26,IndiGo,6E-828,14:30,17:25,02h 55m,ECONOMY,R,7895.0,1876.0,9771.0,37,Available
20260911_173140,2026-09-11T17:33:39,EaseMyTrip,DEL-BLR,DEL,BLR,T+15,2026-09-26,IndiGo,6E-842,10:45,13:40,02h 55m,ECONOMY,R,7895.0,1876.0,9771.0,38,Available
20260911_173140,2026-09-11T17:33:39,EaseMyTrip,DEL-BLR,DEL,BLR,T+15,2026-09-26,IndiGo,6E-176,13:15,16:10,02h 55m,ECONOMY,R,7895.0,1876.0,9771.0,30,Available
20260911_173140,2026-09-11T17:33:39,EaseMyTrip,DEL-BLR,DEL,BLR,T+15,2026-09-26,IndiGo,6E-850,12:20,15:20,03h 00m,ECONOMY,R,7895.0,1876.0,9771.0,28,Available
20260911_173140,2026-09-11T17:33:39,EaseMyTrip,DEL-BLR,DEL,BLR,T+15,2026-09-26,Akasa Air,QP-1822,16:40,19:40,03h 00m,ECONOMY,R4,9108.0,1123.0,10231.0,9,Available
20260911_173140,2026-09-11T17:33:39,EaseMyTrip,DEL-BLR,DEL,BLR,T+15,2026-09-26,Air India,AI-2817,16:30,19:15,02h 45m,ECONOMY,L,8324.0,1918.0,10242.0,9,Available
20260911_173140,2026-09-11T17:33:39,EaseMyTrip,DEL-BLR,DEL,BLR,T+15,2026-09-26,Air India,AI-2809,19:30,22:20,02h 50m,ECONOMY,L,8324.0,1918.0,10242.0,9,Available
20260911_173140,2026-09-11T17:33:39,EaseMyTrip,DEL-BLR,DEL,BLR,T+15,2026-09-26,Air India,AI-2415,09:30,12:25,02h 55m,ECONOMY,L,8324.0,1918.0,10242.0,9,Available
20260911_173140,2026-09-11T17:33:39,EaseMyTrip,DEL-BLR,DEL,BLR,T+15,2026-09-26,Air India,AI-2664,15:50,18:45,02h 55m,ECONOMY,L,8324.0,1918.0,10242.0,9,Available
20260911_173140,2026-09-11T17:33:39,EaseMyTrip,DEL-BLR,DEL,BLR,T+15,2026-09-26,Air India,AI-427,08:30,11:20,02h 50m,ECONOMY,L,8491.0,1926.0,10417.0,9,Available
20260911_173140,2026-09-11T17:33:39,EaseMyTrip,DEL-BLR,DEL,BLR,T+15,2026-09-26,Air India,AI-2819,15:00,17:55,02h 55m,ECONOMY,L,8491.0,1926.0,10417.0,9,Available
20260911_173140,2026-09-11T17:33:39,EaseMyTrip,DEL-BLR,DEL,BLR,T+15,2026-09-26,Air India,AI-2485,10:30,13:20,02h 50m,ECONOMY,L,8657.0,1934.0,10591.0,9,Available
20260911_173140,2026-09-11T17:33:56,EaseMyTrip,BOM-BLR,BOM,BLR,T+1,2026-09-12,Akasa Air,QP-1518,21:45,23:45,02h 00m,ECONOMY,R0,6169.0,1030.0,7199.0,7,Available
20260911_173140,2026-09-11T17:33:56,EaseMyTrip,BOM-BLR,BOM,BLR,T+1,2026-09-12,IndiGo,6E-5388,22:20,00:20,02h 00m,ECONOMY,R,7063.0,1469.0,8532.0,4,Available
20260911_173140,2026-09-11T17:33:56,EaseMyTrip,BOM-BLR,BOM,BLR,T+1,2026-09-12,Air India,AI-2401,20:45,22:45,02h 00m,ECONOMY,Q,7341.0,1556.0,8897.0,1,Available
20260911_173140,2026-09-11T17:33:56,EaseMyTrip,BOM-BLR,BOM,BLR,T+1,2026-09-12,Air India,AI-2865,19:45,21:50,02h 05m,ECONOMY,Q,7341.0,1556.0,8897.0,9,Available
20260911_173140,2026-09-11T17:33:56,EaseMyTrip,BOM-BLR,BOM,BLR,T+1,2026-09-12,IndiGo,6E-6188,21:30,23:25,01h 55m,ECONOMY,R,7563.0,1494.0,9057.0,4,Available
20260911_173140,2026-09-11T17:33:56,EaseMyTrip,BOM-BLR,BOM,BLR,T+1,2026-09-12,Air India,AI-2641,18:30,20:35,02h 05m,ECONOMY,Q,7635.0,1571.0,9206.0,9,Available
20260911_173140,2026-09-11T17:33:56,EaseMyTrip,BOM-BLR,BOM,BLR,T+1,2026-09-12,IndiGo,6E-5047,18:30,20:25,01h 55m,ECONOMY,R,8063.0,1519.0,9582.0,7,Available
20260911_173140,2026-09-11T17:33:56,EaseMyTrip,BOM-BLR,BOM,BLR,T+1,2026-09-12,IndiGo,6E-5221,17:00,18:55,01h 55m,ECONOMY,R,8063.0,1519.0,9582.0,4,Available
20260911_173140,2026-09-11T17:33:56,EaseMyTrip,BOM-BLR,BOM,BLR,T+1,2026-09-12,Akasa Air,QP-1382,18:25,20:20,01h 55m,ECONOMY,P2,8827.0,1164.0,9991.0,4,Available
20260911_173140,2026-09-11T17:33:56,EaseMyTrip,BOM-BLR,BOM,BLR,T+1,2026-09-12,Air India,AI-2849,17:30,19:35,02h 05m,ECONOMY,K,9464.0,1662.0,11126.0,9,Available
20260911_173140,2026-09-11T17:33:56,EaseMyTrip,BOM-BLR,BOM,BLR,T+1,2026-09-12,IndiGo,6E-5382,14:30,16:25,01h 55m,ECONOMY,R,9763.0,1604.0,11367.0,8,Available
20260911_173140,2026-09-11T17:33:56,EaseMyTrip,BOM-BLR,BOM,BLR,T+1,2026-09-12,Akasa Air,QP-1133,19:40,21:45,02h 05m,ECONOMY,O3,10559.0,1250.0,11809.0,8,Available
20260911_173140,2026-09-11T17:33:56,EaseMyTrip,BOM-BLR,BOM,BLR,T+1,2026-09-12,IndiGo,6E-5071,15:35,17:25,01h 50m,ECONOMY,R,10463.0,1639.0,12102.0,3,Available
20260911_173140,2026-09-11T17:33:56,EaseMyTrip,BOM-BLR,BOM,BLR,T+1,2026-09-12,Air India,AI-2857,23:30,01:35,02h 05m,ECONOMY,H,10900.0,1734.0,12634.0,1,Available
20260911_173140,2026-09-11T17:33:56,EaseMyTrip,BOM-BLR,BOM,BLR,T+1,2026-09-12,IndiGo,6E-5217,11:00,12:55,01h 55m,ECONOMY,R,11163.0,1674.0,12837.0,5,Available
20260911_173140,2026-09-11T17:33:56,EaseMyTrip,BOM-BLR,BOM,BLR,T+1,2026-09-12,IndiGo,6E-5294,04:30,06:25,01h 55m,ECONOMY,R,12442.0,1738.0,14180.0,8,Available
20260911_173140,2026-09-11T17:33:56,EaseMyTrip,BOM-BLR,BOM,BLR,T+1,2026-09-12,IndiGo,6E-5193,08:05,09:55,01h 50m,ECONOMY,R,12763.0,1754.0,14517.0,5,Available
20260911_173140,2026-09-11T17:33:56,EaseMyTrip,BOM-BLR,BOM,BLR,T+1,2026-09-12,IndiGo,6E-5184,12:30,14:25,01h 55m,ECONOMY,R,12763.0,1754.0,14517.0,12,Available
20260911_173140,2026-09-11T17:33:56,EaseMyTrip,BOM-BLR,BOM,BLR,T+1,2026-09-12,Air India,AI-2853,15:25,17:35,02h 10m,ECONOMY,M,12954.0,1837.0,14791.0,1,Available
20260911_173140,2026-09-11T17:33:56,EaseMyTrip,BOM-BLR,BOM,BLR,T+1,2026-09-12,Akasa Air,QP-1527,07:35,09:35,02h 00m,ECONOMY,N2,13814.0,1412.0,15226.0,9,Available
20260911_173140,2026-09-11T17:33:56,EaseMyTrip,BOM-BLR,BOM,BLR,T+1,2026-09-12,IndiGo,6E-5323,01:10,03:05,01h 55m,ECONOMY,R,13646.0,1798.0,15444.0,2,Available
20260911_173140,2026-09-11T17:33:56,EaseMyTrip,BOM-BLR,BOM,BLR,T+1,2026-09-12,IndiGo,6E-5092,09:50,11:55,02h 05m,ECONOMY,R,13763.0,1804.0,15567.0,6,Available
20260911_173140,2026-09-11T17:33:56,EaseMyTrip,BOM-BLR,BOM,BLR,T+1,2026-09-12,Akasa Air,QP-1516,00:35,02:25,01h 50m,ECONOMY,N0,15108.0,1478.0,16586.0,9,Available
20260911_173140,2026-09-11T17:33:56,EaseMyTrip,BOM-BLR,BOM,BLR,T+1,2026-09-12,IndiGo,6E-5296,06:30,08:25,01h 55m,ECONOMY,R,14963.0,1864.0,16827.0,7,Available
20260911_173140,2026-09-11T17:33:56,EaseMyTrip,BOM-BLR,BOM,BLR,T+1,2026-09-12,Air India,AI-2812,02:05,04:10,02h 05m,ECONOMY,B,15045.0,1941.0,16986.0,1,Available
20260911_173140,2026-09-11T17:33:56,EaseMyTrip,BOM-BLR,BOM,BLR,T+1,2026-09-12,Air India,AI-2632,12:00,14:05,02h 05m,ECONOMY,B,15346.0,1956.0,17302.0,2,Available
20260911_173140,2026-09-11T17:33:56,EaseMyTrip,BOM-BLR,BOM,BLR,T+1,2026-09-12,Air India,AI-2863,10:00,12:05,02h 05m,ECONOMY,B,15647.0,1971.0,17618.0,1,Available
20260911_173140,2026-09-11T17:33:56,EaseMyTrip,BOM-BLR,BOM,BLR,T+1,2026-09-12,Air India,AI-2410,05:30,07:35,02h 05m,ECONOMY,Y,17331.0,2055.0,19386.0,5,Available
20260911_173140,2026-09-11T17:34:13,EaseMyTrip,BOM-BLR,BOM,BLR,T+7,2026-09-18,Air India,AI-3305,23:40,01:40,02h 00m,ECONOMY,U,5064.0,1442.0,6506.0,9,Available
20260911_173140,2026-09-11T17:34:13,EaseMyTrip,BOM-BLR,BOM,BLR,T+7,2026-09-18,Akasa Air,QP-1384,23:10,01:05,01h 55m,ECONOMY,R1,5898.0,1016.0,6914.0,8,Available
20260911_173140,2026-09-11T17:34:13,EaseMyTrip,BOM-BLR,BOM,BLR,T+7,2026-09-18,Akasa Air,QP-1518,21:45,23:45,02h 00m,ECONOMY,R1,5898.0,1016.0,6914.0,8,Available
20260911_173140,2026-09-11T17:34:13,EaseMyTrip,BOM-BLR,BOM,BLR,T+7,2026-09-18,Air India,AI-2857,23:30,01:35,02h 05m,ECONOMY,L,5582.0,1468.0,7050.0,9,Available
20260911_173140,2026-09-11T17:34:13,EaseMyTrip,BOM-BLR,BOM,BLR,T+7,2026-09-18,IndiGo,6E-5071,15:35,17:25,01h 50m,ECONOMY,R,5663.0,1399.0,7062.0,4,Available
20260911_173140,2026-09-11T17:34:13,EaseMyTrip,BOM-BLR,BOM,BLR,T+7,2026-09-18,IndiGo,6E-6188,21:30,23:25,01h 55m,ECONOMY,R,5663.0,1399.0,7062.0,3,Available
20260911_173140,2026-09-11T17:34:13,EaseMyTrip,BOM-BLR,BOM,BLR,T+7,2026-09-18,IndiGo,6E-5184,12:30,14:25,01h 55m,ECONOMY,R,5663.0,1399.0,7062.0,8,Available
20260911_173140,2026-09-11T17:34:13,EaseMyTrip,BOM-BLR,BOM,BLR,T+7,2026-09-18,IndiGo,6E-5217,11:00,12:55,01h 55m,ECONOMY,R,5663.0,1399.0,7062.0,5,Available
20260911_173140,2026-09-11T17:34:13,EaseMyTrip,BOM-BLR,BOM,BLR,T+7,2026-09-18,IndiGo,6E-5296,06:30,08:25,01h 55m,ECONOMY,R,5663.0,1399.0,7062.0,94,Available
20260911_173140,2026-09-11T17:34:13,EaseMyTrip,BOM-BLR,BOM,BLR,T+7,2026-09-18,IndiGo,6E-5388,22:20,00:20,02h 00m,ECONOMY,R,5663.0,1399.0,7062.0,61,Available
20260911_173140,2026-09-11T17:34:13,EaseMyTrip,BOM-BLR,BOM,BLR,T+7,2026-09-18,IndiGo,6E-5092,09:50,11:55,02h 05m,ECONOMY,R,5663.0,1399.0,7062.0,4,Available
20260911_173140,2026-09-11T17:34:13,EaseMyTrip,BOM-BLR,BOM,BLR,T+7,2026-09-18,IndiGo,6E-5193,08:05,09:55,01h 50m,ECONOMY,R,5963.0,1414.0,7377.0,73,Available
20260911_173140,2026-09-11T17:34:13,EaseMyTrip,BOM-BLR,BOM,BLR,T+7,2026-09-18,IndiGo,6E-5382,14:30,16:25,01h 55m,ECONOMY,R,5963.0,1414.0,7377.0,88,Available
20260911_173140,2026-09-11T17:34:13,EaseMyTrip,BOM-BLR,BOM,BLR,T+7,2026-09-18,IndiGo,6E-5221,17:00,18:55,01h 55m,ECONOMY,R,5963.0,1414.0,7377.0,3,Available
20260911_173140,2026-09-11T17:34:13,EaseMyTrip,BOM-BLR,BOM,BLR,T+7,2026-09-18,Air India,AI-2603,06:35,08:35,02h 00m,ECONOMY,L,5941.0,1486.0,7427.0,9,Available
20260911_173140,2026-09-11T17:34:13,EaseMyTrip,BOM-BLR,BOM,BLR,T+7,2026-09-18,Air India,AI-2853,15:25,17:35,02h 10m,ECONOMY,L,5941.0,1486.0,7427.0,9,Available
20260911_173140,2026-09-11T17:34:13,EaseMyTrip,BOM-BLR,BOM,BLR,T+7,2026-09-18,Air India,AI-2863,10:00,12:05,02h 05m,ECONOMY,L,6179.0,1498.0,7677.0,9,Available
20260911_173140,2026-09-11T17:34:13,EaseMyTrip,BOM-BLR,BOM,BLR,T+7,2026-09-18,Air India,AI-2632,12:00,14:05,02h 05m,ECONOMY,G,6241.0,1501.0,7742.0,3,Available
20260911_173140,2026-09-11T17:34:13,EaseMyTrip,BOM-BLR,BOM,BLR,T+7,2026-09-18,Air India,AI-2851,07:55,10:05,02h 10m,ECONOMY,L,6298.0,1504.0,7802.0,9,Available
20260911_173140,2026-09-11T17:34:13,EaseMyTrip,BOM-BLR,BOM,BLR,T+7,2026-09-18,Akasa Air,QP-1527,07:35,09:35,02h 00m,ECONOMY,Q3,6747.0,1060.0,7807.0,8,Available
20260911_173140,2026-09-11T17:34:13,EaseMyTrip,BOM-BLR,BOM,BLR,T+7,2026-09-18,Air India,AI-2849,17:30,19:35,02h 05m,ECONOMY,G,6491.0,1513.0,8004.0,9,Available
20260911_173140,2026-09-11T17:34:13,EaseMyTrip,BOM-BLR,BOM,BLR,T+7,2026-09-18,Air India,AI-2401,20:45,22:45,02h 00m,ECONOMY,Q,7708.0,1574.0,9282.0,6,Available
20260911_173140,2026-09-11T17:34:13,EaseMyTrip,BOM-BLR,BOM,BLR,T+7,2026-09-18,Air India,AI-2865,19:45,21:50,02h 05m,ECONOMY,Q,7708.0,1574.0,9282.0,9,Available
20260911_173140,2026-09-11T17:34:29,EaseMyTrip,BOM-BLR,BOM,BLR,T+15,2026-09-26,Akasa Air,QP-1518,21:45,23:45,02h 00m,ECONOMY,R1,5898.0,1016.0,6914.0,8,Available
20260911_173140,2026-09-11T17:34:29,EaseMyTrip,BOM-BLR,BOM,BLR,T+15,2026-09-26,IndiGo,6E-6188,21:30,23:25,01h 55m,ECONOMY,R,5663.0,1399.0,7062.0,2,Available
20260911_173140,2026-09-11T17:34:29,EaseMyTrip,BOM-BLR,BOM,BLR,T+15,2026-09-26,IndiGo,6E-5047,18:30,20:25,01h 55m,ECONOMY,R,5663.0,1399.0,7062.0,14,Available
20260911_173140,2026-09-11T17:34:29,EaseMyTrip,BOM-BLR,BOM,BLR,T+15,2026-09-26,IndiGo,6E-5184,12:30,14:25,01h 55m,ECONOMY,R,5663.0,1399.0,7062.0,6,Available
20260911_173140,2026-09-11T17:34:29,EaseMyTrip,BOM-BLR,BOM,BLR,T+15,2026-09-26,IndiGo,6E-5221,17:00,18:55,01h 55m,ECONOMY,R,5663.0,1399.0,7062.0,9,Available
20260911_173140,2026-09-11T17:34:29,EaseMyTrip,BOM-BLR,BOM,BLR,T+15,2026-09-26,IndiGo,6E-5296,06:30,08:25,01h 55m,ECONOMY,R,5663.0,1399.0,7062.0,94,Available
20260911_173140,2026-09-11T17:34:29,EaseMyTrip,BOM-BLR,BOM,BLR,T+15,2026-09-26,IndiGo,6E-5388,22:20,00:20,02h 00m,ECONOMY,R,5663.0,1399.0,7062.0,106,Available
20260911_173140,2026-09-11T17:34:29,EaseMyTrip,BOM-BLR,BOM,BLR,T+15,2026-09-26,IndiGo,6E-5092,09:50,11:55,02h 05m,ECONOMY,R,5663.0,1399.0,7062.0,8,Available
20260911_173140,2026-09-11T17:34:29,EaseMyTrip,BOM-BLR,BOM,BLR,T+15,2026-09-26,Akasa Air,QP-1382,18:25,20:20,01h 55m,ECONOMY,R0,6169.0,1030.0,7199.0,8,Available
20260911_173140,2026-09-11T17:34:29,EaseMyTrip,BOM-BLR,BOM,BLR,T+15,2026-09-26,Akasa Air,QP-1527,07:35,09:35,02h 00m,ECONOMY,R0,6169.0,1030.0,7199.0,8,Available
20260911_173140,2026-09-11T17:34:29,EaseMyTrip,BOM-BLR,BOM,BLR,T+15,2026-09-26,IndiGo,6E-5071,15:35,17:25,01h 50m,ECONOMY,R,5963.0,1414.0,7377.0,42,Available
20260911_173140,2026-09-11T17:34:29,EaseMyTrip,BOM-BLR,BOM,BLR,T+15,2026-09-26,IndiGo,6E-5193,08:05,09:55,01h 50m,ECONOMY,R,5963.0,1414.0,7377.0,11,Available
20260911_173140,2026-09-11T17:34:29,EaseMyTrip,BOM-BLR,BOM,BLR,T+15,2026-09-26,IndiGo,6E-5382,14:30,16:25,01h 55m,ECONOMY,R,5963.0,1414.0,7377.0,20,Available
20260911_173140,2026-09-11T17:34:29,EaseMyTrip,BOM-BLR,BOM,BLR,T+15,2026-09-26,Air India,AI-2603,06:35,08:35,02h 00m,ECONOMY,L,5941.0,1486.0,7427.0,9,Available
20260911_173140,2026-09-11T17:34:29,EaseMyTrip,BOM-BLR,BOM,BLR,T+15,2026-09-26,Air India,AI-2401,20:45,22:45,02h 00m,ECONOMY,L,5941.0,1486.0,7427.0,9,Available
20260911_173140,2026-09-11T17:34:29,EaseMyTrip,BOM-BLR,BOM,BLR,T+15,2026-09-26,Air India,AI-2865,19:45,21:50,02h 05m,ECONOMY,L,5941.0,1486.0,7427.0,9,Available
20260911_173140,2026-09-11T17:34:29,EaseMyTrip,BOM-BLR,BOM,BLR,T+15,2026-09-26,Air India,AI-2853,15:25,17:35,02h 10m,ECONOMY,L,6060.0,1492.0,7552.0,9,Available
20260911_173140,2026-09-11T17:34:29,EaseMyTrip,BOM-BLR,BOM,BLR,T+15,2026-09-26,Air India,AI-2849,17:30,19:35,02h 05m,ECONOMY,L,6179.0,1498.0,7677.0,9,Available
20260911_173140,2026-09-11T17:34:29,EaseMyTrip,BOM-BLR,BOM,BLR,T+15,2026-09-26,Air India,AI-2641,18:30,20:35,02h 05m,ECONOMY,L,6179.0,1498.0,7677.0,9,Available
20260911_173140,2026-09-11T17:34:29,EaseMyTrip,BOM-BLR,BOM,BLR,T+15,2026-09-26,IndiGo,6E-5217,11:00,12:55,01h 55m,ECONOMY,R,6263.0,1429.0,7692.0,73,Available
20260911_173140,2026-09-11T17:34:29,EaseMyTrip,BOM-BLR,BOM,BLR,T+15,2026-09-26,Air India,AI-2851,07:55,10:05,02h 10m,ECONOMY,L,6298.0,1504.0,7802.0,9,Available
20260911_173140,2026-09-11T17:34:29,EaseMyTrip,BOM-BLR,BOM,BLR,T+15,2026-09-26,Air India,AI-2863,10:00,12:05,02h 05m,ECONOMY,G,6491.0,1513.0,8004.0,7,Available
20260911_173140,2026-09-11T17:34:29,EaseMyTrip,BOM-BLR,BOM,BLR,T+15,2026-09-26,Akasa Air,QP-1133,19:40,21:45,02h 05m,ECONOMY,Q2,7056.0,1074.0,8130.0,3,Available
20260911_173140,2026-09-11T17:34:29,EaseMyTrip,BOM-BLR,BOM,BLR,T+15,2026-09-26,Air India,AI-2632,12:00,14:05,02h 05m,ECONOMY,W,6672.0,1522.0,8194.0,6,Available
20260911_173747,2026-09-11T17:38:13,EaseMyTrip,DEL-BOM,DEL,BOM,T+7,2026-09-18,Air India Express,IX-1056,05:35,08:05,02h 30m,ECONOMY,G,5040.0,1489.0,6529.0,9,Available
20260911_173747,2026-09-11T17:38:13,EaseMyTrip,DEL-BOM,DEL,BOM,T+7,2026-09-18,IndiGo,6E-324,13:00,15:10,02h 10m,ECONOMY,R,5065.0,1465.0,6530.0,54,Available
20260911_173747,2026-09-11T17:38:13,EaseMyTrip,DEL-BOM,DEL,BOM,T+7,2026-09-18,Akasa Air,QP-1110,10:30,12:45,02h 15m,ECONOMY,U1,5640.0,890.0,6530.0,9,Available
20260911_173747,2026-09-11T17:38:13,EaseMyTrip,DEL-BOM,DEL,BOM,T+7,2026-09-18,IndiGo,6E-449,05:00,07:15,02h 15m,ECONOMY,R,5065.0,1465.0,6530.0,110,Available
20260911_173747,2026-09-11T17:38:13,EaseMyTrip,DEL-BOM,DEL,BOM,T+7,2026-09-18,IndiGo,6E-864,15:30,17:45,02h 15m,ECONOMY,R,5065.0,1465.0,6530.0,82,Available
20260911_173747,2026-09-11T17:38:13,EaseMyTrip,DEL-BOM,DEL,BOM,T+7,2026-09-18,IndiGo,6E-6318,14:45,17:00,02h 15m,ECONOMY,R,5065.0,1465.0,6530.0,82,Available
20260911_173747,2026-09-11T17:38:13,EaseMyTrip,DEL-BOM,DEL,BOM,T+7,2026-09-18,IndiGo,6E-675,08:45,11:00,02h 15m,ECONOMY,R,5065.0,1465.0,6530.0,24,Available
20260911_173747,2026-09-11T17:38:13,EaseMyTrip,DEL-BOM,DEL,BOM,T+7,2026-09-18,IndiGo,6E-6047,11:00,13:15,02h 15m,ECONOMY,R,5065.0,1465.0,6530.0,55,Available
20260911_173747,2026-09-11T17:38:13,EaseMyTrip,DEL-BOM,DEL,BOM,T+7,2026-09-18,IndiGo,6E-6676,12:00,14:15,02h 15m,ECONOMY,R,5065.0,1465.0,6530.0,75,Available
20260911_173747,2026-09-11T17:38:13,EaseMyTrip,DEL-BOM,DEL,BOM,T+7,2026-09-18,Akasa Air,QP-1833,06:50,09:10,02h 20m,ECONOMY,U1,5640.0,890.0,6530.0,9,Available
20260911_173747,2026-09-11T17:38:13,EaseMyTrip,DEL-BOM,DEL,BOM,T+7,2026-09-18,Akasa Air,QP-1112,09:20,11:40,02h 20m,ECONOMY,U1,5640.0,890.0,6530.0,9,Available
20260911_173747,2026-09-11T17:38:13,EaseMyTrip,DEL-BOM,DEL,BOM,T+7,2026-09-18,Akasa Air,QP-1128,16:00,18:20,02h 20m,ECONOMY,U1,5640.0,890.0,6530.0,9,Available
20260911_173747,2026-09-11T17:38:13,EaseMyTrip,DEL-BOM,DEL,BOM,T+7,2026-09-18,IndiGo,6E-6328,10:15,12:35,02h 20m,ECONOMY,R,5065.0,1465.0,6530.0,43,Available
20260911_173747,2026-09-11T17:38:13,EaseMyTrip,DEL-BOM,DEL,BOM,T+7,2026-09-18,Akasa Air,QP-1119,08:40,11:05,02h 25m,ECONOMY,U1,5640.0,890.0,6530.0,9,Available
20260911_173747,2026-09-11T17:38:13,EaseMyTrip,DEL-BOM,DEL,BOM,T+7,2026-09-18,Akasa Air,QP-1836,12:30,14:55,02h 25m,ECONOMY,U1,5640.0,890.0,6530.0,9,Available
20260911_173747,2026-09-11T17:38:13,EaseMyTrip,DEL-BOM,DEL,BOM,T+7,2026-09-18,IndiGo,6E-6022,14:00,16:25,02h 25m,ECONOMY,R,5065.0,1465.0,6530.0,102,Available
20260911_173747,2026-09-11T17:38:13,EaseMyTrip,DEL-BOM,DEL,BOM,T+7,2026-09-18,IndiGo,6E-6107,09:30,11:55,02h 25m,ECONOMY,R,5065.0,1465.0,6530.0,61,Available
20260911_173747,2026-09-11T17:38:13,EaseMyTrip,DEL-BOM,DEL,BOM,T+7,2026-09-18,IndiGo,6E-6218,06:05,08:20,02h 15m,ECONOMY,R,5215.0,1473.0,6688.0,78,Available
20260911_173747,2026-09-11T17:38:13,EaseMyTrip,DEL-BOM,DEL,BOM,T+7,2026-09-18,IndiGo,6E-327,16:15,18:35,02h 20m,ECONOMY,R,5215.0,1473.0,6688.0,63,Available
20260911_173747,2026-09-11T17:38:13,EaseMyTrip,DEL-BOM,DEL,BOM,T+7,2026-09-18,Air India,AI-1745,05:00,07:20,02h 20m,ECONOMY,S,5236.0,1494.0,6730.0,9,Available
20260911_173747,2026-09-11T17:38:13,EaseMyTrip,DEL-BOM,DEL,BOM,T+7,2026-09-18,IndiGo,6E-6814,07:15,09:30,02h 15m,ECONOMY,R,5415.0,1483.0,6898.0,74,Available
20260911_173747,2026-09-11T17:38:13,EaseMyTrip,DEL-BOM,DEL,BOM,T+7,2026-09-18,IndiGo,6E-320,08:00,10:20,02h 20m,ECONOMY,R,5415.0,1483.0,6898.0,61,Available
20260911_173747,2026-09-11T17:38:13,EaseMyTrip,DEL-BOM,DEL,BOM,T+7,2026-09-18,Air India,AI-2678,08:30,10:45,02h 15m,ECONOMY,S,5493.0,1507.0,7000.0,9,Available
20260911_173747,2026-09-11T17:38:13,EaseMyTrip,DEL-BOM,DEL,BOM,T+7,2026-09-18,Air India,AI-2425,10:30,12:50,02h 20m,ECONOMY,S,5493.0,1507.0,7000.0,9,Available
20260911_173747,2026-09-11T17:38:13,EaseMyTrip,DEL-BOM,DEL,BOM,T+7,2026-09-18,Air India,AI-2441,14:10,16:30,02h 20m,ECONOMY,S,5493.0,1507.0,7000.0,9,Available
20260911_173747,2026-09-11T17:38:13,EaseMyTrip,DEL-BOM,DEL,BOM,T+7,2026-09-18,Air India,AI-2995,10:00,12:25,02h 25m,ECONOMY,S,5493.0,1507.0,7000.0,9,Available
20260911_173747,2026-09-11T17:38:13,EaseMyTrip,DEL-BOM,DEL,BOM,T+7,2026-09-18,Air India,AI-2945,11:00,13:25,02h 25m,ECONOMY,S,5493.0,1507.0,7000.0,9,Available
20260911_173747,2026-09-11T17:38:13,EaseMyTrip,DEL-BOM,DEL,BOM,T+7,2026-09-18,Air India,AI-1785,12:00,14:25,02h 25m,ECONOMY,S,5493.0,1507.0,7000.0,9,Available
20260911_173747,2026-09-11T17:38:13,EaseMyTrip,DEL-BOM,DEL,BOM,T+7,2026-09-18,Air India,AI-2933,15:30,17:55,02h 25m,ECONOMY,S,5493.0,1507.0,7000.0,9,Available
20260911_173747,2026-09-11T17:38:13,EaseMyTrip,DEL-BOM,DEL,BOM,T+7,2026-09-18,Air India,AI-1777,16:00,18:25,02h 25m,ECONOMY,S,5493.0,1507.0,7000.0,9,Available
20260911_173747,2026-09-11T17:38:13,EaseMyTrip,DEL-BOM,DEL,BOM,T+7,2026-09-18,Air India,AI-441,17:00,19:25,02h 25m,ECONOMY,S,5493.0,1507.0,7000.0,9,Available
20260911_173747,2026-09-11T17:38:13,EaseMyTrip,DEL-BOM,DEL,BOM,T+7,2026-09-18,Air India,AI-2927,09:30,12:00,02h 30m,ECONOMY,S,5493.0,1507.0,7000.0,9,Available
20260911_173747,2026-09-11T17:38:13,EaseMyTrip,DEL-BOM,DEL,BOM,T+7,2026-09-18,Air India,AI-2975,06:30,08:50,02h 20m,ECONOMY,T,5644.0,1515.0,7159.0,9,Available
20260911_173747,2026-09-11T17:38:13,EaseMyTrip,DEL-BOM,DEL,BOM,T+7,2026-09-18,Air India,AI-2951,13:30,15:50,02h 20m,ECONOMY,T,5644.0,1515.0,7159.0,4,Available
20260911_173747,2026-09-11T17:38:13,EaseMyTrip,DEL-BOM,DEL,BOM,T+7,2026-09-18,Air India,AI-2941,16:30,18:50,02h 20m,ECONOMY,T,5644.0,1515.0,7159.0,9,Available
20260911_173747,2026-09-11T17:38:13,EaseMyTrip,DEL-BOM,DEL,BOM,T+7,2026-09-18,Air India,AI-1780,16:10,20:00,03h 50m,ECONOMY,T,5644.0,1515.0,7159.0,9,Available
20260911_173747,2026-09-11T17:38:13,EaseMyTrip,DEL-BOM,DEL,BOM,T+7,2026-09-18,IndiGo,6E-6114,22:45,01:05,02h 20m,ECONOMY,R,5665.0,1495.0,7160.0,9,Available
20260911_173747,2026-09-11T17:38:13,EaseMyTrip,DEL-BOM,DEL,BOM,T+7,2026-09-18,Air India Express,IX-1235,23:25,01:50,02h 25m,ECONOMY,E,5976.0,1537.0,7513.0,6,Available
20260911_173747,2026-09-11T17:38:13,EaseMyTrip,DEL-BOM,DEL,BOM,T+7,2026-09-18,Air India,AI-2429,07:00,09:25,02h 25m,ECONOMY,U,5844.0,1525.0,7369.0,9,Available
20260911_173747,2026-09-11T17:38:13,EaseMyTrip,DEL-BOM,DEL,BOM,T+7,2026-09-18,Air India,AI-2943,07:30,09:55,02h 25m,ECONOMY,U,5844.0,1525.0,7369.0,9,Available
20260911_173747,2026-09-11T17:38:13,EaseMyTrip,DEL-BOM,DEL,BOM,T+7,2026-09-18,IndiGo,6E-322,23:30,01:45,02h 15m,ECONOMY,R,5965.0,1510.0,7475.0,10,Available
20260911_173747,2026-09-11T17:38:13,EaseMyTrip,DEL-BOM,DEL,BOM,T+7,2026-09-18,Air India,AI-2439,23:00,01:25,02h 25m,ECONOMY,L,6093.0,1537.0,7630.0,9,Available
20260911_173747,2026-09-11T17:38:13,EaseMyTrip,DEL-BOM,DEL,BOM,T+7,2026-09-18,IndiGo,6E-6706,17:00,19:15,02h 15m,ECONOMY,R,6265.0,1525.0,7790.0,3,Available
20260911_173747,2026-09-11T17:38:13,EaseMyTrip,DEL-BOM,DEL,BOM,T+7,2026-09-18,Akasa Air,QP-1820,17:30,19:45,02h 15m,ECONOMY,Q4,7105.0,964.0,8069.0,9,Available
20260911_174158,2026-09-11T17:42:24,EaseMyTrip,DEL-BOM,DEL,BOM,T+1,2026-09-12,IndiGo,6E-322,23:30,01:45,02h 15m,ECONOMY,R,5065.0,1465.0,6530.0,31,Available
20260911_174158,2026-09-11T17:42:24,EaseMyTrip,DEL-BOM,DEL,BOM,T+1,2026-09-12,IndiGo,6E-329,18:00,20:15,02h 15m,ECONOMY,R,5065.0,1465.0,6530.0,34,Available
20260911_174158,2026-09-11T17:42:24,EaseMyTrip,DEL-BOM,DEL,BOM,T+1,2026-09-12,IndiGo,6E-6706,17:00,19:15,02h 15m,ECONOMY,R,5065.0,1465.0,6530.0,21,Available
20260911_174158,2026-09-11T17:42:24,EaseMyTrip,DEL-BOM,DEL,BOM,T+1,2026-09-12,IndiGo,6E-864,15:30,17:45,02h 15m,ECONOMY,R,5065.0,1465.0,6530.0,13,Available
20260911_174158,2026-09-11T17:42:24,EaseMyTrip,DEL-BOM,DEL,BOM,T+1,2026-09-12,IndiGo,6E-6318,14:45,17:00,02h 15m,ECONOMY,R,5065.0,1465.0,6530.0,30,Available
20260911_174158,2026-09-11T17:42:24,EaseMyTrip,DEL-BOM,DEL,BOM,T+1,2026-09-12,IndiGo,6E-6218,06:05,08:20,02h 15m,ECONOMY,R,5065.0,1465.0,6530.0,6,Available
20260911_174158,2026-09-11T17:42:24,EaseMyTrip,DEL-BOM,DEL,BOM,T+1,2026-09-12,IndiGo,6E-6814,07:15,09:30,02h 15m,ECONOMY,R,5065.0,1465.0,6530.0,26,Available
20260911_174158,2026-09-11T17:42:24,EaseMyTrip,DEL-BOM,DEL,BOM,T+1,2026-09-12,Akasa Air,QP-1128,16:00,18:20,02h 20m,ECONOMY,U1,5640.0,890.0,6530.0,9,Available
20260911_174158,2026-09-11T17:42:24,EaseMyTrip,DEL-BOM,DEL,BOM,T+1,2026-09-12,IndiGo,6E-6114,22:45,01:05,02h 20m,ECONOMY,R,5065.0,1465.0,6530.0,93,Available
20260911_174158,2026-09-11T17:42:24,EaseMyTrip,DEL-BOM,DEL,BOM,T+1,2026-09-12,IndiGo,6E-395,21:45,00:05,02h 20m,ECONOMY,R,5065.0,1465.0,6530.0,34,Available
20260911_174158,2026-09-11T17:42:24,EaseMyTrip,DEL-BOM,DEL,BOM,T+1,2026-09-12,IndiGo,6E-327,16:15,18:35,02h 20m,ECONOMY,R,5065.0,1465.0,6530.0,44,Available
20260911_174158,2026-09-11T17:42:24,EaseMyTrip,DEL-BOM,DEL,BOM,T+1,2026-09-12,Akasa Air,QP-1826,19:55,22:20,02h 25m,ECONOMY,U1,5640.0,890.0,6530.0,9,Available
20260911_174158,2026-09-11T17:42:24,EaseMyTrip,DEL-BOM,DEL,BOM,T+1,2026-09-12,IndiGo,6E-6022,14:00,16:25,02h 25m,ECONOMY,R,5065.0,1465.0,6530.0,14,Available
20260911_174158,2026-09-11T17:42:24,EaseMyTrip,DEL-BOM,DEL,BOM,T+1,2026-09-12,Air India Express,IX-1235,23:25,01:50,02h 25m,ECONOMY,H,5191.0,1497.0,6688.0,9,Available
20260911_174158,2026-09-11T17:42:24,EaseMyTrip,DEL-BOM,DEL,BOM,T+1,2026-09-12,Akasa Air,QP-1112,09:20,11:40,02h 20m,ECONOMY,U0,5715.0,894.0,6609.0,9,Available
20260911_174158,2026-09-11T17:42:24,EaseMyTrip,DEL-BOM,DEL,BOM,T+1,2026-09-12,IndiGo,6E-303,20:00,22:10,02h 10m,ECONOMY,R,5215.0,1473.0,6688.0,3,Available
20260911_174158,2026-09-11T17:42:24,EaseMyTrip,DEL-BOM,DEL,BOM,T+1,2026-09-12,IndiGo,6E-675,08:45,11:00,02h 15m,ECONOMY,R,5215.0,1473.0,6688.0,2,Available
20260911_174158,2026-09-11T17:42:24,EaseMyTrip,DEL-BOM,DEL,BOM,T+1,2026-09-12,IndiGo,6E-320,08:00,10:20,02h 20m,ECONOMY,R,5215.0,1473.0,6688.0,24,Available
20260911_174158,2026-09-11T17:42:24,EaseMyTrip,DEL-BOM,DEL,BOM,T+1,2026-09-12,IndiGo,6E-354,19:00,21:25,02h 25m,ECONOMY,R,5215.0,1473.0,6688.0,10,Available
20260911_174158,2026-09-11T17:42:24,EaseMyTrip,DEL-BOM,DEL,BOM,T+1,2026-09-12,Akasa Air,QP-1820,17:30,19:45,02h 15m,ECONOMY,T4,5829.0,900.0,6729.0,9,Available
20260911_174158,2026-09-11T17:42:24,EaseMyTrip,DEL-BOM,DEL,BOM,T+1,2026-09-12,Air India,AI-2439,23:00,01:25,02h 25m,ECONOMY,S,5236.0,1494.0,6730.0,9,Available
20260911_174158,2026-09-11T17:42:24,EaseMyTrip,DEL-BOM,DEL,BOM,T+1,2026-09-12,Akasa Air,QP-1833,06:50,09:10,02h 20m,ECONOMY,T3,5945.0,906.0,6851.0,9,Available
20260911_174158,2026-09-11T17:42:24,EaseMyTrip,DEL-BOM,DEL,BOM,T+1,2026-09-12,Akasa Air,QP-1119,08:40,11:05,02h 25m,ECONOMY,T3,5945.0,906.0,6851.0,9,Available
20260911_174158,2026-09-11T17:42:24,EaseMyTrip,DEL-BOM,DEL,BOM,T+1,2026-09-12,IndiGo,6E-324,13:00,15:10,02h 10m,ECONOMY,R,5415.0,1483.0,6898.0,11,Available
20260911_174158,2026-09-11T17:42:24,EaseMyTrip,DEL-BOM,DEL,BOM,T+1,2026-09-12,IndiGo,6E-6676,12:00,14:15,02h 15m,ECONOMY,R,5415.0,1483.0,6898.0,10,Available
20260911_174158,2026-09-11T17:42:24,EaseMyTrip,DEL-BOM,DEL,BOM,T+1,2026-09-12,IndiGo,6E-6328,10:15,12:35,02h 20m,ECONOMY,R,5415.0,1483.0,6898.0,2,Available
20260911_174158,2026-09-11T17:42:24,EaseMyTrip,DEL-BOM,DEL,BOM,T+1,2026-09-12,IndiGo,6E-6107,09:30,11:55,02h 25m,ECONOMY,R,5415.0,1483.0,6898.0,8,Available
20260911_174158,2026-09-11T17:42:24,EaseMyTrip,DEL-BOM,DEL,BOM,T+1,2026-09-12,Air India,AI-865,08:55,11:10,02h 15m,ECONOMY,S,5493.0,1507.0,7000.0,9,Available
20260911_174158,2026-09-11T17:42:24,EaseMyTrip,DEL-BOM,DEL,BOM,T+1,2026-09-12,Air India,AI-2975,06:30,08:50,02h 20m,ECONOMY,S,5493.0,1507.0,7000.0,9,Available
20260911_174158,2026-09-11T17:42:24,EaseMyTrip,DEL-BOM,DEL,BOM,T+1,2026-09-12,Air India,AI-2941,16:30,18:50,02h 20m,ECONOMY,S,5493.0,1507.0,7000.0,9,Available
20260911_174158,2026-09-11T17:42:24,EaseMyTrip,DEL-BOM,DEL,BOM,T+1,2026-09-12,Air India,AI-1745,05:00,07:20,02h 20m,ECONOMY,T,5493.0,1507.0,7000.0,9,Available
20260911_174158,2026-09-11T17:42:24,EaseMyTrip,DEL-BOM,DEL,BOM,T+1,2026-09-12,Air India,AI-1777,16:00,18:25,02h 25m,ECONOMY,S,5493.0,1507.0,7000.0,9,Available
20260911_174158,2026-09-11T17:42:24,EaseMyTrip,DEL-BOM,DEL,BOM,T+1,2026-09-12,Air India,AI-441,17:00,19:25,02h 25m,ECONOMY,S,5493.0,1507.0,7000.0,9,Available
20260911_174158,2026-09-11T17:42:24,EaseMyTrip,DEL-BOM,DEL,BOM,T+1,2026-09-12,Air India,AI-2955,18:00,20:25,02h 25m,ECONOMY,S,5493.0,1507.0,7000.0,9,Available
20260911_174158,2026-09-11T17:42:24,EaseMyTrip,DEL-BOM,DEL,BOM,T+1,2026-09-12,Air India,AI-2977,19:00,21:25,02h 25m,ECONOMY,S,5493.0,1507.0,7000.0,9,Available
20260911_174158,2026-09-11T17:42:24,EaseMyTrip,DEL-BOM,DEL,BOM,T+1,2026-09-12,Air India,AI-2985,19:30,21:55,02h 25m,ECONOMY,S,5493.0,1507.0,7000.0,9,Available
20260911_174158,2026-09-11T17:42:24,EaseMyTrip,DEL-BOM,DEL,BOM,T+1,2026-09-12,Air India,AI-2433,21:30,23:55,02h 25m,ECONOMY,S,5493.0,1507.0,7000.0,9,Available
20260911_174158,2026-09-11T17:42:24,EaseMyTrip,DEL-BOM,DEL,BOM,T+1,2026-09-12,Air India,AI-2927,09:30,12:00,02h 30m,ECONOMY,S,5493.0,1507.0,7000.0,9,Available
20260911_174158,2026-09-11T17:42:24,EaseMyTrip,DEL-BOM,DEL,BOM,T+1,2026-09-12,Air India,AI-2678,08:30,10:45,02h 15m,ECONOMY,T,5644.0,1515.0,7159.0,9,Available
20260911_174158,2026-09-11T17:42:24,EaseMyTrip,DEL-BOM,DEL,BOM,T+1,2026-09-12,Air India,AI-2963,09:00,11:15,02h 15m,ECONOMY,T,5644.0,1515.0,7159.0,9,Available
20260911_174158,2026-09-11T17:42:24,EaseMyTrip,DEL-BOM,DEL,BOM,T+1,2026-09-12,Air India,AI-2981,21:00,23:20,02h 20m,ECONOMY,T,5644.0,1515.0,7159.0,8,Available
20260911_174158,2026-09-11T17:42:24,EaseMyTrip,DEL-BOM,DEL,BOM,T+1,2026-09-12,Air India,AI-2429,07:00,09:25,02h 25m,ECONOMY,T,5644.0,1515.0,7159.0,9,Available
20260911_174158,2026-09-11T17:42:24,EaseMyTrip,DEL-BOM,DEL,BOM,T+1,2026-09-12,Air India,AI-2943,07:30,09:55,02h 25m,ECONOMY,T,5644.0,1515.0,7159.0,9,Available
20260911_174158,2026-09-11T17:42:24,EaseMyTrip,DEL-BOM,DEL,BOM,T+1,2026-09-12,Air India,AI-2995,10:00,12:25,02h 25m,ECONOMY,T,5644.0,1515.0,7159.0,9,Available
20260911_174158,2026-09-11T17:42:24,EaseMyTrip,DEL-BOM,DEL,BOM,T+1,2026-09-12,Air India,AI-2933,15:30,17:55,02h 25m,ECONOMY,T,5644.0,1515.0,7159.0,9,Available
20260911_174158,2026-09-11T17:42:24,EaseMyTrip,DEL-BOM,DEL,BOM,T+1,2026-09-12,Air India,AI-2957,20:30,23:05,02h 35m,ECONOMY,T,5644.0,1515.0,7159.0,9,Available
20260911_174158,2026-09-11T17:42:24,EaseMyTrip,DEL-BOM,DEL,BOM,T+1,2026-09-12,IndiGo,6E-6047,11:00,13:15,02h 15m,ECONOMY,R,5665.0,1495.0,7160.0,9,Available
20260911_174158,2026-09-11T17:42:24,EaseMyTrip,DEL-BOM,DEL,BOM,T+1,2026-09-12,Akasa Air,QP-1110,10:30,12:45,02h 15m,ECONOMY,T0,6309.0,924.0,7233.0,9,Available
20260911_174158,2026-09-11T17:42:24,EaseMyTrip,DEL-BOM,DEL,BOM,T+1,2026-09-12,IndiGo,6E-449,05:00,07:15,02h 15m,ECONOMY,R,5965.0,1510.0,7475.0,5,Available
20260911_174158,2026-09-11T17:42:24,EaseMyTrip,DEL-BOM,DEL,BOM,T+1,2026-09-12,Air India,AI-1785,12:00,14:25,02h 25m,ECONOMY,L,6093.0,1537.0,7630.0,3,Available
20260911_174158,2026-09-11T17:42:24,EaseMyTrip,DEL-BOM,DEL,BOM,T+1,2026-09-12,Akasa Air,QP-1836,12:30,14:55,02h 25m,ECONOMY,R2,6696.0,942.0,7638.0,9,Available
20260911_174158,2026-09-11T17:42:33,EaseMyTrip,DEL-BOM,DEL,BOM,T+7,2026-09-18,Air India Express,IX-1056,05:35,08:05,02h 30m,ECONOMY,G,5040.0,1489.0,6529.0,9,Available
20260911_174158,2026-09-11T17:42:33,EaseMyTrip,DEL-BOM,DEL,BOM,T+7,2026-09-18,IndiGo,6E-324,13:00,15:10,02h 10m,ECONOMY,R,5065.0,1465.0,6530.0,54,Available
20260911_174158,2026-09-11T17:42:33,EaseMyTrip,DEL-BOM,DEL,BOM,T+7,2026-09-18,Akasa Air,QP-1110,10:30,12:45,02h 15m,ECONOMY,U1,5640.0,890.0,6530.0,9,Available
20260911_174158,2026-09-11T17:42:33,EaseMyTrip,DEL-BOM,DEL,BOM,T+7,2026-09-18,IndiGo,6E-449,05:00,07:15,02h 15m,ECONOMY,R,5065.0,1465.0,6530.0,110,Available
20260911_174158,2026-09-11T17:42:33,EaseMyTrip,DEL-BOM,DEL,BOM,T+7,2026-09-18,IndiGo,6E-864,15:30,17:45,02h 15m,ECONOMY,R,5065.0,1465.0,6530.0,82,Available
20260911_174158,2026-09-11T17:42:33,EaseMyTrip,DEL-BOM,DEL,BOM,T+7,2026-09-18,IndiGo,6E-6318,14:45,17:00,02h 15m,ECONOMY,R,5065.0,1465.0,6530.0,82,Available
20260911_174158,2026-09-11T17:42:33,EaseMyTrip,DEL-BOM,DEL,BOM,T+7,2026-09-18,IndiGo,6E-675,08:45,11:00,02h 15m,ECONOMY,R,5065.0,1465.0,6530.0,24,Available
20260911_174158,2026-09-11T17:42:33,EaseMyTrip,DEL-BOM,DEL,BOM,T+7,2026-09-18,IndiGo,6E-6047,11:00,13:15,02h 15m,ECONOMY,R,5065.0,1465.0,6530.0,55,Available
20260911_174158,2026-09-11T17:42:33,EaseMyTrip,DEL-BOM,DEL,BOM,T+7,2026-09-18,IndiGo,6E-6676,12:00,14:15,02h 15m,ECONOMY,R,5065.0,1465.0,6530.0,75,Available
20260911_174158,2026-09-11T17:42:33,EaseMyTrip,DEL-BOM,DEL,BOM,T+7,2026-09-18,Akasa Air,QP-1833,06:50,09:10,02h 20m,ECONOMY,U1,5640.0,890.0,6530.0,9,Available
20260911_174158,2026-09-11T17:42:33,EaseMyTrip,DEL-BOM,DEL,BOM,T+7,2026-09-18,Akasa Air,QP-1112,09:20,11:40,02h 20m,ECONOMY,U1,5640.0,890.0,6530.0,9,Available
20260911_174158,2026-09-11T17:42:33,EaseMyTrip,DEL-BOM,DEL,BOM,T+7,2026-09-18,Akasa Air,QP-1128,16:00,18:20,02h 20m,ECONOMY,U1,5640.0,890.0,6530.0,9,Available
20260911_174158,2026-09-11T17:42:33,EaseMyTrip,DEL-BOM,DEL,BOM,T+7,2026-09-18,IndiGo,6E-6328,10:15,12:35,02h 20m,ECONOMY,R,5065.0,1465.0,6530.0,43,Available
20260911_174158,2026-09-11T17:42:33,EaseMyTrip,DEL-BOM,DEL,BOM,T+7,2026-09-18,Akasa Air,QP-1119,08:40,11:05,02h 25m,ECONOMY,U1,5640.0,890.0,6530.0,9,Available
20260911_174158,2026-09-11T17:42:33,EaseMyTrip,DEL-BOM,DEL,BOM,T+7,2026-09-18,Akasa Air,QP-1836,12:30,14:55,02h 25m,ECONOMY,U1,5640.0,890.0,6530.0,9,Available
20260911_174158,2026-09-11T17:42:33,EaseMyTrip,DEL-BOM,DEL,BOM,T+7,2026-09-18,IndiGo,6E-6022,14:00,16:25,02h 25m,ECONOMY,R,5065.0,1465.0,6530.0,102,Available
20260911_174158,2026-09-11T17:42:33,EaseMyTrip,DEL-BOM,DEL,BOM,T+7,2026-09-18,IndiGo,6E-6107,09:30,11:55,02h 25m,ECONOMY,R,5065.0,1465.0,6530.0,61,Available
20260911_174158,2026-09-11T17:42:33,EaseMyTrip,DEL-BOM,DEL,BOM,T+7,2026-09-18,IndiGo,6E-6218,06:05,08:20,02h 15m,ECONOMY,R,5215.0,1473.0,6688.0,78,Available
20260911_174158,2026-09-11T17:42:33,EaseMyTrip,DEL-BOM,DEL,BOM,T+7,2026-09-18,IndiGo,6E-327,16:15,18:35,02h 20m,ECONOMY,R,5215.0,1473.0,6688.0,63,Available
20260911_174158,2026-09-11T17:42:33,EaseMyTrip,DEL-BOM,DEL,BOM,T+7,2026-09-18,Air India,AI-1745,05:00,07:20,02h 20m,ECONOMY,S,5236.0,1494.0,6730.0,9,Available
20260911_174158,2026-09-11T17:42:33,EaseMyTrip,DEL-BOM,DEL,BOM,T+7,2026-09-18,IndiGo,6E-6814,07:15,09:30,02h 15m,ECONOMY,R,5415.0,1483.0,6898.0,74,Available
20260911_174158,2026-09-11T17:42:33,EaseMyTrip,DEL-BOM,DEL,BOM,T+7,2026-09-18,IndiGo,6E-320,08:00,10:20,02h 20m,ECONOMY,R,5415.0,1483.0,6898.0,61,Available
20260911_174158,2026-09-11T17:42:33,EaseMyTrip,DEL-BOM,DEL,BOM,T+7,2026-09-18,Air India,AI-2678,08:30,10:45,02h 15m,ECONOMY,S,5493.0,1507.0,7000.0,9,Available
20260911_174158,2026-09-11T17:42:33,EaseMyTrip,DEL-BOM,DEL,BOM,T+7,2026-09-18,Air India,AI-2425,10:30,12:50,02h 20m,ECONOMY,S,5493.0,1507.0,7000.0,9,Available
20260911_174158,2026-09-11T17:42:33,EaseMyTrip,DEL-BOM,DEL,BOM,T+7,2026-09-18,Air India,AI-2951,13:30,15:50,02h 20m,ECONOMY,S,5493.0,1507.0,7000.0,1,Available
20260911_174158,2026-09-11T17:42:33,EaseMyTrip,DEL-BOM,DEL,BOM,T+7,2026-09-18,Air India,AI-2441,14:10,16:30,02h 20m,ECONOMY,S,5493.0,1507.0,7000.0,9,Available
20260911_174158,2026-09-11T17:42:33,EaseMyTrip,DEL-BOM,DEL,BOM,T+7,2026-09-18,Air India,AI-2995,10:00,12:25,02h 25m,ECONOMY,S,5493.0,1507.0,7000.0,9,Available
20260911_174158,2026-09-11T17:42:33,EaseMyTrip,DEL-BOM,DEL,BOM,T+7,2026-09-18,Air India,AI-2945,11:00,13:25,02h 25m,ECONOMY,S,5493.0,1507.0,7000.0,9,Available
20260911_174158,2026-09-11T17:42:33,EaseMyTrip,DEL-BOM,DEL,BOM,T+7,2026-09-18,Air India,AI-1785,12:00,14:25,02h 25m,ECONOMY,S,5493.0,1507.0,7000.0,9,Available
20260911_174158,2026-09-11T17:42:33,EaseMyTrip,DEL-BOM,DEL,BOM,T+7,2026-09-18,Air India,AI-2933,15:30,17:55,02h 25m,ECONOMY,S,5493.0,1507.0,7000.0,9,Available
20260911_174158,2026-09-11T17:42:33,EaseMyTrip,DEL-BOM,DEL,BOM,T+7,2026-09-18,Air India,AI-1777,16:00,18:25,02h 25m,ECONOMY,S,5493.0,1507.0,7000.0,9,Available
20260911_174158,2026-09-11T17:42:33,EaseMyTrip,DEL-BOM,DEL,BOM,T+7,2026-09-18,Air India,AI-441,17:00,19:25,02h 25m,ECONOMY,S,5493.0,1507.0,7000.0,9,Available
20260911_174158,2026-09-11T17:42:33,EaseMyTrip,DEL-BOM,DEL,BOM,T+7,2026-09-18,Air India,AI-2927,09:30,12:00,02h 30m,ECONOMY,S,5493.0,1507.0,7000.0,9,Available
20260911_174158,2026-09-11T17:42:33,EaseMyTrip,DEL-BOM,DEL,BOM,T+7,2026-09-18,Air India,AI-2975,06:30,08:50,02h 20m,ECONOMY,T,5644.0,1515.0,7159.0,9,Available
20260911_174158,2026-09-11T17:42:33,EaseMyTrip,DEL-BOM,DEL,BOM,T+7,2026-09-18,Air India,AI-2941,16:30,18:50,02h 20m,ECONOMY,T,5644.0,1515.0,7159.0,9,Available
20260911_174158,2026-09-11T17:42:33,EaseMyTrip,DEL-BOM,DEL,BOM,T+7,2026-09-18,Air India,AI-1780,16:10,20:00,03h 50m,ECONOMY,T,5644.0,1515.0,7159.0,9,Available
20260911_174158,2026-09-11T17:42:33,EaseMyTrip,DEL-BOM,DEL,BOM,T+7,2026-09-18,IndiGo,6E-6114,22:45,01:05,02h 20m,ECONOMY,R,5665.0,1495.0,7160.0,9,Available
20260911_174158,2026-09-11T17:42:33,EaseMyTrip,DEL-BOM,DEL,BOM,T+7,2026-09-18,Air India Express,IX-1235,23:25,01:50,02h 25m,ECONOMY,E,5976.0,1537.0,7513.0,6,Available
20260911_174158,2026-09-11T17:42:33,EaseMyTrip,DEL-BOM,DEL,BOM,T+7,2026-09-18,Air India,AI-2429,07:00,09:25,02h 25m,ECONOMY,U,5844.0,1525.0,7369.0,9,Available
20260911_174158,2026-09-11T17:42:33,EaseMyTrip,DEL-BOM,DEL,BOM,T+7,2026-09-18,Air India,AI-2943,07:30,09:55,02h 25m,ECONOMY,U,5844.0,1525.0,7369.0,9,Available
20260911_174158,2026-09-11T17:42:33,EaseMyTrip,DEL-BOM,DEL,BOM,T+7,2026-09-18,IndiGo,6E-322,23:30,01:45,02h 15m,ECONOMY,R,5965.0,1510.0,7475.0,10,Available
20260911_174158,2026-09-11T17:42:33,EaseMyTrip,DEL-BOM,DEL,BOM,T+7,2026-09-18,Air India,AI-2439,23:00,01:25,02h 25m,ECONOMY,L,6093.0,1537.0,7630.0,9,Available
20260911_174158,2026-09-11T17:42:33,EaseMyTrip,DEL-BOM,DEL,BOM,T+7,2026-09-18,IndiGo,6E-6706,17:00,19:15,02h 15m,ECONOMY,R,6265.0,1525.0,7790.0,3,Available
20260911_174158,2026-09-11T17:42:33,EaseMyTrip,DEL-BOM,DEL,BOM,T+7,2026-09-18,Akasa Air,QP-1820,17:30,19:45,02h 15m,ECONOMY,Q2,7392.0,978.0,8370.0,9,Available
20260911_174158,2026-09-11T17:42:58,EaseMyTrip,DEL-BOM,DEL,BOM,T+15,2026-09-26,IndiGo,6E-324,13:00,15:10,02h 10m,ECONOMY,R,5065.0,1465.0,6530.0,12,Available
20260911_174158,2026-09-11T17:42:58,EaseMyTrip,DEL-BOM,DEL,BOM,T+15,2026-09-26,IndiGo,6E-322,23:30,01:45,02h 15m,ECONOMY,R,5065.0,1465.0,6530.0,11,Available
20260911_174158,2026-09-11T17:42:58,EaseMyTrip,DEL-BOM,DEL,BOM,T+15,2026-09-26,IndiGo,6E-329,18:00,20:15,02h 15m,ECONOMY,R,5065.0,1465.0,6530.0,11,Available
20260911_174158,2026-09-11T17:42:58,EaseMyTrip,DEL-BOM,DEL,BOM,T+15,2026-09-26,IndiGo,6E-6706,17:00,19:15,02h 15m,ECONOMY,R,5065.0,1465.0,6530.0,85,Available
20260911_174158,2026-09-11T17:42:58,EaseMyTrip,DEL-BOM,DEL,BOM,T+15,2026-09-26,IndiGo,6E-864,15:30,17:45,02h 15m,ECONOMY,R,5065.0,1465.0,6530.0,64,Available
20260911_174158,2026-09-11T17:42:58,EaseMyTrip,DEL-BOM,DEL,BOM,T+15,2026-09-26,IndiGo,6E-6318,14:45,17:00,02h 15m,ECONOMY,R,5065.0,1465.0,6530.0,91,Available
20260911_174158,2026-09-11T17:42:58,EaseMyTrip,DEL-BOM,DEL,BOM,T+15,2026-09-26,IndiGo,6E-675,08:45,11:00,02h 15m,ECONOMY,R,5065.0,1465.0,6530.0,60,Available
20260911_174158,2026-09-11T17:42:58,EaseMyTrip,DEL-BOM,DEL,BOM,T+15,2026-09-26,IndiGo,6E-6814,07:15,09:30,02h 15m,ECONOMY,R,5065.0,1465.0,6530.0,12,Available
20260911_174158,2026-09-11T17:42:58,EaseMyTrip,DEL-BOM,DEL,BOM,T+15,2026-09-26,IndiGo,6E-6047,11:00,13:15,02h 15m,ECONOMY,R,5065.0,1465.0,6530.0,1,Available
20260911_174158,2026-09-11T17:42:58,EaseMyTrip,DEL-BOM,DEL,BOM,T+15,2026-09-26,IndiGo,6E-6676,12:00,14:15,02h 15m,ECONOMY,R,5065.0,1465.0,6530.0,12,Available
20260911_174158,2026-09-11T17:42:58,EaseMyTrip,DEL-BOM,DEL,BOM,T+15,2026-09-26,Akasa Air,QP-1112,09:20,11:40,02h 20m,ECONOMY,U1,5640.0,890.0,6530.0,9,Available
20260911_174158,2026-09-11T17:42:58,EaseMyTrip,DEL-BOM,DEL,BOM,T+15,2026-09-26,IndiGo,6E-6114,22:45,01:05,02h 20m,ECONOMY,R,5065.0,1465.0,6530.0,11,Available
20260911_174158,2026-09-11T17:42:58,EaseMyTrip,DEL-BOM,DEL,BOM,T+15,2026-09-26,IndiGo,6E-327,16:15,18:35,02h 20m,ECONOMY,R,5065.0,1465.0,6530.0,81,Available
20260911_174158,2026-09-11T17:42:58,EaseMyTrip,DEL-BOM,DEL,BOM,T+15,2026-09-26,IndiGo,6E-320,08:00,10:20,02h 20m,ECONOMY,R,5065.0,1465.0,6530.0,10,Available
20260911_174158,2026-09-11T17:42:58,EaseMyTrip,DEL-BOM,DEL,BOM,T+15,2026-09-26,IndiGo,6E-6328,10:15,12:35,02h 20m,ECONOMY,R,5065.0,1465.0,6530.0,66,Available
20260911_174158,2026-09-11T17:42:58,EaseMyTrip,DEL-BOM,DEL,BOM,T+15,2026-09-26,IndiGo,6E-6022,14:00,16:25,02h 25m,ECONOMY,R,5065.0,1465.0,6530.0,91,Available
20260911_174158,2026-09-11T17:42:58,EaseMyTrip,DEL-BOM,DEL,BOM,T+15,2026-09-26,IndiGo,6E-6107,09:30,11:55,02h 25m,ECONOMY,R,5065.0,1465.0,6530.0,51,Available
20260911_174158,2026-09-11T17:42:58,EaseMyTrip,DEL-BOM,DEL,BOM,T+15,2026-09-26,IndiGo,6E-449,05:00,07:15,02h 15m,ECONOMY,R,5215.0,1473.0,6688.0,77,Available
20260911_174158,2026-09-11T17:42:58,EaseMyTrip,DEL-BOM,DEL,BOM,T+15,2026-09-26,IndiGo,6E-395,21:45,00:05,02h 20m,ECONOMY,R,5215.0,1473.0,6688.0,98,Available
20260911_174158,2026-09-11T17:42:58,EaseMyTrip,DEL-BOM,DEL,BOM,T+15,2026-09-26,IndiGo,6E-354,19:00,21:25,02h 25m,ECONOMY,R,5215.0,1473.0,6688.0,9,Available
20260911_174158,2026-09-11T17:42:58,EaseMyTrip,DEL-BOM,DEL,BOM,T+15,2026-09-26,Air India,AI-2439,23:00,01:25,02h 25m,ECONOMY,S,5236.0,1494.0,6730.0,9,Available
20260911_174158,2026-09-11T17:42:58,EaseMyTrip,DEL-BOM,DEL,BOM,T+15,2026-09-26,IndiGo,6E-303,20:00,22:10,02h 10m,ECONOMY,R,5415.0,1483.0,6898.0,1,Available
20260911_174158,2026-09-11T17:42:58,EaseMyTrip,DEL-BOM,DEL,BOM,T+15,2026-09-26,IndiGo,6E-6218,06:05,08:20,02h 15m,ECONOMY,R,5415.0,1483.0,6898.0,15,Available
20260911_174158,2026-09-11T17:42:58,EaseMyTrip,DEL-BOM,DEL,BOM,T+15,2026-09-26,Air India,AI-2678,08:30,10:45,02h 15m,ECONOMY,S,5493.0,1507.0,7000.0,9,Available
20260911_174158,2026-09-11T17:42:58,EaseMyTrip,DEL-BOM,DEL,BOM,T+15,2026-09-26,Air India,AI-2963,09:00,11:15,02h 15m,ECONOMY,S,5493.0,1507.0,7000.0,9,Available
20260911_174158,2026-09-11T17:42:58,EaseMyTrip,DEL-BOM,DEL,BOM,T+15,2026-09-26,Air India,AI-2425,10:30,12:50,02h 20m,ECONOMY,S,5493.0,1507.0,7000.0,9,Available
20260911_174158,2026-09-11T17:42:58,EaseMyTrip,DEL-BOM,DEL,BOM,T+15,2026-09-26,Air India,AI-2941,16:30,18:50,02h 20m,ECONOMY,S,5493.0,1507.0,7000.0,9,Available
20260911_174158,2026-09-11T17:42:58,EaseMyTrip,DEL-BOM,DEL,BOM,T+15,2026-09-26,Air India,AI-2981,21:00,23:20,02h 20m,ECONOMY,S,5493.0,1507.0,7000.0,9,Available
20260911_174158,2026-09-11T17:42:58,EaseMyTrip,DEL-BOM,DEL,BOM,T+15,2026-09-26,Air India,AI-1745,05:00,07:20,02h 20m,ECONOMY,T,5493.0,1507.0,7000.0,9,Available
20260911_174158,2026-09-11T17:42:58,EaseMyTrip,DEL-BOM,DEL,BOM,T+15,2026-09-26,Air India,AI-2429,07:00,09:25,02h 25m,ECONOMY,S,5493.0,1507.0,7000.0,9,Available
20260911_174158,2026-09-11T17:42:58,EaseMyTrip,DEL-BOM,DEL,BOM,T+15,2026-09-26,Air India,AI-2943,07:30,09:55,02h 25m,ECONOMY,S,5493.0,1507.0,7000.0,9,Available
20260911_174158,2026-09-11T17:42:58,EaseMyTrip,DEL-BOM,DEL,BOM,T+15,2026-09-26,Air India,AI-2995,10:00,12:25,02h 25m,ECONOMY,S,5493.0,1507.0,7000.0,9,Available
20260911_174158,2026-09-11T17:42:58,EaseMyTrip,DEL-BOM,DEL,BOM,T+15,2026-09-26,Air India,AI-2945,11:00,13:25,02h 25m,ECONOMY,S,5493.0,1507.0,7000.0,9,Available
20260911_174158,2026-09-11T17:42:58,EaseMyTrip,DEL-BOM,DEL,BOM,T+15,2026-09-26,Air India,AI-1785,12:00,14:25,02h 25m,ECONOMY,S,5493.0,1507.0,7000.0,9,Available
20260911_174158,2026-09-11T17:42:58,EaseMyTrip,DEL-BOM,DEL,BOM,T+15,2026-09-26,Air India,AI-2933,15:30,17:55,02h 25m,ECONOMY,S,5493.0,1507.0,7000.0,2,Available
20260911_174158,2026-09-11T17:42:58,EaseMyTrip,DEL-BOM,DEL,BOM,T+15,2026-09-26,Air India,AI-1777,16:00,18:25,02h 25m,ECONOMY,S,5493.0,1507.0,7000.0,9,Available
20260911_174158,2026-09-11T17:42:58,EaseMyTrip,DEL-BOM,DEL,BOM,T+15,2026-09-26,Air India,AI-441,17:00,19:25,02h 25m,ECONOMY,S,5493.0,1507.0,7000.0,9,Available
20260911_174158,2026-09-11T17:42:58,EaseMyTrip,DEL-BOM,DEL,BOM,T+15,2026-09-26,Air India,AI-2955,18:00,20:25,02h 25m,ECONOMY,S,5493.0,1507.0,7000.0,9,Available
20260911_174158,2026-09-11T17:42:58,EaseMyTrip,DEL-BOM,DEL,BOM,T+15,2026-09-26,Air India,AI-2927,09:30,12:00,02h 30m,ECONOMY,S,5493.0,1507.0,7000.0,9,Available
20260911_174158,2026-09-11T17:42:58,EaseMyTrip,DEL-BOM,DEL,BOM,T+15,2026-09-26,Air India,AI-1780,16:10,20:00,03h 50m,ECONOMY,S,5493.0,1507.0,7000.0,9,Available
20260911_174158,2026-09-11T17:42:58,EaseMyTrip,DEL-BOM,DEL,BOM,T+15,2026-09-26,Air India Express,IX-1235,23:25,01:50,02h 25m,ECONOMY,K,5649.0,1519.0,7168.0,2,Available
20260911_174158,2026-09-11T17:42:58,EaseMyTrip,DEL-BOM,DEL,BOM,T+15,2026-09-26,Air India,AI-2975,06:30,08:50,02h 20m,ECONOMY,T,5644.0,1515.0,7159.0,9,Available
20260911_174158,2026-09-11T17:42:58,EaseMyTrip,DEL-BOM,DEL,BOM,T+15,2026-09-26,Air India,AI-2977,19:00,21:25,02h 25m,ECONOMY,T,5644.0,1515.0,7159.0,9,Available
20260911_174158,2026-09-11T17:42:58,EaseMyTrip,DEL-BOM,DEL,BOM,T+15,2026-09-26,Air India,AI-2985,19:30,21:55,02h 25m,ECONOMY,T,5644.0,1515.0,7159.0,9,Available
20260911_174158,2026-09-11T17:42:58,EaseMyTrip,DEL-BOM,DEL,BOM,T+15,2026-09-26,Air India,AI-2433,21:30,23:55,02h 25m,ECONOMY,T,5644.0,1515.0,7159.0,3,Available
20260911_174158,2026-09-11T17:42:58,EaseMyTrip,DEL-BOM,DEL,BOM,T+15,2026-09-26,Air India,AI-2957,20:30,23:05,02h 35m,ECONOMY,U,5844.0,1525.0,7369.0,9,Available
20260911_174158,2026-09-11T17:43:24,EaseMyTrip,DEL-BLR,DEL,BLR,T+1,2026-09-12,Akasa Air,QP-1812,22:55,01:45,02h 50m,ECONOMY,U2,7774.0,1055.0,8829.0,9,Available
20260911_174158,2026-09-11T17:43:24,EaseMyTrip,DEL-BLR,DEL,BLR,T+1,2026-09-12,Akasa Air,QP-1308,20:55,23:50,02h 55m,ECONOMY,U2,7774.0,1055.0,8829.0,9,Available
20260911_174158,2026-09-11T17:43:24,EaseMyTrip,DEL-BLR,DEL,BLR,T+1,2026-09-12,Akasa Air,QP-1350,21:55,00:50,02h 55m,ECONOMY,U2,7774.0,1055.0,8829.0,9,Available
20260911_174158,2026-09-11T17:43:24,EaseMyTrip,DEL-BLR,DEL,BLR,T+1,2026-09-12,IndiGo,6E-846,22:00,00:55,02h 55m,ECONOMY,R,6998.0,1831.0,8829.0,28,Available
20260911_174158,2026-09-11T17:43:24,EaseMyTrip,DEL-BLR,DEL,BLR,T+1,2026-09-12,IndiGo,6E-6515,20:45,23:40,02h 55m,ECONOMY,R,6998.0,1831.0,8829.0,33,Available
20260911_174158,2026-09-11T17:43:24,EaseMyTrip,DEL-BLR,DEL,BLR,T+1,2026-09-12,IndiGo,6E-861,19:30,22:25,02h 55m,ECONOMY,R,6998.0,1831.0,8829.0,1,Available
20260911_174158,2026-09-11T17:43:24,EaseMyTrip,DEL-BLR,DEL,BLR,T+1,2026-09-12,Akasa Air,QP-1824,20:10,23:10,03h 00m,ECONOMY,U2,7774.0,1055.0,8829.0,9,Available
20260911_174158,2026-09-11T17:43:24,EaseMyTrip,DEL-BLR,DEL,BLR,T+1,2026-09-12,IndiGo,6E-811,18:20,21:10,02h 50m,ECONOMY,R,7433.0,1853.0,9286.0,20,Available
20260911_174158,2026-09-11T17:43:24,EaseMyTrip,DEL-BLR,DEL,BLR,T+1,2026-09-12,IndiGo,6E-873,08:20,11:10,02h 50m,ECONOMY,R,7433.0,1853.0,9286.0,2,Available
20260911_174158,2026-09-11T17:43:24,EaseMyTrip,DEL-BLR,DEL,BLR,T+1,2026-09-12,IndiGo,6E-880,15:45,18:40,02h 55m,ECONOMY,R,7433.0,1853.0,9286.0,9,Available
20260911_174158,2026-09-11T17:43:24,EaseMyTrip,DEL-BLR,DEL,BLR,T+1,2026-09-12,IndiGo,6E-837,17:00,19:55,02h 55m,ECONOMY,R,7433.0,1853.0,9286.0,14,Available
20260911_174158,2026-09-11T17:43:24,EaseMyTrip,DEL-BLR,DEL,BLR,T+1,2026-09-12,IndiGo,6E-810,07:05,10:00,02h 55m,ECONOMY,R,7433.0,1853.0,9286.0,11,Available
20260911_174158,2026-09-11T17:43:24,EaseMyTrip,DEL-BLR,DEL,BLR,T+1,2026-09-12,Air India,AI-2817,16:30,19:15,02h 45m,ECONOMY,T,7427.0,1873.0,9300.0,9,Available
20260911_174158,2026-09-11T17:43:24,EaseMyTrip,DEL-BLR,DEL,BLR,T+1,2026-09-12,Air India,AI-2653,04:30,07:20,02h 50m,ECONOMY,T,7427.0,1873.0,9300.0,9,Available
20260911_174158,2026-09-11T17:43:24,EaseMyTrip,DEL-BLR,DEL,BLR,T+1,2026-09-12,Air India,AI-427,08:30,11:20,02h 50m,ECONOMY,T,7427.0,1873.0,9300.0,9,Available
20260911_174158,2026-09-11T17:43:24,EaseMyTrip,DEL-BLR,DEL,BLR,T+1,2026-09-12,Air India,AI-2485,10:30,13:20,02h 50m,ECONOMY,T,7427.0,1873.0,9300.0,9,Available
20260911_174158,2026-09-11T17:43:24,EaseMyTrip,DEL-BLR,DEL,BLR,T+1,2026-09-12,Air India,AI-2809,19:30,22:20,02h 50m,ECONOMY,T,7427.0,1873.0,9300.0,9,Available
20260911_174158,2026-09-11T17:43:24,EaseMyTrip,DEL-BLR,DEL,BLR,T+1,2026-09-12,Air India,AI-2409,06:00,08:55,02h 55m,ECONOMY,T,7427.0,1873.0,9300.0,9,Available
20260911_174158,2026-09-11T17:43:24,EaseMyTrip,DEL-BLR,DEL,BLR,T+1,2026-09-12,Air India,AI-2803,06:30,09:25,02h 55m,ECONOMY,T,7427.0,1873.0,9300.0,9,Available
20260911_174158,2026-09-11T17:43:24,EaseMyTrip,DEL-BLR,DEL,BLR,T+1,2026-09-12,Air India,AI-2815,07:00,09:55,02h 55m,ECONOMY,T,7427.0,1873.0,9300.0,9,Available
20260911_174158,2026-09-11T17:43:24,EaseMyTrip,DEL-BLR,DEL,BLR,T+1,2026-09-12,Air India,AI-2415,09:30,12:25,02h 55m,ECONOMY,T,7427.0,1873.0,9300.0,9,Available
20260911_174158,2026-09-11T17:43:24,EaseMyTrip,DEL-BLR,DEL,BLR,T+1,2026-09-12,Air India,AI-2819,15:00,17:55,02h 55m,ECONOMY,T,7427.0,1873.0,9300.0,9,Available
20260911_174158,2026-09-11T17:43:24,EaseMyTrip,DEL-BLR,DEL,BLR,T+1,2026-09-12,Air India,AI-2664,15:50,18:45,02h 55m,ECONOMY,T,7427.0,1873.0,9300.0,9,Available
20260911_174158,2026-09-11T17:43:24,EaseMyTrip,DEL-BLR,DEL,BLR,T+1,2026-09-12,Air India,AI-2487,18:30,21:25,02h 55m,ECONOMY,T,7427.0,1873.0,9300.0,9,Available
20260911_174158,2026-09-11T17:43:24,EaseMyTrip,DEL-BLR,DEL,BLR,T+1,2026-09-12,Air India,AI-2512,19:00,21:55,02h 55m,ECONOMY,T,7427.0,1873.0,9300.0,9,Available
20260911_174158,2026-09-11T17:43:24,EaseMyTrip,DEL-BLR,DEL,BLR,T+1,2026-09-12,Air India,AI-2412,21:30,00:25,02h 55m,ECONOMY,T,7427.0,1873.0,9300.0,9,Available
20260911_174158,2026-09-11T17:43:24,EaseMyTrip,DEL-BLR,DEL,BLR,T+1,2026-09-12,Air India Express,IX-1070,18:20,21:15,02h 55m,ECONOMY,K,7695.0,1890.0,9585.0,9,Available
20260911_174158,2026-09-11T17:43:24,EaseMyTrip,DEL-BLR,DEL,BLR,T+1,2026-09-12,Akasa Air,QP-1822,16:40,19:40,03h 00m,ECONOMY,T2,8583.0,1097.0,9680.0,9,Available
20260911_174158,2026-09-11T17:43:24,EaseMyTrip,DEL-BLR,DEL,BLR,T+1,2026-09-12,IndiGo,6E-828,14:30,17:25,02h 55m,ECONOMY,R,7895.0,1876.0,9771.0,13,Available
20260911_174158,2026-09-11T17:43:24,EaseMyTrip,DEL-BLR,DEL,BLR,T+1,2026-09-12,IndiGo,6E-842,10:45,13:40,02h 55m,ECONOMY,R,7895.0,1876.0,9771.0,12,Available
20260911_174158,2026-09-11T17:43:24,EaseMyTrip,DEL-BLR,DEL,BLR,T+1,2026-09-12,IndiGo,6E-826,09:30,12:25,02h 55m,ECONOMY,R,7895.0,1876.0,9771.0,13,Available
20260911_174158,2026-09-11T17:43:24,EaseMyTrip,DEL-BLR,DEL,BLR,T+1,2026-09-12,IndiGo,6E-2314,05:45,08:40,02h 55m,ECONOMY,R,7895.0,1876.0,9771.0,3,Available
20260911_174158,2026-09-11T17:43:24,EaseMyTrip,DEL-BLR,DEL,BLR,T+1,2026-09-12,IndiGo,6E-176,13:15,16:10,02h 55m,ECONOMY,R,7895.0,1876.0,9771.0,12,Available
20260911_174158,2026-09-11T17:43:24,EaseMyTrip,DEL-BLR,DEL,BLR,T+1,2026-09-12,IndiGo,6E-850,12:20,15:20,03h 00m,ECONOMY,R,7895.0,1876.0,9771.0,12,Available
20260911_174158,2026-09-11T17:43:24,EaseMyTrip,DEL-BLR,DEL,BLR,T+1,2026-09-12,Air India,AI-2417,13:00,15:55,02h 55m,ECONOMY,U,8256.0,1914.0,10170.0,5,Available
20260911_174158,2026-09-11T17:43:35,EaseMyTrip,DEL-BLR,DEL,BLR,T+7,2026-09-18,Akasa Air,QP-1812,22:55,01:45,02h 50m,ECONOMY,U2,7774.0,1055.0,8829.0,9,Available
20260911_174158,2026-09-11T17:43:35,EaseMyTrip,DEL-BLR,DEL,BLR,T+7,2026-09-18,Akasa Air,QP-1350,21:55,00:50,02h 55m,ECONOMY,U2,7774.0,1055.0,8829.0,9,Available
20260911_174158,2026-09-11T17:43:35,EaseMyTrip,DEL-BLR,DEL,BLR,T+7,2026-09-18,IndiGo,6E-820,03:00,05:55,02h 55m,ECONOMY,R,6998.0,1831.0,8829.0,93,Available
20260911_174158,2026-09-11T17:43:35,EaseMyTrip,DEL-BLR,DEL,BLR,T+7,2026-09-18,IndiGo,6E-871,23:30,02:25,02h 55m,ECONOMY,R,6998.0,1831.0,8829.0,106,Available
20260911_174158,2026-09-11T17:43:35,EaseMyTrip,DEL-BLR,DEL,BLR,T+7,2026-09-18,IndiGo,6E-846,22:00,00:55,02h 55m,ECONOMY,R,6998.0,1831.0,8829.0,40,Available
20260911_174158,2026-09-11T17:43:35,EaseMyTrip,DEL-BLR,DEL,BLR,T+7,2026-09-18,IndiGo,6E-842,10:45,13:40,02h 55m,ECONOMY,R,6998.0,1831.0,8829.0,37,Available
20260911_174158,2026-09-11T17:43:35,EaseMyTrip,DEL-BLR,DEL,BLR,T+7,2026-09-18,IndiGo,6E-826,09:30,12:25,02h 55m,ECONOMY,R,6998.0,1831.0,8829.0,42,Available
20260911_174158,2026-09-11T17:43:35,EaseMyTrip,DEL-BLR,DEL,BLR,T+7,2026-09-18,IndiGo,6E-810,07:05,10:00,02h 55m,ECONOMY,R,6998.0,1831.0,8829.0,65,Available
20260911_174158,2026-09-11T17:43:35,EaseMyTrip,DEL-BLR,DEL,BLR,T+7,2026-09-18,IndiGo,6E-2314,05:45,08:40,02h 55m,ECONOMY,R,6998.0,1831.0,8829.0,77,Available
20260911_174158,2026-09-11T17:43:35,EaseMyTrip,DEL-BLR,DEL,BLR,T+7,2026-09-18,IndiGo,6E-850,12:20,15:20,03h 00m,ECONOMY,R,6998.0,1831.0,8829.0,34,Available
20260911_174158,2026-09-11T17:43:35,EaseMyTrip,DEL-BLR,DEL,BLR,T+7,2026-09-18,Akasa Air,QP-1308,20:55,23:50,02h 55m,ECONOMY,U1,7929.0,1063.0,8992.0,9,Available
20260911_174158,2026-09-11T17:43:35,EaseMyTrip,DEL-BLR,DEL,BLR,T+7,2026-09-18,Air India,AI-2757,00:15,03:10,02h 55m,ECONOMY,T,7284.0,1866.0,9150.0,9,Available
20260911_174158,2026-09-11T17:43:35,EaseMyTrip,DEL-BLR,DEL,BLR,T+7,2026-09-18,Air India Express,IX-5975,21:00,23:55,02h 55m,ECONOMY,W,7409.0,1876.0,9285.0,3,Available
20260911_174158,2026-09-11T17:43:35,EaseMyTrip,DEL-BLR,DEL,BLR,T+7,2026-09-18,IndiGo,6E-873,08:20,11:10,02h 50m,ECONOMY,R,7433.0,1853.0,9286.0,18,Available
20260911_174158,2026-09-11T17:43:35,EaseMyTrip,DEL-BLR,DEL,BLR,T+7,2026-09-18,IndiGo,6E-6515,20:45,23:40,02h 55m,ECONOMY,R,7433.0,1853.0,9286.0,32,Available
20260911_174158,2026-09-11T17:43:35,EaseMyTrip,DEL-BLR,DEL,BLR,T+7,2026-09-18,IndiGo,6E-880,15:45,18:40,02h 55m,ECONOMY,R,7433.0,1853.0,9286.0,36,Available
20260911_174158,2026-09-11T17:43:35,EaseMyTrip,DEL-BLR,DEL,BLR,T+7,2026-09-18,IndiGo,6E-828,14:30,17:25,02h 55m,ECONOMY,R,7433.0,1853.0,9286.0,38,Available
20260911_174158,2026-09-11T17:43:35,EaseMyTrip,DEL-BLR,DEL,BLR,T+7,2026-09-18,IndiGo,6E-837,17:00,19:55,02h 55m,ECONOMY,R,7433.0,1853.0,9286.0,15,Available
20260911_174158,2026-09-11T17:43:35,EaseMyTrip,DEL-BLR,DEL,BLR,T+7,2026-09-18,IndiGo,6E-176,13:15,16:10,02h 55m,ECONOMY,R,7433.0,1853.0,9286.0,34,Available
20260911_174158,2026-09-11T17:43:35,EaseMyTrip,DEL-BLR,DEL,BLR,T+7,2026-09-18,Air India,AI-2653,04:30,07:20,02h 50m,ECONOMY,T,7427.0,1873.0,9300.0,9,Available
20260911_174158,2026-09-11T17:43:35,EaseMyTrip,DEL-BLR,DEL,BLR,T+7,2026-09-18,Air India,AI-427,08:30,11:20,02h 50m,ECONOMY,T,7427.0,1873.0,9300.0,9,Available
20260911_174158,2026-09-11T17:43:35,EaseMyTrip,DEL-BLR,DEL,BLR,T+7,2026-09-18,Air India,AI-2409,06:00,08:55,02h 55m,ECONOMY,T,7427.0,1873.0,9300.0,9,Available
20260911_174158,2026-09-11T17:43:35,EaseMyTrip,DEL-BLR,DEL,BLR,T+7,2026-09-18,Air India,AI-2803,06:30,09:25,02h 55m,ECONOMY,T,7427.0,1873.0,9300.0,9,Available
20260911_174158,2026-09-11T17:43:35,EaseMyTrip,DEL-BLR,DEL,BLR,T+7,2026-09-18,Air India,AI-2815,07:00,09:55,02h 55m,ECONOMY,T,7427.0,1873.0,9300.0,9,Available
20260911_174158,2026-09-11T17:43:35,EaseMyTrip,DEL-BLR,DEL,BLR,T+7,2026-09-18,Air India,AI-2415,09:30,12:25,02h 55m,ECONOMY,T,7427.0,1873.0,9300.0,9,Available
20260911_174158,2026-09-11T17:43:35,EaseMyTrip,DEL-BLR,DEL,BLR,T+7,2026-09-18,Akasa Air,QP-1822,16:40,19:40,03h 00m,ECONOMY,T3,8414.0,1087.0,9501.0,9,Available
20260911_174158,2026-09-11T17:43:35,EaseMyTrip,DEL-BLR,DEL,BLR,T+7,2026-09-18,Air India,AI-2485,10:30,13:20,02h 50m,ECONOMY,U,7862.0,1894.0,9756.0,9,Available
20260911_174158,2026-09-11T17:43:35,EaseMyTrip,DEL-BLR,DEL,BLR,T+7,2026-09-18,Air India,AI-2664,15:50,18:45,02h 55m,ECONOMY,U,7862.0,1894.0,9756.0,9,Available
20260911_174158,2026-09-11T17:43:35,EaseMyTrip,DEL-BLR,DEL,BLR,T+7,2026-09-18,IndiGo,6E-861,19:30,22:25,02h 55m,ECONOMY,R,7895.0,1876.0,9771.0,3,Available
20260911_174158,2026-09-11T17:43:35,EaseMyTrip,DEL-BLR,DEL,BLR,T+7,2026-09-18,Air India,AI-2819,15:00,17:55,02h 55m,ECONOMY,U,8020.0,1902.0,9922.0,9,Available
20260911_174158,2026-09-11T17:43:35,EaseMyTrip,DEL-BLR,DEL,BLR,T+7,2026-09-18,Air India Express,IX-1070,18:20,21:15,02h 55m,ECONOMY,E,8028.0,1908.0,9936.0,5,Available
20260911_174158,2026-09-11T17:43:35,EaseMyTrip,DEL-BLR,DEL,BLR,T+7,2026-09-18,IndiGo,6E-811,18:20,21:10,02h 50m,ECONOMY,R,8385.0,1900.0,10285.0,24,Available
20260911_174158,2026-09-11T17:43:35,EaseMyTrip,DEL-BLR,DEL,BLR,T+7,2026-09-18,Air India,AI-2412,21:30,00:25,02h 55m,ECONOMY,L,8574.0,1930.0,10504.0,9,Available
20260911_174158,2026-09-11T17:43:35,EaseMyTrip,DEL-BLR,DEL,BLR,T+7,2026-09-18,Akasa Air,QP-1824,20:10,23:10,03h 00m,ECONOMY,R2,9476.0,1141.0,10617.0,9,Available
20260911_174158,2026-09-11T17:43:35,EaseMyTrip,DEL-BLR,DEL,BLR,T+7,2026-09-18,Air India,AI-2809,19:30,22:20,02h 50m,ECONOMY,G,8990.0,1951.0,10941.0,9,Available
20260911_174158,2026-09-11T17:43:35,EaseMyTrip,DEL-BLR,DEL,BLR,T+7,2026-09-18,Air India,AI-2417,13:00,15:55,02h 55m,ECONOMY,G,8990.0,1951.0,10941.0,1,Available
20260911_174158,2026-09-11T17:43:35,EaseMyTrip,DEL-BLR,DEL,BLR,T+7,2026-09-18,Air India,AI-2817,16:30,19:15,02h 45m,ECONOMY,W,9334.0,1968.0,11302.0,4,Available
20260911_174158,2026-09-11T17:43:48,EaseMyTrip,DEL-BLR,DEL,BLR,T+15,2026-09-26,Akasa Air,QP-1812,22:55,01:45,02h 50m,ECONOMY,U2,7774.0,1055.0,8829.0,9,Available
20260911_174158,2026-09-11T17:43:48,EaseMyTrip,DEL-BLR,DEL,BLR,T+15,2026-09-26,IndiGo,6E-811,18:20,21:10,02h 50m,ECONOMY,R,6998.0,1831.0,8829.0,33,Available
20260911_174158,2026-09-11T17:43:48,EaseMyTrip,DEL-BLR,DEL,BLR,T+15,2026-09-26,Akasa Air,QP-1308,20:55,23:50,02h 55m,ECONOMY,U2,7774.0,1055.0,8829.0,9,Available
20260911_174158,2026-09-11T17:43:48,EaseMyTrip,DEL-BLR,DEL,BLR,T+15,2026-09-26,Akasa Air,QP-1350,21:55,00:50,02h 55m,ECONOMY,U2,7774.0,1055.0,8829.0,9,Available
20260911_174158,2026-09-11T17:43:48,EaseMyTrip,DEL-BLR,DEL,BLR,T+15,2026-09-26,IndiGo,6E-820,03:00,05:55,02h 55m,ECONOMY,R,6998.0,1831.0,8829.0,55,Available
20260911_174158,2026-09-11T17:43:48,EaseMyTrip,DEL-BLR,DEL,BLR,T+15,2026-09-26,IndiGo,6E-846,22:00,00:55,02h 55m,ECONOMY,R,6998.0,1831.0,8829.0,36,Available
20260911_174158,2026-09-11T17:43:48,EaseMyTrip,DEL-BLR,DEL,BLR,T+15,2026-09-26,IndiGo,6E-6515,20:45,23:40,02h 55m,ECONOMY,R,6998.0,1831.0,8829.0,40,Available
20260911_174158,2026-09-11T17:43:48,EaseMyTrip,DEL-BLR,DEL,BLR,T+15,2026-09-26,IndiGo,6E-837,17:00,19:55,02h 55m,ECONOMY,R,6998.0,1831.0,8829.0,11,Available
20260911_174158,2026-09-11T17:43:48,EaseMyTrip,DEL-BLR,DEL,BLR,T+15,2026-09-26,IndiGo,6E-810,07:05,10:00,02h 55m,ECONOMY,R,6998.0,1831.0,8829.0,41,Available
20260911_174158,2026-09-11T17:43:48,EaseMyTrip,DEL-BLR,DEL,BLR,T+15,2026-09-26,IndiGo,6E-2314,05:45,08:40,02h 55m,ECONOMY,R,6998.0,1831.0,8829.0,62,Available
20260911_174158,2026-09-11T17:43:48,EaseMyTrip,DEL-BLR,DEL,BLR,T+15,2026-09-26,Akasa Air,QP-1824,20:10,23:10,03h 00m,ECONOMY,U2,7774.0,1055.0,8829.0,9,Available
20260911_174158,2026-09-11T17:43:48,EaseMyTrip,DEL-BLR,DEL,BLR,T+15,2026-09-26,Air India Express,IX-1070,18:20,21:15,02h 55m,ECONOMY,H,7164.0,1864.0,9028.0,2,Available
20260911_174158,2026-09-11T17:43:48,EaseMyTrip,DEL-BLR,DEL,BLR,T+15,2026-09-26,IndiGo,6E-873,08:20,11:10,02h 50m,ECONOMY,R,7433.0,1853.0,9286.0,34,Available
20260911_174158,2026-09-11T17:43:48,EaseMyTrip,DEL-BLR,DEL,BLR,T+15,2026-09-26,IndiGo,6E-861,19:30,22:25,02h 55m,ECONOMY,R,7433.0,1853.0,9286.0,37,Available
20260911_174158,2026-09-11T17:43:48,EaseMyTrip,DEL-BLR,DEL,BLR,T+15,2026-09-26,IndiGo,6E-880,15:45,18:40,02h 55m,ECONOMY,R,7433.0,1853.0,9286.0,23,Available
20260911_174158,2026-09-11T17:43:48,EaseMyTrip,DEL-BLR,DEL,BLR,T+15,2026-09-26,IndiGo,6E-826,09:30,12:25,02h 55m,ECONOMY,R,7433.0,1853.0,9286.0,35,Available
20260911_174158,2026-09-11T17:43:48,EaseMyTrip,DEL-BLR,DEL,BLR,T+15,2026-09-26,Air India,AI-2409,06:00,08:55,02h 55m,ECONOMY,T,7427.0,1873.0,9300.0,9,Available
20260911_174158,2026-09-11T17:43:48,EaseMyTrip,DEL-BLR,DEL,BLR,T+15,2026-09-26,Air India,AI-2803,06:30,09:25,02h 55m,ECONOMY,T,7427.0,1873.0,9300.0,9,Available
20260911_174158,2026-09-11T17:43:48,EaseMyTrip,DEL-BLR,DEL,BLR,T+15,2026-09-26,Air India,AI-2757,00:15,03:10,02h 55m,ECONOMY,U,7719.0,1887.0,9606.0,9,Available
20260911_174158,2026-09-11T17:43:48,EaseMyTrip,DEL-BLR,DEL,BLR,T+15,2026-09-26,Air India,AI-2653,04:30,07:20,02h 50m,ECONOMY,U,7862.0,1894.0,9756.0,9,Available
20260911_174158,2026-09-11T17:43:48,EaseMyTrip,DEL-BLR,DEL,BLR,T+15,2026-09-26,Air India,AI-2815,07:00,09:55,02h 55m,ECONOMY,U,7862.0,1894.0,9756.0,9,Available
20260911_174158,2026-09-11T17:43:48,EaseMyTrip,DEL-BLR,DEL,BLR,T+15,2026-09-26,Air India,AI-2487,18:30,21:25,02h 55m,ECONOMY,U,7862.0,1894.0,9756.0,9,Available
20260911_174158,2026-09-11T17:43:48,EaseMyTrip,DEL-BLR,DEL,BLR,T+15,2026-09-26,Air India,AI-2512,19:00,21:55,02h 55m,ECONOMY,U,7862.0,1894.0,9756.0,9,Available
20260911_174158,2026-09-11T17:43:48,EaseMyTrip,DEL-BLR,DEL,BLR,T+15,2026-09-26,Air India,AI-2412,21:30,00:25,02h 55m,ECONOMY,U,7862.0,1894.0,9756.0,1,Available
20260911_174158,2026-09-11T17:43:48,EaseMyTrip,DEL-BLR,DEL,BLR,T+15,2026-09-26,IndiGo,6E-828,14:30,17:25,02h 55m,ECONOMY,R,7895.0,1876.0,9771.0,37,Available
20260911_174158,2026-09-11T17:43:48,EaseMyTrip,DEL-BLR,DEL,BLR,T+15,2026-09-26,IndiGo,6E-842,10:45,13:40,02h 55m,ECONOMY,R,7895.0,1876.0,9771.0,38,Available
20260911_174158,2026-09-11T17:43:48,EaseMyTrip,DEL-BLR,DEL,BLR,T+15,2026-09-26,IndiGo,6E-176,13:15,16:10,02h 55m,ECONOMY,R,7895.0,1876.0,9771.0,30,Available
20260911_174158,2026-09-11T17:43:48,EaseMyTrip,DEL-BLR,DEL,BLR,T+15,2026-09-26,IndiGo,6E-850,12:20,15:20,03h 00m,ECONOMY,R,7895.0,1876.0,9771.0,28,Available
20260911_174158,2026-09-11T17:43:48,EaseMyTrip,DEL-BLR,DEL,BLR,T+15,2026-09-26,Akasa Air,QP-1822,16:40,19:40,03h 00m,ECONOMY,R4,9108.0,1123.0,10231.0,9,Available
20260911_174158,2026-09-11T17:43:48,EaseMyTrip,DEL-BLR,DEL,BLR,T+15,2026-09-26,Air India,AI-2817,16:30,19:15,02h 45m,ECONOMY,L,8324.0,1918.0,10242.0,9,Available
20260911_174158,2026-09-11T17:43:48,EaseMyTrip,DEL-BLR,DEL,BLR,T+15,2026-09-26,Air India,AI-2809,19:30,22:20,02h 50m,ECONOMY,L,8324.0,1918.0,10242.0,9,Available
20260911_174158,2026-09-11T17:43:48,EaseMyTrip,DEL-BLR,DEL,BLR,T+15,2026-09-26,Air India,AI-2415,09:30,12:25,02h 55m,ECONOMY,L,8324.0,1918.0,10242.0,9,Available
20260911_174158,2026-09-11T17:43:48,EaseMyTrip,DEL-BLR,DEL,BLR,T+15,2026-09-26,Air India,AI-2664,15:50,18:45,02h 55m,ECONOMY,L,8324.0,1918.0,10242.0,9,Available
20260911_174158,2026-09-11T17:43:48,EaseMyTrip,DEL-BLR,DEL,BLR,T+15,2026-09-26,Air India,AI-427,08:30,11:20,02h 50m,ECONOMY,L,8491.0,1926.0,10417.0,9,Available
20260911_174158,2026-09-11T17:43:48,EaseMyTrip,DEL-BLR,DEL,BLR,T+15,2026-09-26,Air India,AI-2819,15:00,17:55,02h 55m,ECONOMY,L,8491.0,1926.0,10417.0,9,Available
20260911_174158,2026-09-11T17:43:48,EaseMyTrip,DEL-BLR,DEL,BLR,T+15,2026-09-26,Air India,AI-2485,10:30,13:20,02h 50m,ECONOMY,L,8657.0,1934.0,10591.0,9,Available
20260911_174158,2026-09-11T17:44:00,EaseMyTrip,BOM-BLR,BOM,BLR,T+1,2026-09-12,Akasa Air,QP-1518,21:45,23:45,02h 00m,ECONOMY,R0,6169.0,1030.0,7199.0,5,Available
20260911_174158,2026-09-11T17:44:00,EaseMyTrip,BOM-BLR,BOM,BLR,T+1,2026-09-12,IndiGo,6E-5388,22:20,00:20,02h 00m,ECONOMY,R,6663.0,1449.0,8112.0,2,Available
20260911_174158,2026-09-11T17:44:00,EaseMyTrip,BOM-BLR,BOM,BLR,T+1,2026-09-12,Air India,AI-2401,20:45,22:45,02h 00m,ECONOMY,Q,7341.0,1556.0,8897.0,1,Available
20260911_174158,2026-09-11T17:44:00,EaseMyTrip,BOM-BLR,BOM,BLR,T+1,2026-09-12,Air India,AI-2865,19:45,21:50,02h 05m,ECONOMY,Q,7341.0,1556.0,8897.0,9,Available
20260911_174158,2026-09-11T17:44:00,EaseMyTrip,BOM-BLR,BOM,BLR,T+1,2026-09-12,IndiGo,6E-6188,21:30,23:25,01h 55m,ECONOMY,R,7563.0,1494.0,9057.0,4,Available
20260911_174158,2026-09-11T17:44:00,EaseMyTrip,BOM-BLR,BOM,BLR,T+1,2026-09-12,Akasa Air,QP-1382,18:25,20:20,01h 55m,ECONOMY,P4,8070.0,1126.0,9196.0,4,Available
20260911_174158,2026-09-11T17:44:00,EaseMyTrip,BOM-BLR,BOM,BLR,T+1,2026-09-12,Air India,AI-2641,18:30,20:35,02h 05m,ECONOMY,Q,7635.0,1571.0,9206.0,9,Available
20260911_174158,2026-09-11T17:44:00,EaseMyTrip,BOM-BLR,BOM,BLR,T+1,2026-09-12,IndiGo,6E-5047,18:30,20:25,01h 55m,ECONOMY,R,8063.0,1519.0,9582.0,8,Available
20260911_174158,2026-09-11T17:44:00,EaseMyTrip,BOM-BLR,BOM,BLR,T+1,2026-09-12,IndiGo,6E-5221,17:00,18:55,01h 55m,ECONOMY,R,8063.0,1519.0,9582.0,1,Available
20260911_174158,2026-09-11T17:44:00,EaseMyTrip,BOM-BLR,BOM,BLR,T+1,2026-09-12,Air India,AI-2853,15:25,17:35,02h 10m,ECONOMY,K,9282.0,1653.0,10935.0,1,Available
20260911_174158,2026-09-11T17:44:00,EaseMyTrip,BOM-BLR,BOM,BLR,T+1,2026-09-12,Air India,AI-2849,17:30,19:35,02h 05m,ECONOMY,K,9464.0,1662.0,11126.0,9,Available
20260911_174158,2026-09-11T17:44:00,EaseMyTrip,BOM-BLR,BOM,BLR,T+1,2026-09-12,IndiGo,6E-5382,14:30,16:25,01h 55m,ECONOMY,R,9763.0,1604.0,11367.0,8,Available
20260911_174158,2026-09-11T17:44:00,EaseMyTrip,BOM-BLR,BOM,BLR,T+1,2026-09-12,Akasa Air,QP-1133,19:40,21:45,02h 05m,ECONOMY,O3,10559.0,1250.0,11809.0,8,Available
20260911_174158,2026-09-11T17:44:00,EaseMyTrip,BOM-BLR,BOM,BLR,T+1,2026-09-12,IndiGo,6E-5071,15:35,17:25,01h 50m,ECONOMY,R,10463.0,1639.0,12102.0,3,Available
20260911_174158,2026-09-11T17:44:00,EaseMyTrip,BOM-BLR,BOM,BLR,T+1,2026-09-12,Air India,AI-2857,23:30,01:35,02h 05m,ECONOMY,H,10900.0,1734.0,12634.0,1,Available
20260911_174158,2026-09-11T17:44:00,EaseMyTrip,BOM-BLR,BOM,BLR,T+1,2026-09-12,IndiGo,6E-5217,11:00,12:55,01h 55m,ECONOMY,R,11163.0,1674.0,12837.0,2,Available
20260911_174158,2026-09-11T17:44:00,EaseMyTrip,BOM-BLR,BOM,BLR,T+1,2026-09-12,IndiGo,6E-5294,04:30,06:25,01h 55m,ECONOMY,R,12442.0,1738.0,14180.0,7,Available
20260911_174158,2026-09-11T17:44:00,EaseMyTrip,BOM-BLR,BOM,BLR,T+1,2026-09-12,IndiGo,6E-5193,08:05,09:55,01h 50m,ECONOMY,R,12763.0,1754.0,14517.0,4,Available
20260911_174158,2026-09-11T17:44:00,EaseMyTrip,BOM-BLR,BOM,BLR,T+1,2026-09-12,IndiGo,6E-5184,12:30,14:25,01h 55m,ECONOMY,R,12763.0,1754.0,14517.0,12,Available
20260911_174158,2026-09-11T17:44:00,EaseMyTrip,BOM-BLR,BOM,BLR,T+1,2026-09-12,Akasa Air,QP-1527,07:35,09:35,02h 00m,ECONOMY,N2,13814.0,1412.0,15226.0,9,Available
20260911_174158,2026-09-11T17:44:00,EaseMyTrip,BOM-BLR,BOM,BLR,T+1,2026-09-12,IndiGo,6E-5323,01:10,03:05,01h 55m,ECONOMY,R,13646.0,1798.0,15444.0,1,Available
20260911_174158,2026-09-11T17:44:00,EaseMyTrip,BOM-BLR,BOM,BLR,T+1,2026-09-12,IndiGo,6E-5092,09:50,11:55,02h 05m,ECONOMY,R,13763.0,1804.0,15567.0,6,Available
20260911_174158,2026-09-11T17:44:00,EaseMyTrip,BOM-BLR,BOM,BLR,T+1,2026-09-12,Akasa Air,QP-1516,00:35,02:25,01h 50m,ECONOMY,N0,15108.0,1478.0,16586.0,9,Available
20260911_174158,2026-09-11T17:44:00,EaseMyTrip,BOM-BLR,BOM,BLR,T+1,2026-09-12,IndiGo,6E-5296,06:30,08:25,01h 55m,ECONOMY,R,14963.0,1864.0,16827.0,8,Available
20260911_174158,2026-09-11T17:44:00,EaseMyTrip,BOM-BLR,BOM,BLR,T+1,2026-09-12,Air India,AI-2812,02:05,04:10,02h 05m,ECONOMY,B,15045.0,1941.0,16986.0,1,Available
20260911_174158,2026-09-11T17:44:00,EaseMyTrip,BOM-BLR,BOM,BLR,T+1,2026-09-12,Air India,AI-2410,05:30,07:35,02h 05m,ECONOMY,B,15045.0,1941.0,16986.0,1,Available
20260911_174158,2026-09-11T17:44:00,EaseMyTrip,BOM-BLR,BOM,BLR,T+1,2026-09-12,Air India,AI-2632,12:00,14:05,02h 05m,ECONOMY,B,15346.0,1956.0,17302.0,2,Available
20260911_174158,2026-09-11T17:44:00,EaseMyTrip,BOM-BLR,BOM,BLR,T+1,2026-09-12,Air India,AI-2863,10:00,12:05,02h 05m,ECONOMY,B,15647.0,1971.0,17618.0,1,Available
20260911_174158,2026-09-11T17:44:13,EaseMyTrip,BOM-BLR,BOM,BLR,T+7,2026-09-18,Air India,AI-3305,23:40,01:40,02h 00m,ECONOMY,U,5064.0,1442.0,6506.0,9,Available
20260911_174158,2026-09-11T17:44:13,EaseMyTrip,BOM-BLR,BOM,BLR,T+7,2026-09-18,Akasa Air,QP-1384,23:10,01:05,01h 55m,ECONOMY,R1,5898.0,1016.0,6914.0,8,Available
20260911_174158,2026-09-11T17:44:13,EaseMyTrip,BOM-BLR,BOM,BLR,T+7,2026-09-18,Akasa Air,QP-1518,21:45,23:45,02h 00m,ECONOMY,R1,5898.0,1016.0,6914.0,8,Available
20260911_174158,2026-09-11T17:44:13,EaseMyTrip,BOM-BLR,BOM,BLR,T+7,2026-09-18,Air India,AI-2857,23:30,01:35,02h 05m,ECONOMY,L,5582.0,1468.0,7050.0,9,Available
20260911_174158,2026-09-11T17:44:13,EaseMyTrip,BOM-BLR,BOM,BLR,T+7,2026-09-18,IndiGo,6E-5071,15:35,17:25,01h 50m,ECONOMY,R,5663.0,1399.0,7062.0,4,Available
20260911_174158,2026-09-11T17:44:13,EaseMyTrip,BOM-BLR,BOM,BLR,T+7,2026-09-18,IndiGo,6E-6188,21:30,23:25,01h 55m,ECONOMY,R,5663.0,1399.0,7062.0,3,Available
20260911_174158,2026-09-11T17:44:13,EaseMyTrip,BOM-BLR,BOM,BLR,T+7,2026-09-18,IndiGo,6E-5184,12:30,14:25,01h 55m,ECONOMY,R,5663.0,1399.0,7062.0,8,Available
20260911_174158,2026-09-11T17:44:13,EaseMyTrip,BOM-BLR,BOM,BLR,T+7,2026-09-18,IndiGo,6E-5217,11:00,12:55,01h 55m,ECONOMY,R,5663.0,1399.0,7062.0,5,Available
20260911_174158,2026-09-11T17:44:13,EaseMyTrip,BOM-BLR,BOM,BLR,T+7,2026-09-18,IndiGo,6E-5296,06:30,08:25,01h 55m,ECONOMY,R,5663.0,1399.0,7062.0,94,Available
20260911_174158,2026-09-11T17:44:13,EaseMyTrip,BOM-BLR,BOM,BLR,T+7,2026-09-18,IndiGo,6E-5388,22:20,00:20,02h 00m,ECONOMY,R,5663.0,1399.0,7062.0,61,Available
20260911_174158,2026-09-11T17:44:13,EaseMyTrip,BOM-BLR,BOM,BLR,T+7,2026-09-18,IndiGo,6E-5092,09:50,11:55,02h 05m,ECONOMY,R,5663.0,1399.0,7062.0,4,Available
20260911_174158,2026-09-11T17:44:13,EaseMyTrip,BOM-BLR,BOM,BLR,T+7,2026-09-18,IndiGo,6E-5193,08:05,09:55,01h 50m,ECONOMY,R,5963.0,1414.0,7377.0,73,Available
20260911_174158,2026-09-11T17:44:13,EaseMyTrip,BOM-BLR,BOM,BLR,T+7,2026-09-18,IndiGo,6E-5382,14:30,16:25,01h 55m,ECONOMY,R,5963.0,1414.0,7377.0,88,Available
20260911_174158,2026-09-11T17:44:13,EaseMyTrip,BOM-BLR,BOM,BLR,T+7,2026-09-18,IndiGo,6E-5221,17:00,18:55,01h 55m,ECONOMY,R,5963.0,1414.0,7377.0,3,Available
20260911_174158,2026-09-11T17:44:13,EaseMyTrip,BOM-BLR,BOM,BLR,T+7,2026-09-18,Air India,AI-2603,06:35,08:35,02h 00m,ECONOMY,L,5941.0,1486.0,7427.0,9,Available
20260911_174158,2026-09-11T17:44:13,EaseMyTrip,BOM-BLR,BOM,BLR,T+7,2026-09-18,Air India,AI-2853,15:25,17:35,02h 10m,ECONOMY,L,5941.0,1486.0,7427.0,9,Available
20260911_174158,2026-09-11T17:44:13,EaseMyTrip,BOM-BLR,BOM,BLR,T+7,2026-09-18,Air India,AI-2863,10:00,12:05,02h 05m,ECONOMY,L,6179.0,1498.0,7677.0,9,Available
20260911_174158,2026-09-11T17:44:13,EaseMyTrip,BOM-BLR,BOM,BLR,T+7,2026-09-18,Air India,AI-2632,12:00,14:05,02h 05m,ECONOMY,G,6241.0,1501.0,7742.0,3,Available
20260911_174158,2026-09-11T17:44:13,EaseMyTrip,BOM-BLR,BOM,BLR,T+7,2026-09-18,Air India,AI-2851,07:55,10:05,02h 10m,ECONOMY,L,6298.0,1504.0,7802.0,9,Available
20260911_174158,2026-09-11T17:44:13,EaseMyTrip,BOM-BLR,BOM,BLR,T+7,2026-09-18,Akasa Air,QP-1527,07:35,09:35,02h 00m,ECONOMY,Q3,6747.0,1060.0,7807.0,8,Available
20260911_174158,2026-09-11T17:44:13,EaseMyTrip,BOM-BLR,BOM,BLR,T+7,2026-09-18,Air India,AI-2849,17:30,19:35,02h 05m,ECONOMY,G,6491.0,1513.0,8004.0,9,Available
20260911_174158,2026-09-11T17:44:13,EaseMyTrip,BOM-BLR,BOM,BLR,T+7,2026-09-18,Air India,AI-2401,20:45,22:45,02h 00m,ECONOMY,Q,7708.0,1574.0,9282.0,6,Available
20260911_174158,2026-09-11T17:44:13,EaseMyTrip,BOM-BLR,BOM,BLR,T+7,2026-09-18,Air India,AI-2865,19:45,21:50,02h 05m,ECONOMY,Q,7708.0,1574.0,9282.0,9,Available
20260911_174158,2026-09-11T17:44:35,EaseMyTrip,BOM-BLR,BOM,BLR,T+15,2026-09-26,Akasa Air,QP-1518,21:45,23:45,02h 00m,ECONOMY,R1,5898.0,1016.0,6914.0,8,Available
20260911_174158,2026-09-11T17:44:35,EaseMyTrip,BOM-BLR,BOM,BLR,T+15,2026-09-26,IndiGo,6E-6188,21:30,23:25,01h 55m,ECONOMY,R,5663.0,1399.0,7062.0,2,Available
20260911_174158,2026-09-11T17:44:35,EaseMyTrip,BOM-BLR,BOM,BLR,T+15,2026-09-26,IndiGo,6E-5047,18:30,20:25,01h 55m,ECONOMY,R,5663.0,1399.0,7062.0,14,Available
20260911_174158,2026-09-11T17:44:35,EaseMyTrip,BOM-BLR,BOM,BLR,T+15,2026-09-26,IndiGo,6E-5184,12:30,14:25,01h 55m,ECONOMY,R,5663.0,1399.0,7062.0,6,Available
20260911_174158,2026-09-11T17:44:35,EaseMyTrip,BOM-BLR,BOM,BLR,T+15,2026-09-26,IndiGo,6E-5221,17:00,18:55,01h 55m,ECONOMY,R,5663.0,1399.0,7062.0,9,Available
20260911_174158,2026-09-11T17:44:35,EaseMyTrip,BOM-BLR,BOM,BLR,T+15,2026-09-26,IndiGo,6E-5296,06:30,08:25,01h 55m,ECONOMY,R,5663.0,1399.0,7062.0,94,Available
20260911_174158,2026-09-11T17:44:35,EaseMyTrip,BOM-BLR,BOM,BLR,T+15,2026-09-26,IndiGo,6E-5388,22:20,00:20,02h 00m,ECONOMY,R,5663.0,1399.0,7062.0,106,Available
20260911_174158,2026-09-11T17:44:35,EaseMyTrip,BOM-BLR,BOM,BLR,T+15,2026-09-26,IndiGo,6E-5092,09:50,11:55,02h 05m,ECONOMY,R,5663.0,1399.0,7062.0,8,Available
20260911_174158,2026-09-11T17:44:35,EaseMyTrip,BOM-BLR,BOM,BLR,T+15,2026-09-26,Akasa Air,QP-1382,18:25,20:20,01h 55m,ECONOMY,R0,6169.0,1030.0,7199.0,8,Available
20260911_174158,2026-09-11T17:44:35,EaseMyTrip,BOM-BLR,BOM,BLR,T+15,2026-09-26,Akasa Air,QP-1527,07:35,09:35,02h 00m,ECONOMY,R0,6169.0,1030.0,7199.0,8,Available
20260911_174158,2026-09-11T17:44:35,EaseMyTrip,BOM-BLR,BOM,BLR,T+15,2026-09-26,IndiGo,6E-5071,15:35,17:25,01h 50m,ECONOMY,R,5963.0,1414.0,7377.0,42,Available
20260911_174158,2026-09-11T17:44:35,EaseMyTrip,BOM-BLR,BOM,BLR,T+15,2026-09-26,IndiGo,6E-5193,08:05,09:55,01h 50m,ECONOMY,R,5963.0,1414.0,7377.0,11,Available
20260911_174158,2026-09-11T17:44:35,EaseMyTrip,BOM-BLR,BOM,BLR,T+15,2026-09-26,IndiGo,6E-5382,14:30,16:25,01h 55m,ECONOMY,R,5963.0,1414.0,7377.0,20,Available
20260911_174158,2026-09-11T17:44:35,EaseMyTrip,BOM-BLR,BOM,BLR,T+15,2026-09-26,Air India,AI-2603,06:35,08:35,02h 00m,ECONOMY,L,5941.0,1486.0,7427.0,9,Available
20260911_174158,2026-09-11T17:44:35,EaseMyTrip,BOM-BLR,BOM,BLR,T+15,2026-09-26,Air India,AI-2401,20:45,22:45,02h 00m,ECONOMY,L,5941.0,1486.0,7427.0,9,Available
20260911_174158,2026-09-11T17:44:35,EaseMyTrip,BOM-BLR,BOM,BLR,T+15,2026-09-26,Air India,AI-2865,19:45,21:50,02h 05m,ECONOMY,L,5941.0,1486.0,7427.0,9,Available
20260911_174158,2026-09-11T17:44:35,EaseMyTrip,BOM-BLR,BOM,BLR,T+15,2026-09-26,Air India,AI-2853,15:25,17:35,02h 10m,ECONOMY,L,6060.0,1492.0,7552.0,9,Available
20260911_174158,2026-09-11T17:44:35,EaseMyTrip,BOM-BLR,BOM,BLR,T+15,2026-09-26,Air India,AI-2849,17:30,19:35,02h 05m,ECONOMY,L,6179.0,1498.0,7677.0,9,Available
20260911_174158,2026-09-11T17:44:35,EaseMyTrip,BOM-BLR,BOM,BLR,T+15,2026-09-26,Air India,AI-2641,18:30,20:35,02h 05m,ECONOMY,L,6179.0,1498.0,7677.0,9,Available
20260911_174158,2026-09-11T17:44:35,EaseMyTrip,BOM-BLR,BOM,BLR,T+15,2026-09-26,IndiGo,6E-5217,11:00,12:55,01h 55m,ECONOMY,R,6263.0,1429.0,7692.0,73,Available
20260911_174158,2026-09-11T17:44:35,EaseMyTrip,BOM-BLR,BOM,BLR,T+15,2026-09-26,Air India,AI-2851,07:55,10:05,02h 10m,ECONOMY,L,6298.0,1504.0,7802.0,9,Available
20260911_174158,2026-09-11T17:44:35,EaseMyTrip,BOM-BLR,BOM,BLR,T+15,2026-09-26,Air India,AI-2863,10:00,12:05,02h 05m,ECONOMY,G,6491.0,1513.0,8004.0,7,Available
20260911_174158,2026-09-11T17:44:35,EaseMyTrip,BOM-BLR,BOM,BLR,T+15,2026-09-26,Akasa Air,QP-1133,19:40,21:45,02h 05m,ECONOMY,Q2,7056.0,1074.0,8130.0,3,Available
20260911_174158,2026-09-11T17:44:35,EaseMyTrip,BOM-BLR,BOM,BLR,T+15,2026-09-26,Air India,AI-2632,12:00,14:05,02h 05m,ECONOMY,W,6672.0,1522.0,8194.0,6,Available
20260911_181341,2026-09-11T18:14:06,EaseMyTrip,DEL-BOM,DEL,BOM,T+1,2026-09-12,IndiGo,6E-322,23:30,01:45,02h 15m,ECONOMY,R,5065.0,1465.0,6530.0,30,Available
20260911_181341,2026-09-11T18:14:06,EaseMyTrip,DEL-BOM,DEL,BOM,T+1,2026-09-12,IndiGo,6E-329,18:00,20:15,02h 15m,ECONOMY,R,5065.0,1465.0,6530.0,33,Available
20260911_181341,2026-09-11T18:14:06,EaseMyTrip,DEL-BOM,DEL,BOM,T+1,2026-09-12,IndiGo,6E-6706,17:00,19:15,02h 15m,ECONOMY,R,5065.0,1465.0,6530.0,18,Available
20260911_181341,2026-09-11T18:14:06,EaseMyTrip,DEL-BOM,DEL,BOM,T+1,2026-09-12,IndiGo,6E-864,15:30,17:45,02h 15m,ECONOMY,R,5065.0,1465.0,6530.0,10,Available
20260911_181341,2026-09-11T18:14:06,EaseMyTrip,DEL-BOM,DEL,BOM,T+1,2026-09-12,IndiGo,6E-6318,14:45,17:00,02h 15m,ECONOMY,R,5065.0,1465.0,6530.0,28,Available
20260911_181341,2026-09-11T18:14:06,EaseMyTrip,DEL-BOM,DEL,BOM,T+1,2026-09-12,IndiGo,6E-6218,06:05,08:20,02h 15m,ECONOMY,R,5065.0,1465.0,6530.0,4,Available
20260911_181341,2026-09-11T18:14:06,EaseMyTrip,DEL-BOM,DEL,BOM,T+1,2026-09-12,IndiGo,6E-6814,07:15,09:30,02h 15m,ECONOMY,R,5065.0,1465.0,6530.0,22,Available
20260911_181341,2026-09-11T18:14:06,EaseMyTrip,DEL-BOM,DEL,BOM,T+1,2026-09-12,Akasa Air,QP-1128,16:00,18:20,02h 20m,ECONOMY,U1,5640.0,890.0,6530.0,9,Available
20260911_181341,2026-09-11T18:14:06,EaseMyTrip,DEL-BOM,DEL,BOM,T+1,2026-09-12,IndiGo,6E-6114,22:45,01:05,02h 20m,ECONOMY,R,5065.0,1465.0,6530.0,91,Available
20260911_181341,2026-09-11T18:14:06,EaseMyTrip,DEL-BOM,DEL,BOM,T+1,2026-09-12,IndiGo,6E-327,16:15,18:35,02h 20m,ECONOMY,R,5065.0,1465.0,6530.0,42,Available
20260911_181341,2026-09-11T18:14:06,EaseMyTrip,DEL-BOM,DEL,BOM,T+1,2026-09-12,IndiGo,6E-395,21:45,00:05,02h 20m,ECONOMY,R,5065.0,1465.0,6530.0,35,Available
20260911_181341,2026-09-11T18:14:06,EaseMyTrip,DEL-BOM,DEL,BOM,T+1,2026-09-12,Akasa Air,QP-1826,19:55,22:20,02h 25m,ECONOMY,U1,5640.0,890.0,6530.0,9,Available
20260911_181341,2026-09-11T18:14:06,EaseMyTrip,DEL-BOM,DEL,BOM,T+1,2026-09-12,IndiGo,6E-354,19:00,21:25,02h 25m,ECONOMY,R,5065.0,1465.0,6530.0,1,Available
20260911_181341,2026-09-11T18:14:06,EaseMyTrip,DEL-BOM,DEL,BOM,T+1,2026-09-12,IndiGo,6E-6022,14:00,16:25,02h 25m,ECONOMY,R,5065.0,1465.0,6530.0,11,Available
20260911_181341,2026-09-11T18:14:06,EaseMyTrip,DEL-BOM,DEL,BOM,T+1,2026-09-12,Air India Express,IX-1235,23:25,01:50,02h 25m,ECONOMY,H,5191.0,1497.0,6688.0,9,Available
20260911_181341,2026-09-11T18:14:06,EaseMyTrip,DEL-BOM,DEL,BOM,T+1,2026-09-12,Akasa Air,QP-1112,09:20,11:40,02h 20m,ECONOMY,U0,5715.0,894.0,6609.0,9,Available
20260911_181341,2026-09-11T18:14:06,EaseMyTrip,DEL-BOM,DEL,BOM,T+1,2026-09-12,IndiGo,6E-303,20:00,22:10,02h 10m,ECONOMY,R,5215.0,1473.0,6688.0,3,Available
20260911_181341,2026-09-11T18:14:06,EaseMyTrip,DEL-BOM,DEL,BOM,T+1,2026-09-12,IndiGo,6E-320,08:00,10:20,02h 20m,ECONOMY,R,5215.0,1473.0,6688.0,24,Available
20260911_181341,2026-09-11T18:14:06,EaseMyTrip,DEL-BOM,DEL,BOM,T+1,2026-09-12,Akasa Air,QP-1820,17:30,19:45,02h 15m,ECONOMY,T4,5829.0,900.0,6729.0,9,Available
20260911_181341,2026-09-11T18:14:06,EaseMyTrip,DEL-BOM,DEL,BOM,T+1,2026-09-12,Air India,AI-2439,23:00,01:25,02h 25m,ECONOMY,S,5236.0,1494.0,6730.0,9,Available
20260911_181341,2026-09-11T18:14:06,EaseMyTrip,DEL-BOM,DEL,BOM,T+1,2026-09-12,Akasa Air,QP-1833,06:50,09:10,02h 20m,ECONOMY,T3,5945.0,906.0,6851.0,9,Available
20260911_181341,2026-09-11T18:14:06,EaseMyTrip,DEL-BOM,DEL,BOM,T+1,2026-09-12,Akasa Air,QP-1119,08:40,11:05,02h 25m,ECONOMY,T3,5945.0,906.0,6851.0,9,Available
20260911_181341,2026-09-11T18:14:06,EaseMyTrip,DEL-BOM,DEL,BOM,T+1,2026-09-12,IndiGo,6E-324,13:00,15:10,02h 10m,ECONOMY,R,5415.0,1483.0,6898.0,13,Available
20260911_181341,2026-09-11T18:14:06,EaseMyTrip,DEL-BOM,DEL,BOM,T+1,2026-09-12,IndiGo,6E-6676,12:00,14:15,02h 15m,ECONOMY,R,5415.0,1483.0,6898.0,9,Available
20260911_181341,2026-09-11T18:14:06,EaseMyTrip,DEL-BOM,DEL,BOM,T+1,2026-09-12,IndiGo,6E-675,08:45,11:00,02h 15m,ECONOMY,R,5415.0,1483.0,6898.0,10,Available
20260911_181341,2026-09-11T18:14:06,EaseMyTrip,DEL-BOM,DEL,BOM,T+1,2026-09-12,IndiGo,6E-6328,10:15,12:35,02h 20m,ECONOMY,R,5415.0,1483.0,6898.0,1,Available
20260911_181341,2026-09-11T18:14:06,EaseMyTrip,DEL-BOM,DEL,BOM,T+1,2026-09-12,IndiGo,6E-6107,09:30,11:55,02h 25m,ECONOMY,R,5415.0,1483.0,6898.0,7,Available
20260911_181341,2026-09-11T18:14:06,EaseMyTrip,DEL-BOM,DEL,BOM,T+1,2026-09-12,Air India,AI-865,08:55,11:10,02h 15m,ECONOMY,S,5493.0,1507.0,7000.0,9,Available
20260911_181341,2026-09-11T18:14:06,EaseMyTrip,DEL-BOM,DEL,BOM,T+1,2026-09-12,Air India,AI-2975,06:30,08:50,02h 20m,ECONOMY,S,5493.0,1507.0,7000.0,9,Available
20260911_181341,2026-09-11T18:14:06,EaseMyTrip,DEL-BOM,DEL,BOM,T+1,2026-09-12,Air India,AI-2941,16:30,18:50,02h 20m,ECONOMY,S,5493.0,1507.0,7000.0,9,Available
20260911_181341,2026-09-11T18:14:06,EaseMyTrip,DEL-BOM,DEL,BOM,T+1,2026-09-12,Air India,AI-1745,05:00,07:20,02h 20m,ECONOMY,T,5493.0,1507.0,7000.0,9,Available
20260911_181341,2026-09-11T18:14:06,EaseMyTrip,DEL-BOM,DEL,BOM,T+1,2026-09-12,Air India,AI-2943,07:30,09:55,02h 25m,ECONOMY,S,5493.0,1507.0,7000.0,8,Available
20260911_181341,2026-09-11T18:14:06,EaseMyTrip,DEL-BOM,DEL,BOM,T+1,2026-09-12,Air India,AI-1777,16:00,18:25,02h 25m,ECONOMY,S,5493.0,1507.0,7000.0,9,Available
20260911_181341,2026-09-11T18:14:06,EaseMyTrip,DEL-BOM,DEL,BOM,T+1,2026-09-12,Air India,AI-441,17:00,19:25,02h 25m,ECONOMY,S,5493.0,1507.0,7000.0,9,Available
20260911_181341,2026-09-11T18:14:06,EaseMyTrip,DEL-BOM,DEL,BOM,T+1,2026-09-12,Air India,AI-2955,18:00,20:25,02h 25m,ECONOMY,S,5493.0,1507.0,7000.0,9,Available
20260911_181341,2026-09-11T18:14:06,EaseMyTrip,DEL-BOM,DEL,BOM,T+1,2026-09-12,Air India,AI-2977,19:00,21:25,02h 25m,ECONOMY,S,5493.0,1507.0,7000.0,9,Available
20260911_181341,2026-09-11T18:14:06,EaseMyTrip,DEL-BOM,DEL,BOM,T+1,2026-09-12,Air India,AI-2985,19:30,21:55,02h 25m,ECONOMY,S,5493.0,1507.0,7000.0,9,Available
20260911_181341,2026-09-11T18:14:06,EaseMyTrip,DEL-BOM,DEL,BOM,T+1,2026-09-12,Air India,AI-2433,21:30,23:55,02h 25m,ECONOMY,S,5493.0,1507.0,7000.0,9,Available
20260911_181341,2026-09-11T18:14:06,EaseMyTrip,DEL-BOM,DEL,BOM,T+1,2026-09-12,Air India,AI-2927,09:30,12:00,02h 30m,ECONOMY,S,5493.0,1507.0,7000.0,9,Available
20260911_181341,2026-09-11T18:14:06,EaseMyTrip,DEL-BOM,DEL,BOM,T+1,2026-09-12,Air India,AI-2678,08:30,10:45,02h 15m,ECONOMY,T,5644.0,1515.0,7159.0,9,Available
20260911_181341,2026-09-11T18:14:06,EaseMyTrip,DEL-BOM,DEL,BOM,T+1,2026-09-12,Air India,AI-2963,09:00,11:15,02h 15m,ECONOMY,T,5644.0,1515.0,7159.0,9,Available
20260911_181341,2026-09-11T18:14:06,EaseMyTrip,DEL-BOM,DEL,BOM,T+1,2026-09-12,Air India,AI-2981,21:00,23:20,02h 20m,ECONOMY,T,5644.0,1515.0,7159.0,9,Available
20260911_181341,2026-09-11T18:14:06,EaseMyTrip,DEL-BOM,DEL,BOM,T+1,2026-09-12,Air India,AI-2429,07:00,09:25,02h 25m,ECONOMY,T,5644.0,1515.0,7159.0,9,Available
20260911_181341,2026-09-11T18:14:06,EaseMyTrip,DEL-BOM,DEL,BOM,T+1,2026-09-12,Air India,AI-2995,10:00,12:25,02h 25m,ECONOMY,T,5644.0,1515.0,7159.0,9,Available
20260911_181341,2026-09-11T18:14:06,EaseMyTrip,DEL-BOM,DEL,BOM,T+1,2026-09-12,Air India,AI-2933,15:30,17:55,02h 25m,ECONOMY,T,5644.0,1515.0,7159.0,9,Available
20260911_181341,2026-09-11T18:14:06,EaseMyTrip,DEL-BOM,DEL,BOM,T+1,2026-09-12,Air India,AI-2957,20:30,23:05,02h 35m,ECONOMY,T,5644.0,1515.0,7159.0,9,Available
20260911_181341,2026-09-11T18:14:06,EaseMyTrip,DEL-BOM,DEL,BOM,T+1,2026-09-12,IndiGo,6E-6047,11:00,13:15,02h 15m,ECONOMY,R,5665.0,1495.0,7160.0,9,Available
20260911_181341,2026-09-11T18:14:06,EaseMyTrip,DEL-BOM,DEL,BOM,T+1,2026-09-12,Akasa Air,QP-1110,10:30,12:45,02h 15m,ECONOMY,T0,6309.0,924.0,7233.0,9,Available
20260911_181341,2026-09-11T18:14:06,EaseMyTrip,DEL-BOM,DEL,BOM,T+1,2026-09-12,IndiGo,6E-449,05:00,07:15,02h 15m,ECONOMY,R,5965.0,1510.0,7475.0,4,Available
20260911_181341,2026-09-11T18:14:06,EaseMyTrip,DEL-BOM,DEL,BOM,T+1,2026-09-12,Air India,AI-1785,12:00,14:25,02h 25m,ECONOMY,L,6093.0,1537.0,7630.0,3,Available
20260911_181341,2026-09-11T18:14:06,EaseMyTrip,DEL-BOM,DEL,BOM,T+1,2026-09-12,Akasa Air,QP-1836,12:30,14:55,02h 25m,ECONOMY,R2,6696.0,942.0,7638.0,9,Available
20260911_181341,2026-09-11T18:14:06,EaseMyTrip,DEL-BOM,DEL,BOM,T+1,2026-09-12,Air India,AI-2945,11:00,13:25,02h 25m,ECONOMY,G,6393.0,1552.0,7945.0,9,Available
20260911_181341,2026-09-11T18:14:18,EaseMyTrip,DEL-BOM,DEL,BOM,T+7,2026-09-18,Air India Express,IX-1056,05:35,08:05,02h 30m,ECONOMY,G,5040.0,1489.0,6529.0,9,Available
20260911_181341,2026-09-11T18:14:18,EaseMyTrip,DEL-BOM,DEL,BOM,T+7,2026-09-18,IndiGo,6E-324,13:00,15:10,02h 10m,ECONOMY,R,5065.0,1465.0,6530.0,54,Available
20260911_181341,2026-09-11T18:14:18,EaseMyTrip,DEL-BOM,DEL,BOM,T+7,2026-09-18,Akasa Air,QP-1110,10:30,12:45,02h 15m,ECONOMY,U1,5640.0,890.0,6530.0,9,Available
20260911_181341,2026-09-11T18:14:18,EaseMyTrip,DEL-BOM,DEL,BOM,T+7,2026-09-18,IndiGo,6E-449,05:00,07:15,02h 15m,ECONOMY,R,5065.0,1465.0,6530.0,110,Available
20260911_181341,2026-09-11T18:14:18,EaseMyTrip,DEL-BOM,DEL,BOM,T+7,2026-09-18,IndiGo,6E-864,15:30,17:45,02h 15m,ECONOMY,R,5065.0,1465.0,6530.0,82,Available
20260911_181341,2026-09-11T18:14:18,EaseMyTrip,DEL-BOM,DEL,BOM,T+7,2026-09-18,IndiGo,6E-6318,14:45,17:00,02h 15m,ECONOMY,R,5065.0,1465.0,6530.0,82,Available
20260911_181341,2026-09-11T18:14:18,EaseMyTrip,DEL-BOM,DEL,BOM,T+7,2026-09-18,IndiGo,6E-675,08:45,11:00,02h 15m,ECONOMY,R,5065.0,1465.0,6530.0,23,Available
20260911_181341,2026-09-11T18:14:18,EaseMyTrip,DEL-BOM,DEL,BOM,T+7,2026-09-18,IndiGo,6E-6047,11:00,13:15,02h 15m,ECONOMY,R,5065.0,1465.0,6530.0,51,Available
20260911_181341,2026-09-11T18:14:18,EaseMyTrip,DEL-BOM,DEL,BOM,T+7,2026-09-18,IndiGo,6E-6676,12:00,14:15,02h 15m,ECONOMY,R,5065.0,1465.0,6530.0,75,Available
20260911_181341,2026-09-11T18:14:18,EaseMyTrip,DEL-BOM,DEL,BOM,T+7,2026-09-18,Akasa Air,QP-1833,06:50,09:10,02h 20m,ECONOMY,U1,5640.0,890.0,6530.0,9,Available
20260911_181341,2026-09-11T18:14:18,EaseMyTrip,DEL-BOM,DEL,BOM,T+7,2026-09-18,Akasa Air,QP-1112,09:20,11:40,02h 20m,ECONOMY,U1,5640.0,890.0,6530.0,9,Available
20260911_181341,2026-09-11T18:14:18,EaseMyTrip,DEL-BOM,DEL,BOM,T+7,2026-09-18,Akasa Air,QP-1128,16:00,18:20,02h 20m,ECONOMY,U1,5640.0,890.0,6530.0,9,Available
20260911_181341,2026-09-11T18:14:18,EaseMyTrip,DEL-BOM,DEL,BOM,T+7,2026-09-18,IndiGo,6E-6328,10:15,12:35,02h 20m,ECONOMY,R,5065.0,1465.0,6530.0,43,Available
20260911_181341,2026-09-11T18:14:18,EaseMyTrip,DEL-BOM,DEL,BOM,T+7,2026-09-18,Akasa Air,QP-1119,08:40,11:05,02h 25m,ECONOMY,U1,5640.0,890.0,6530.0,9,Available
20260911_181341,2026-09-11T18:14:18,EaseMyTrip,DEL-BOM,DEL,BOM,T+7,2026-09-18,Akasa Air,QP-1836,12:30,14:55,02h 25m,ECONOMY,U1,5640.0,890.0,6530.0,9,Available
20260911_181341,2026-09-11T18:14:18,EaseMyTrip,DEL-BOM,DEL,BOM,T+7,2026-09-18,IndiGo,6E-6022,14:00,16:25,02h 25m,ECONOMY,R,5065.0,1465.0,6530.0,102,Available
20260911_181341,2026-09-11T18:14:18,EaseMyTrip,DEL-BOM,DEL,BOM,T+7,2026-09-18,IndiGo,6E-6107,09:30,11:55,02h 25m,ECONOMY,R,5065.0,1465.0,6530.0,61,Available
20260911_181341,2026-09-11T18:14:18,EaseMyTrip,DEL-BOM,DEL,BOM,T+7,2026-09-18,IndiGo,6E-6218,06:05,08:20,02h 15m,ECONOMY,R,5215.0,1473.0,6688.0,78,Available
20260911_181341,2026-09-11T18:14:18,EaseMyTrip,DEL-BOM,DEL,BOM,T+7,2026-09-18,IndiGo,6E-327,16:15,18:35,02h 20m,ECONOMY,R,5215.0,1473.0,6688.0,63,Available
20260911_181341,2026-09-11T18:14:18,EaseMyTrip,DEL-BOM,DEL,BOM,T+7,2026-09-18,Air India,AI-1745,05:00,07:20,02h 20m,ECONOMY,S,5236.0,1494.0,6730.0,9,Available
20260911_181341,2026-09-11T18:14:18,EaseMyTrip,DEL-BOM,DEL,BOM,T+7,2026-09-18,IndiGo,6E-6814,07:15,09:30,02h 15m,ECONOMY,R,5415.0,1483.0,6898.0,74,Available
20260911_181341,2026-09-11T18:14:18,EaseMyTrip,DEL-BOM,DEL,BOM,T+7,2026-09-18,IndiGo,6E-320,08:00,10:20,02h 20m,ECONOMY,R,5415.0,1483.0,6898.0,61,Available
20260911_181341,2026-09-11T18:14:18,EaseMyTrip,DEL-BOM,DEL,BOM,T+7,2026-09-18,Air India,AI-2678,08:30,10:45,02h 15m,ECONOMY,S,5493.0,1507.0,7000.0,9,Available
20260911_181341,2026-09-11T18:14:18,EaseMyTrip,DEL-BOM,DEL,BOM,T+7,2026-09-18,Air India,AI-2425,10:30,12:50,02h 20m,ECONOMY,S,5493.0,1507.0,7000.0,9,Available
20260911_181341,2026-09-11T18:14:18,EaseMyTrip,DEL-BOM,DEL,BOM,T+7,2026-09-18,Air India,AI-2951,13:30,15:50,02h 20m,ECONOMY,S,5493.0,1507.0,7000.0,1,Available
20260911_181341,2026-09-11T18:14:18,EaseMyTrip,DEL-BOM,DEL,BOM,T+7,2026-09-18,Air India,AI-2441,14:10,16:30,02h 20m,ECONOMY,S,5493.0,1507.0,7000.0,9,Available
20260911_181341,2026-09-11T18:14:18,EaseMyTrip,DEL-BOM,DEL,BOM,T+7,2026-09-18,Air India,AI-2995,10:00,12:25,02h 25m,ECONOMY,S,5493.0,1507.0,7000.0,9,Available
20260911_181341,2026-09-11T18:14:18,EaseMyTrip,DEL-BOM,DEL,BOM,T+7,2026-09-18,Air India,AI-2945,11:00,13:25,02h 25m,ECONOMY,S,5493.0,1507.0,7000.0,9,Available
20260911_181341,2026-09-11T18:14:18,EaseMyTrip,DEL-BOM,DEL,BOM,T+7,2026-09-18,Air India,AI-1785,12:00,14:25,02h 25m,ECONOMY,S,5493.0,1507.0,7000.0,9,Available
20260911_181341,2026-09-11T18:14:18,EaseMyTrip,DEL-BOM,DEL,BOM,T+7,2026-09-18,Air India,AI-2933,15:30,17:55,02h 25m,ECONOMY,S,5493.0,1507.0,7000.0,9,Available
20260911_181341,2026-09-11T18:14:18,EaseMyTrip,DEL-BOM,DEL,BOM,T+7,2026-09-18,Air India,AI-1777,16:00,18:25,02h 25m,ECONOMY,S,5493.0,1507.0,7000.0,9,Available
20260911_181341,2026-09-11T18:14:18,EaseMyTrip,DEL-BOM,DEL,BOM,T+7,2026-09-18,Air India,AI-441,17:00,19:25,02h 25m,ECONOMY,S,5493.0,1507.0,7000.0,9,Available
20260911_181341,2026-09-11T18:14:18,EaseMyTrip,DEL-BOM,DEL,BOM,T+7,2026-09-18,Air India,AI-2927,09:30,12:00,02h 30m,ECONOMY,S,5493.0,1507.0,7000.0,9,Available
20260911_181341,2026-09-11T18:14:18,EaseMyTrip,DEL-BOM,DEL,BOM,T+7,2026-09-18,Air India,AI-2975,06:30,08:50,02h 20m,ECONOMY,T,5644.0,1515.0,7159.0,9,Available
20260911_181341,2026-09-11T18:14:18,EaseMyTrip,DEL-BOM,DEL,BOM,T+7,2026-09-18,Air India,AI-2941,16:30,18:50,02h 20m,ECONOMY,T,5644.0,1515.0,7159.0,9,Available
20260911_181341,2026-09-11T18:14:18,EaseMyTrip,DEL-BOM,DEL,BOM,T+7,2026-09-18,Air India,AI-1780,16:10,20:00,03h 50m,ECONOMY,T,5644.0,1515.0,7159.0,9,Available
20260911_181341,2026-09-11T18:14:18,EaseMyTrip,DEL-BOM,DEL,BOM,T+7,2026-09-18,IndiGo,6E-6114,22:45,01:05,02h 20m,ECONOMY,R,5665.0,1495.0,7160.0,10,Available
20260911_181341,2026-09-11T18:14:18,EaseMyTrip,DEL-BOM,DEL,BOM,T+7,2026-09-18,Air India Express,IX-1235,23:25,01:50,02h 25m,ECONOMY,E,5976.0,1537.0,7513.0,9,Available
20260911_181341,2026-09-11T18:14:18,EaseMyTrip,DEL-BOM,DEL,BOM,T+7,2026-09-18,Air India,AI-2429,07:00,09:25,02h 25m,ECONOMY,U,5844.0,1525.0,7369.0,9,Available
20260911_181341,2026-09-11T18:14:18,EaseMyTrip,DEL-BOM,DEL,BOM,T+7,2026-09-18,Air India,AI-2943,07:30,09:55,02h 25m,ECONOMY,U,5844.0,1525.0,7369.0,9,Available
20260911_181341,2026-09-11T18:14:18,EaseMyTrip,DEL-BOM,DEL,BOM,T+7,2026-09-18,IndiGo,6E-322,23:30,01:45,02h 15m,ECONOMY,R,5965.0,1510.0,7475.0,9,Available
20260911_181341,2026-09-11T18:14:18,EaseMyTrip,DEL-BOM,DEL,BOM,T+7,2026-09-18,Air India,AI-2439,23:00,01:25,02h 25m,ECONOMY,L,6093.0,1537.0,7630.0,9,Available
20260911_181341,2026-09-11T18:14:18,EaseMyTrip,DEL-BOM,DEL,BOM,T+7,2026-09-18,IndiGo,6E-6706,17:00,19:15,02h 15m,ECONOMY,R,6265.0,1525.0,7790.0,1,Available
20260911_181341,2026-09-11T18:14:18,EaseMyTrip,DEL-BOM,DEL,BOM,T+7,2026-09-18,Akasa Air,QP-1820,17:30,19:45,02h 15m,ECONOMY,Q2,7392.0,978.0,8370.0,9,Available
20260911_181341,2026-09-11T18:14:32,EaseMyTrip,DEL-BOM,DEL,BOM,T+15,2026-09-26,IndiGo,6E-324,13:00,15:10,02h 10m,ECONOMY,R,5065.0,1465.0,6530.0,12,Available
20260911_181341,2026-09-11T18:14:32,EaseMyTrip,DEL-BOM,DEL,BOM,T+15,2026-09-26,Akasa Air,QP-1110,10:30,12:45,02h 15m,ECONOMY,U1,5640.0,890.0,6530.0,9,Available
20260911_181341,2026-09-11T18:14:32,EaseMyTrip,DEL-BOM,DEL,BOM,T+15,2026-09-26,Akasa Air,QP-1820,17:30,19:45,02h 15m,ECONOMY,U1,5640.0,890.0,6530.0,9,Available
20260911_181341,2026-09-11T18:14:32,EaseMyTrip,DEL-BOM,DEL,BOM,T+15,2026-09-26,IndiGo,6E-322,23:30,01:45,02h 15m,ECONOMY,R,5065.0,1465.0,6530.0,11,Available
20260911_181341,2026-09-11T18:14:32,EaseMyTrip,DEL-BOM,DEL,BOM,T+15,2026-09-26,IndiGo,6E-329,18:00,20:15,02h 15m,ECONOMY,R,5065.0,1465.0,6530.0,11,Available
20260911_181341,2026-09-11T18:14:32,EaseMyTrip,DEL-BOM,DEL,BOM,T+15,2026-09-26,IndiGo,6E-6706,17:00,19:15,02h 15m,ECONOMY,R,5065.0,1465.0,6530.0,84,Available
20260911_181341,2026-09-11T18:14:32,EaseMyTrip,DEL-BOM,DEL,BOM,T+15,2026-09-26,IndiGo,6E-864,15:30,17:45,02h 15m,ECONOMY,R,5065.0,1465.0,6530.0,64,Available
20260911_181341,2026-09-11T18:14:32,EaseMyTrip,DEL-BOM,DEL,BOM,T+15,2026-09-26,IndiGo,6E-6318,14:45,17:00,02h 15m,ECONOMY,R,5065.0,1465.0,6530.0,91,Available
20260911_181341,2026-09-11T18:14:32,EaseMyTrip,DEL-BOM,DEL,BOM,T+15,2026-09-26,IndiGo,6E-675,08:45,11:00,02h 15m,ECONOMY,R,5065.0,1465.0,6530.0,60,Available
20260911_181341,2026-09-11T18:14:32,EaseMyTrip,DEL-BOM,DEL,BOM,T+15,2026-09-26,IndiGo,6E-6814,07:15,09:30,02h 15m,ECONOMY,R,5065.0,1465.0,6530.0,11,Available
20260911_181341,2026-09-11T18:14:32,EaseMyTrip,DEL-BOM,DEL,BOM,T+15,2026-09-26,IndiGo,6E-6047,11:00,13:15,02h 15m,ECONOMY,R,5065.0,1465.0,6530.0,1,Available
20260911_181341,2026-09-11T18:14:32,EaseMyTrip,DEL-BOM,DEL,BOM,T+15,2026-09-26,IndiGo,6E-6676,12:00,14:15,02h 15m,ECONOMY,R,5065.0,1465.0,6530.0,12,Available
20260911_181341,2026-09-11T18:14:32,EaseMyTrip,DEL-BOM,DEL,BOM,T+15,2026-09-26,Akasa Air,QP-1833,06:50,09:10,02h 20m,ECONOMY,U1,5640.0,890.0,6530.0,9,Available
20260911_181341,2026-09-11T18:14:32,EaseMyTrip,DEL-BOM,DEL,BOM,T+15,2026-09-26,Akasa Air,QP-1112,09:20,11:40,02h 20m,ECONOMY,U1,5640.0,890.0,6530.0,9,Available
20260911_181341,2026-09-11T18:14:32,EaseMyTrip,DEL-BOM,DEL,BOM,T+15,2026-09-26,Akasa Air,QP-1128,16:00,18:20,02h 20m,ECONOMY,U1,5640.0,890.0,6530.0,9,Available
20260911_181341,2026-09-11T18:14:32,EaseMyTrip,DEL-BOM,DEL,BOM,T+15,2026-09-26,IndiGo,6E-6114,22:45,01:05,02h 20m,ECONOMY,R,5065.0,1465.0,6530.0,11,Available
20260911_181341,2026-09-11T18:14:32,EaseMyTrip,DEL-BOM,DEL,BOM,T+15,2026-09-26,IndiGo,6E-327,16:15,18:35,02h 20m,ECONOMY,R,5065.0,1465.0,6530.0,79,Available
20260911_181341,2026-09-11T18:14:32,EaseMyTrip,DEL-BOM,DEL,BOM,T+15,2026-09-26,IndiGo,6E-320,08:00,10:20,02h 20m,ECONOMY,R,5065.0,1465.0,6530.0,9,Available
20260911_181341,2026-09-11T18:14:32,EaseMyTrip,DEL-BOM,DEL,BOM,T+15,2026-09-26,IndiGo,6E-6328,10:15,12:35,02h 20m,ECONOMY,R,5065.0,1465.0,6530.0,67,Available
20260911_181341,2026-09-11T18:14:32,EaseMyTrip,DEL-BOM,DEL,BOM,T+15,2026-09-26,Akasa Air,QP-1119,08:40,11:05,02h 25m,ECONOMY,U1,5640.0,890.0,6530.0,9,Available
20260911_181341,2026-09-11T18:14:32,EaseMyTrip,DEL-BOM,DEL,BOM,T+15,2026-09-26,Akasa Air,QP-1836,12:30,14:55,02h 25m,ECONOMY,U1,5640.0,890.0,6530.0,9,Available
20260911_181341,2026-09-11T18:14:32,EaseMyTrip,DEL-BOM,DEL,BOM,T+15,2026-09-26,Akasa Air,QP-1826,19:55,22:20,02h 25m,ECONOMY,U1,5640.0,890.0,6530.0,9,Available
20260911_181341,2026-09-11T18:14:32,EaseMyTrip,DEL-BOM,DEL,BOM,T+15,2026-09-26,IndiGo,6E-6022,14:00,16:25,02h 25m,ECONOMY,R,5065.0,1465.0,6530.0,90,Available
20260911_181341,2026-09-11T18:14:32,EaseMyTrip,DEL-BOM,DEL,BOM,T+15,2026-09-26,IndiGo,6E-6107,09:30,11:55,02h 25m,ECONOMY,R,5065.0,1465.0,6530.0,56,Available
20260911_181341,2026-09-11T18:14:32,EaseMyTrip,DEL-BOM,DEL,BOM,T+15,2026-09-26,IndiGo,6E-449,05:00,07:15,02h 15m,ECONOMY,R,5215.0,1473.0,6688.0,77,Available
20260911_181341,2026-09-11T18:14:32,EaseMyTrip,DEL-BOM,DEL,BOM,T+15,2026-09-26,IndiGo,6E-395,21:45,00:05,02h 20m,ECONOMY,R,5215.0,1473.0,6688.0,98,Available
20260911_181341,2026-09-11T18:14:32,EaseMyTrip,DEL-BOM,DEL,BOM,T+15,2026-09-26,IndiGo,6E-354,19:00,21:25,02h 25m,ECONOMY,R,5215.0,1473.0,6688.0,9,Available
20260911_181341,2026-09-11T18:14:32,EaseMyTrip,DEL-BOM,DEL,BOM,T+15,2026-09-26,Air India,AI-2439,23:00,01:25,02h 25m,ECONOMY,S,5236.0,1494.0,6730.0,9,Available
20260911_181341,2026-09-11T18:14:32,EaseMyTrip,DEL-BOM,DEL,BOM,T+15,2026-09-26,IndiGo,6E-303,20:00,22:10,02h 10m,ECONOMY,R,5415.0,1483.0,6898.0,1,Available
20260911_181341,2026-09-11T18:14:32,EaseMyTrip,DEL-BOM,DEL,BOM,T+15,2026-09-26,IndiGo,6E-6218,06:05,08:20,02h 15m,ECONOMY,R,5415.0,1483.0,6898.0,12,Available
20260911_181341,2026-09-11T18:14:32,EaseMyTrip,DEL-BOM,DEL,BOM,T+15,2026-09-26,Air India,AI-2678,08:30,10:45,02h 15m,ECONOMY,S,5493.0,1507.0,7000.0,9,Available
20260911_181341,2026-09-11T18:14:32,EaseMyTrip,DEL-BOM,DEL,BOM,T+15,2026-09-26,Air India,AI-2963,09:00,11:15,02h 15m,ECONOMY,S,5493.0,1507.0,7000.0,9,Available
20260911_181341,2026-09-11T18:14:32,EaseMyTrip,DEL-BOM,DEL,BOM,T+15,2026-09-26,Air India,AI-2425,10:30,12:50,02h 20m,ECONOMY,S,5493.0,1507.0,7000.0,9,Available
20260911_181341,2026-09-11T18:14:32,EaseMyTrip,DEL-BOM,DEL,BOM,T+15,2026-09-26,Air India,AI-2941,16:30,18:50,02h 20m,ECONOMY,S,5493.0,1507.0,7000.0,9,Available
20260911_181341,2026-09-11T18:14:32,EaseMyTrip,DEL-BOM,DEL,BOM,T+15,2026-09-26,Air India,AI-2981,21:00,23:20,02h 20m,ECONOMY,S,5493.0,1507.0,7000.0,9,Available
20260911_181341,2026-09-11T18:14:32,EaseMyTrip,DEL-BOM,DEL,BOM,T+15,2026-09-26,Air India,AI-1745,05:00,07:20,02h 20m,ECONOMY,T,5493.0,1507.0,7000.0,9,Available
20260911_181341,2026-09-11T18:14:32,EaseMyTrip,DEL-BOM,DEL,BOM,T+15,2026-09-26,Air India,AI-2429,07:00,09:25,02h 25m,ECONOMY,S,5493.0,1507.0,7000.0,9,Available
20260911_181341,2026-09-11T18:14:32,EaseMyTrip,DEL-BOM,DEL,BOM,T+15,2026-09-26,Air India,AI-2943,07:30,09:55,02h 25m,ECONOMY,S,5493.0,1507.0,7000.0,9,Available
20260911_181341,2026-09-11T18:14:32,EaseMyTrip,DEL-BOM,DEL,BOM,T+15,2026-09-26,Air India,AI-2995,10:00,12:25,02h 25m,ECONOMY,S,5493.0,1507.0,7000.0,9,Available
20260911_181341,2026-09-11T18:14:32,EaseMyTrip,DEL-BOM,DEL,BOM,T+15,2026-09-26,Air India,AI-2945,11:00,13:25,02h 25m,ECONOMY,S,5493.0,1507.0,7000.0,9,Available
20260911_181341,2026-09-11T18:14:32,EaseMyTrip,DEL-BOM,DEL,BOM,T+15,2026-09-26,Air India,AI-1785,12:00,14:25,02h 25m,ECONOMY,S,5493.0,1507.0,7000.0,9,Available
20260911_181341,2026-09-11T18:14:32,EaseMyTrip,DEL-BOM,DEL,BOM,T+15,2026-09-26,Air India,AI-2933,15:30,17:55,02h 25m,ECONOMY,S,5493.0,1507.0,7000.0,1,Available
20260911_181341,2026-09-11T18:14:32,EaseMyTrip,DEL-BOM,DEL,BOM,T+15,2026-09-26,Air India,AI-1777,16:00,18:25,02h 25m,ECONOMY,S,5493.0,1507.0,7000.0,9,Available
20260911_181341,2026-09-11T18:14:32,EaseMyTrip,DEL-BOM,DEL,BOM,T+15,2026-09-26,Air India,AI-441,17:00,19:25,02h 25m,ECONOMY,S,5493.0,1507.0,7000.0,9,Available
20260911_181341,2026-09-11T18:14:32,EaseMyTrip,DEL-BOM,DEL,BOM,T+15,2026-09-26,Air India,AI-2955,18:00,20:25,02h 25m,ECONOMY,S,5493.0,1507.0,7000.0,9,Available
20260911_181341,2026-09-11T18:14:32,EaseMyTrip,DEL-BOM,DEL,BOM,T+15,2026-09-26,Air India,AI-2927,09:30,12:00,02h 30m,ECONOMY,S,5493.0,1507.0,7000.0,9,Available
20260911_181341,2026-09-11T18:14:32,EaseMyTrip,DEL-BOM,DEL,BOM,T+15,2026-09-26,Air India,AI-1780,16:10,20:00,03h 50m,ECONOMY,S,5493.0,1507.0,7000.0,9,Available
20260911_181341,2026-09-11T18:14:32,EaseMyTrip,DEL-BOM,DEL,BOM,T+15,2026-09-26,Air India Express,IX-1235,23:25,01:50,02h 25m,ECONOMY,K,5649.0,1519.0,7168.0,2,Available
20260911_181341,2026-09-11T18:14:32,EaseMyTrip,DEL-BOM,DEL,BOM,T+15,2026-09-26,Air India,AI-2975,06:30,08:50,02h 20m,ECONOMY,T,5644.0,1515.0,7159.0,9,Available
20260911_181341,2026-09-11T18:14:32,EaseMyTrip,DEL-BOM,DEL,BOM,T+15,2026-09-26,Air India,AI-2977,19:00,21:25,02h 25m,ECONOMY,T,5644.0,1515.0,7159.0,9,Available
20260911_181341,2026-09-11T18:14:32,EaseMyTrip,DEL-BOM,DEL,BOM,T+15,2026-09-26,Air India,AI-2985,19:30,21:55,02h 25m,ECONOMY,T,5644.0,1515.0,7159.0,9,Available
20260911_181341,2026-09-11T18:14:32,EaseMyTrip,DEL-BOM,DEL,BOM,T+15,2026-09-26,Air India,AI-2433,21:30,23:55,02h 25m,ECONOMY,T,5644.0,1515.0,7159.0,3,Available
20260911_181341,2026-09-11T18:14:32,EaseMyTrip,DEL-BOM,DEL,BOM,T+15,2026-09-26,Air India,AI-2957,20:30,23:05,02h 35m,ECONOMY,U,5844.0,1525.0,7369.0,9,Available
20260911_181341,2026-09-11T18:14:42,EaseMyTrip,DEL-BLR,DEL,BLR,T+1,2026-09-12,Akasa Air,QP-1812,22:55,01:45,02h 50m,ECONOMY,U2,7774.0,1055.0,8829.0,9,Available
20260911_181341,2026-09-11T18:14:42,EaseMyTrip,DEL-BLR,DEL,BLR,T+1,2026-09-12,Akasa Air,QP-1308,20:55,23:50,02h 55m,ECONOMY,U2,7774.0,1055.0,8829.0,9,Available
20260911_181341,2026-09-11T18:14:42,EaseMyTrip,DEL-BLR,DEL,BLR,T+1,2026-09-12,Akasa Air,QP-1350,21:55,00:50,02h 55m,ECONOMY,U2,7774.0,1055.0,8829.0,9,Available
20260911_181341,2026-09-11T18:14:42,EaseMyTrip,DEL-BLR,DEL,BLR,T+1,2026-09-12,IndiGo,6E-846,22:00,00:55,02h 55m,ECONOMY,R,6998.0,1831.0,8829.0,30,Available
20260911_181341,2026-09-11T18:14:42,EaseMyTrip,DEL-BLR,DEL,BLR,T+1,2026-09-12,IndiGo,6E-6515,20:45,23:40,02h 55m,ECONOMY,R,6998.0,1831.0,8829.0,26,Available
20260911_181341,2026-09-11T18:14:42,EaseMyTrip,DEL-BLR,DEL,BLR,T+1,2026-09-12,IndiGo,6E-861,19:30,22:25,02h 55m,ECONOMY,R,6998.0,1831.0,8829.0,1,Available
20260911_181341,2026-09-11T18:14:42,EaseMyTrip,DEL-BLR,DEL,BLR,T+1,2026-09-12,Akasa Air,QP-1824,20:10,23:10,03h 00m,ECONOMY,U2,7774.0,1055.0,8829.0,9,Available
20260911_181341,2026-09-11T18:14:42,EaseMyTrip,DEL-BLR,DEL,BLR,T+1,2026-09-12,IndiGo,6E-811,18:20,21:10,02h 50m,ECONOMY,R,7433.0,1853.0,9286.0,19,Available
20260911_181341,2026-09-11T18:14:42,EaseMyTrip,DEL-BLR,DEL,BLR,T+1,2026-09-12,IndiGo,6E-873,08:20,11:10,02h 50m,ECONOMY,R,7433.0,1853.0,9286.0,1,Available
20260911_181341,2026-09-11T18:14:42,EaseMyTrip,DEL-BLR,DEL,BLR,T+1,2026-09-12,IndiGo,6E-880,15:45,18:40,02h 55m,ECONOMY,R,7433.0,1853.0,9286.0,6,Available
20260911_181341,2026-09-11T18:14:42,EaseMyTrip,DEL-BLR,DEL,BLR,T+1,2026-09-12,IndiGo,6E-837,17:00,19:55,02h 55m,ECONOMY,R,7433.0,1853.0,9286.0,16,Available
20260911_181341,2026-09-11T18:14:42,EaseMyTrip,DEL-BLR,DEL,BLR,T+1,2026-09-12,IndiGo,6E-810,07:05,10:00,02h 55m,ECONOMY,R,7433.0,1853.0,9286.0,10,Available
20260911_181341,2026-09-11T18:14:42,EaseMyTrip,DEL-BLR,DEL,BLR,T+1,2026-09-12,Air India,AI-2817,16:30,19:15,02h 45m,ECONOMY,T,7427.0,1873.0,9300.0,9,Available
20260911_181341,2026-09-11T18:14:42,EaseMyTrip,DEL-BLR,DEL,BLR,T+1,2026-09-12,Air India,AI-427,08:30,11:20,02h 50m,ECONOMY,T,7427.0,1873.0,9300.0,9,Available
20260911_181341,2026-09-11T18:14:42,EaseMyTrip,DEL-BLR,DEL,BLR,T+1,2026-09-12,Air India,AI-2485,10:30,13:20,02h 50m,ECONOMY,T,7427.0,1873.0,9300.0,9,Available
20260911_181341,2026-09-11T18:14:42,EaseMyTrip,DEL-BLR,DEL,BLR,T+1,2026-09-12,Air India,AI-2809,19:30,22:20,02h 50m,ECONOMY,T,7427.0,1873.0,9300.0,9,Available
20260911_181341,2026-09-11T18:14:42,EaseMyTrip,DEL-BLR,DEL,BLR,T+1,2026-09-12,Air India,AI-2409,06:00,08:55,02h 55m,ECONOMY,T,7427.0,1873.0,9300.0,9,Available
20260911_181341,2026-09-11T18:14:42,EaseMyTrip,DEL-BLR,DEL,BLR,T+1,2026-09-12,Air India,AI-2803,06:30,09:25,02h 55m,ECONOMY,T,7427.0,1873.0,9300.0,9,Available
20260911_181341,2026-09-11T18:14:42,EaseMyTrip,DEL-BLR,DEL,BLR,T+1,2026-09-12,Air India,AI-2815,07:00,09:55,02h 55m,ECONOMY,T,7427.0,1873.0,9300.0,9,Available
20260911_181341,2026-09-11T18:14:42,EaseMyTrip,DEL-BLR,DEL,BLR,T+1,2026-09-12,Air India,AI-2415,09:30,12:25,02h 55m,ECONOMY,T,7427.0,1873.0,9300.0,9,Available
20260911_181341,2026-09-11T18:14:42,EaseMyTrip,DEL-BLR,DEL,BLR,T+1,2026-09-12,Air India,AI-2819,15:00,17:55,02h 55m,ECONOMY,T,7427.0,1873.0,9300.0,9,Available
20260911_181341,2026-09-11T18:14:42,EaseMyTrip,DEL-BLR,DEL,BLR,T+1,2026-09-12,Air India,AI-2664,15:50,18:45,02h 55m,ECONOMY,T,7427.0,1873.0,9300.0,9,Available
20260911_181341,2026-09-11T18:14:42,EaseMyTrip,DEL-BLR,DEL,BLR,T+1,2026-09-12,Air India,AI-2487,18:30,21:25,02h 55m,ECONOMY,T,7427.0,1873.0,9300.0,9,Available
20260911_181341,2026-09-11T18:14:42,EaseMyTrip,DEL-BLR,DEL,BLR,T+1,2026-09-12,Air India,AI-2512,19:00,21:55,02h 55m,ECONOMY,T,7427.0,1873.0,9300.0,9,Available
20260911_181341,2026-09-11T18:14:42,EaseMyTrip,DEL-BLR,DEL,BLR,T+1,2026-09-12,Air India,AI-2412,21:30,00:25,02h 55m,ECONOMY,T,7427.0,1873.0,9300.0,9,Available
20260911_181341,2026-09-11T18:14:42,EaseMyTrip,DEL-BLR,DEL,BLR,T+1,2026-09-12,Air India Express,IX-1070,18:20,21:15,02h 55m,ECONOMY,K,7695.0,1890.0,9585.0,9,Available
20260911_181341,2026-09-11T18:14:42,EaseMyTrip,DEL-BLR,DEL,BLR,T+1,2026-09-12,Akasa Air,QP-1822,16:40,19:40,03h 00m,ECONOMY,T2,8583.0,1097.0,9680.0,8,Available
20260911_181341,2026-09-11T18:14:42,EaseMyTrip,DEL-BLR,DEL,BLR,T+1,2026-09-12,Air India,AI-2653,04:30,07:20,02h 50m,ECONOMY,U,7862.0,1894.0,9756.0,2,Available
20260911_181341,2026-09-11T18:14:42,EaseMyTrip,DEL-BLR,DEL,BLR,T+1,2026-09-12,IndiGo,6E-828,14:30,17:25,02h 55m,ECONOMY,R,7895.0,1876.0,9771.0,13,Available
20260911_181341,2026-09-11T18:14:42,EaseMyTrip,DEL-BLR,DEL,BLR,T+1,2026-09-12,IndiGo,6E-842,10:45,13:40,02h 55m,ECONOMY,R,7895.0,1876.0,9771.0,12,Available
20260911_181341,2026-09-11T18:14:42,EaseMyTrip,DEL-BLR,DEL,BLR,T+1,2026-09-12,IndiGo,6E-826,09:30,12:25,02h 55m,ECONOMY,R,7895.0,1876.0,9771.0,11,Available
20260911_181341,2026-09-11T18:14:42,EaseMyTrip,DEL-BLR,DEL,BLR,T+1,2026-09-12,IndiGo,6E-2314,05:45,08:40,02h 55m,ECONOMY,R,7895.0,1876.0,9771.0,3,Available
20260911_181341,2026-09-11T18:14:42,EaseMyTrip,DEL-BLR,DEL,BLR,T+1,2026-09-12,IndiGo,6E-176,13:15,16:10,02h 55m,ECONOMY,R,7895.0,1876.0,9771.0,11,Available
20260911_181341,2026-09-11T18:14:42,EaseMyTrip,DEL-BLR,DEL,BLR,T+1,2026-09-12,IndiGo,6E-850,12:20,15:20,03h 00m,ECONOMY,R,7895.0,1876.0,9771.0,12,Available
20260911_181341,2026-09-11T18:14:42,EaseMyTrip,DEL-BLR,DEL,BLR,T+1,2026-09-12,Air India,AI-2417,13:00,15:55,02h 55m,ECONOMY,U,8256.0,1914.0,10170.0,3,Available
20260911_181341,2026-09-11T18:15:05,EaseMyTrip,DEL-BLR,DEL,BLR,T+7,2026-09-18,Akasa Air,QP-1812,22:55,01:45,02h 50m,ECONOMY,U2,7774.0,1055.0,8829.0,9,Available
20260911_181341,2026-09-11T18:15:05,EaseMyTrip,DEL-BLR,DEL,BLR,T+7,2026-09-18,Akasa Air,QP-1350,21:55,00:50,02h 55m,ECONOMY,U2,7774.0,1055.0,8829.0,9,Available
20260911_181341,2026-09-11T18:15:05,EaseMyTrip,DEL-BLR,DEL,BLR,T+7,2026-09-18,IndiGo,6E-820,03:00,05:55,02h 55m,ECONOMY,R,6998.0,1831.0,8829.0,93,Available
20260911_181341,2026-09-11T18:15:05,EaseMyTrip,DEL-BLR,DEL,BLR,T+7,2026-09-18,IndiGo,6E-871,23:30,02:25,02h 55m,ECONOMY,R,6998.0,1831.0,8829.0,106,Available
20260911_181341,2026-09-11T18:15:05,EaseMyTrip,DEL-BLR,DEL,BLR,T+7,2026-09-18,IndiGo,6E-846,22:00,00:55,02h 55m,ECONOMY,R,6998.0,1831.0,8829.0,40,Available
20260911_181341,2026-09-11T18:15:05,EaseMyTrip,DEL-BLR,DEL,BLR,T+7,2026-09-18,IndiGo,6E-842,10:45,13:40,02h 55m,ECONOMY,R,6998.0,1831.0,8829.0,37,Available
20260911_181341,2026-09-11T18:15:05,EaseMyTrip,DEL-BLR,DEL,BLR,T+7,2026-09-18,IndiGo,6E-826,09:30,12:25,02h 55m,ECONOMY,R,6998.0,1831.0,8829.0,42,Available
20260911_181341,2026-09-11T18:15:05,EaseMyTrip,DEL-BLR,DEL,BLR,T+7,2026-09-18,IndiGo,6E-810,07:05,10:00,02h 55m,ECONOMY,R,6998.0,1831.0,8829.0,63,Available
20260911_181341,2026-09-11T18:15:05,EaseMyTrip,DEL-BLR,DEL,BLR,T+7,2026-09-18,IndiGo,6E-2314,05:45,08:40,02h 55m,ECONOMY,R,6998.0,1831.0,8829.0,75,Available
20260911_181341,2026-09-11T18:15:05,EaseMyTrip,DEL-BLR,DEL,BLR,T+7,2026-09-18,IndiGo,6E-850,12:20,15:20,03h 00m,ECONOMY,R,6998.0,1831.0,8829.0,33,Available
20260911_181341,2026-09-11T18:15:05,EaseMyTrip,DEL-BLR,DEL,BLR,T+7,2026-09-18,Akasa Air,QP-1308,20:55,23:50,02h 55m,ECONOMY,U1,7929.0,1063.0,8992.0,9,Available
20260911_181341,2026-09-11T18:15:05,EaseMyTrip,DEL-BLR,DEL,BLR,T+7,2026-09-18,Air India,AI-2757,00:15,03:10,02h 55m,ECONOMY,T,7284.0,1866.0,9150.0,9,Available
20260911_181341,2026-09-11T18:15:05,EaseMyTrip,DEL-BLR,DEL,BLR,T+7,2026-09-18,Air India Express,IX-5975,21:00,23:55,02h 55m,ECONOMY,W,7409.0,1876.0,9285.0,3,Available
20260911_181341,2026-09-11T18:15:05,EaseMyTrip,DEL-BLR,DEL,BLR,T+7,2026-09-18,IndiGo,6E-873,08:20,11:10,02h 50m,ECONOMY,R,7433.0,1853.0,9286.0,17,Available
20260911_181341,2026-09-11T18:15:05,EaseMyTrip,DEL-BLR,DEL,BLR,T+7,2026-09-18,IndiGo,6E-6515,20:45,23:40,02h 55m,ECONOMY,R,7433.0,1853.0,9286.0,29,Available
20260911_181341,2026-09-11T18:15:05,EaseMyTrip,DEL-BLR,DEL,BLR,T+7,2026-09-18,IndiGo,6E-880,15:45,18:40,02h 55m,ECONOMY,R,7433.0,1853.0,9286.0,37,Available
20260911_181341,2026-09-11T18:15:05,EaseMyTrip,DEL-BLR,DEL,BLR,T+7,2026-09-18,IndiGo,6E-828,14:30,17:25,02h 55m,ECONOMY,R,7433.0,1853.0,9286.0,38,Available
20260911_181341,2026-09-11T18:15:05,EaseMyTrip,DEL-BLR,DEL,BLR,T+7,2026-09-18,IndiGo,6E-837,17:00,19:55,02h 55m,ECONOMY,R,7433.0,1853.0,9286.0,9,Available
20260911_181341,2026-09-11T18:15:05,EaseMyTrip,DEL-BLR,DEL,BLR,T+7,2026-09-18,IndiGo,6E-176,13:15,16:10,02h 55m,ECONOMY,R,7433.0,1853.0,9286.0,34,Available
20260911_181341,2026-09-11T18:15:05,EaseMyTrip,DEL-BLR,DEL,BLR,T+7,2026-09-18,Air India,AI-2653,04:30,07:20,02h 50m,ECONOMY,T,7427.0,1873.0,9300.0,9,Available
20260911_181341,2026-09-11T18:15:05,EaseMyTrip,DEL-BLR,DEL,BLR,T+7,2026-09-18,Air India,AI-427,08:30,11:20,02h 50m,ECONOMY,T,7427.0,1873.0,9300.0,9,Available
20260911_181341,2026-09-11T18:15:05,EaseMyTrip,DEL-BLR,DEL,BLR,T+7,2026-09-18,Air India,AI-2409,06:00,08:55,02h 55m,ECONOMY,T,7427.0,1873.0,9300.0,9,Available
20260911_181341,2026-09-11T18:15:05,EaseMyTrip,DEL-BLR,DEL,BLR,T+7,2026-09-18,Air India,AI-2803,06:30,09:25,02h 55m,ECONOMY,T,7427.0,1873.0,9300.0,9,Available
20260911_181341,2026-09-11T18:15:05,EaseMyTrip,DEL-BLR,DEL,BLR,T+7,2026-09-18,Air India,AI-2815,07:00,09:55,02h 55m,ECONOMY,T,7427.0,1873.0,9300.0,9,Available
20260911_181341,2026-09-11T18:15:05,EaseMyTrip,DEL-BLR,DEL,BLR,T+7,2026-09-18,Air India,AI-2415,09:30,12:25,02h 55m,ECONOMY,T,7427.0,1873.0,9300.0,9,Available
20260911_181341,2026-09-11T18:15:05,EaseMyTrip,DEL-BLR,DEL,BLR,T+7,2026-09-18,Akasa Air,QP-1822,16:40,19:40,03h 00m,ECONOMY,T3,8414.0,1087.0,9501.0,9,Available
20260911_181341,2026-09-11T18:15:05,EaseMyTrip,DEL-BLR,DEL,BLR,T+7,2026-09-18,Air India,AI-2485,10:30,13:20,02h 50m,ECONOMY,U,7862.0,1894.0,9756.0,9,Available
20260911_181341,2026-09-11T18:15:05,EaseMyTrip,DEL-BLR,DEL,BLR,T+7,2026-09-18,Air India,AI-2664,15:50,18:45,02h 55m,ECONOMY,U,7862.0,1894.0,9756.0,9,Available
20260911_181341,2026-09-11T18:15:05,EaseMyTrip,DEL-BLR,DEL,BLR,T+7,2026-09-18,IndiGo,6E-861,19:30,22:25,02h 55m,ECONOMY,R,7895.0,1876.0,9771.0,1,Available
20260911_181341,2026-09-11T18:15:05,EaseMyTrip,DEL-BLR,DEL,BLR,T+7,2026-09-18,Air India,AI-2819,15:00,17:55,02h 55m,ECONOMY,U,8020.0,1902.0,9922.0,9,Available
20260911_181341,2026-09-11T18:15:05,EaseMyTrip,DEL-BLR,DEL,BLR,T+7,2026-09-18,Air India Express,IX-1070,18:20,21:15,02h 55m,ECONOMY,E,8028.0,1908.0,9936.0,5,Available
20260911_181341,2026-09-11T18:15:05,EaseMyTrip,DEL-BLR,DEL,BLR,T+7,2026-09-18,IndiGo,6E-811,18:20,21:10,02h 50m,ECONOMY,R,8385.0,1900.0,10285.0,24,Available
20260911_181341,2026-09-11T18:15:05,EaseMyTrip,DEL-BLR,DEL,BLR,T+7,2026-09-18,Air India,AI-2412,21:30,00:25,02h 55m,ECONOMY,L,8574.0,1930.0,10504.0,9,Available
20260911_181341,2026-09-11T18:15:05,EaseMyTrip,DEL-BLR,DEL,BLR,T+7,2026-09-18,Akasa Air,QP-1824,20:10,23:10,03h 00m,ECONOMY,R2,9476.0,1141.0,10617.0,9,Available
20260911_181341,2026-09-11T18:15:05,EaseMyTrip,DEL-BLR,DEL,BLR,T+7,2026-09-18,Air India,AI-2809,19:30,22:20,02h 50m,ECONOMY,G,8990.0,1951.0,10941.0,9,Available
20260911_181341,2026-09-11T18:15:05,EaseMyTrip,DEL-BLR,DEL,BLR,T+7,2026-09-18,Air India,AI-2817,16:30,19:15,02h 45m,ECONOMY,W,9334.0,1968.0,11302.0,4,Available
20260911_181341,2026-09-11T18:15:05,EaseMyTrip,DEL-BLR,DEL,BLR,T+7,2026-09-18,Air India,AI-2417,13:00,15:55,02h 55m,ECONOMY,W,9521.0,1977.0,11498.0,2,Available
20260911_181341,2026-09-11T18:15:32,EaseMyTrip,DEL-BLR,DEL,BLR,T+15,2026-09-26,Akasa Air,QP-1812,22:55,01:45,02h 50m,ECONOMY,U2,7774.0,1055.0,8829.0,9,Available
20260911_181341,2026-09-11T18:15:32,EaseMyTrip,DEL-BLR,DEL,BLR,T+15,2026-09-26,IndiGo,6E-811,18:20,21:10,02h 50m,ECONOMY,R,6998.0,1831.0,8829.0,33,Available
20260911_181341,2026-09-11T18:15:32,EaseMyTrip,DEL-BLR,DEL,BLR,T+15,2026-09-26,Akasa Air,QP-1308,20:55,23:50,02h 55m,ECONOMY,U2,7774.0,1055.0,8829.0,9,Available
20260911_181341,2026-09-11T18:15:32,EaseMyTrip,DEL-BLR,DEL,BLR,T+15,2026-09-26,Akasa Air,QP-1350,21:55,00:50,02h 55m,ECONOMY,U2,7774.0,1055.0,8829.0,9,Available
20260911_181341,2026-09-11T18:15:32,EaseMyTrip,DEL-BLR,DEL,BLR,T+15,2026-09-26,IndiGo,6E-820,03:00,05:55,02h 55m,ECONOMY,R,6998.0,1831.0,8829.0,55,Available
20260911_181341,2026-09-11T18:15:32,EaseMyTrip,DEL-BLR,DEL,BLR,T+15,2026-09-26,IndiGo,6E-846,22:00,00:55,02h 55m,ECONOMY,R,6998.0,1831.0,8829.0,36,Available
20260911_181341,2026-09-11T18:15:32,EaseMyTrip,DEL-BLR,DEL,BLR,T+15,2026-09-26,IndiGo,6E-6515,20:45,23:40,02h 55m,ECONOMY,R,6998.0,1831.0,8829.0,40,Available
20260911_181341,2026-09-11T18:15:32,EaseMyTrip,DEL-BLR,DEL,BLR,T+15,2026-09-26,IndiGo,6E-837,17:00,19:55,02h 55m,ECONOMY,R,6998.0,1831.0,8829.0,11,Available
20260911_181341,2026-09-11T18:15:32,EaseMyTrip,DEL-BLR,DEL,BLR,T+15,2026-09-26,IndiGo,6E-810,07:05,10:00,02h 55m,ECONOMY,R,6998.0,1831.0,8829.0,41,Available
20260911_181341,2026-09-11T18:15:32,EaseMyTrip,DEL-BLR,DEL,BLR,T+15,2026-09-26,IndiGo,6E-2314,05:45,08:40,02h 55m,ECONOMY,R,6998.0,1831.0,8829.0,62,Available
20260911_181341,2026-09-11T18:15:32,EaseMyTrip,DEL-BLR,DEL,BLR,T+15,2026-09-26,Akasa Air,QP-1824,20:10,23:10,03h 00m,ECONOMY,U2,7774.0,1055.0,8829.0,9,Available
20260911_181341,2026-09-11T18:15:32,EaseMyTrip,DEL-BLR,DEL,BLR,T+15,2026-09-26,Air India Express,IX-1070,18:20,21:15,02h 55m,ECONOMY,H,7164.0,1864.0,9028.0,1,Available
20260911_181341,2026-09-11T18:15:32,EaseMyTrip,DEL-BLR,DEL,BLR,T+15,2026-09-26,IndiGo,6E-873,08:20,11:10,02h 50m,ECONOMY,R,7433.0,1853.0,9286.0,34,Available
20260911_181341,2026-09-11T18:15:32,EaseMyTrip,DEL-BLR,DEL,BLR,T+15,2026-09-26,IndiGo,6E-861,19:30,22:25,02h 55m,ECONOMY,R,7433.0,1853.0,9286.0,37,Available
20260911_181341,2026-09-11T18:15:32,EaseMyTrip,DEL-BLR,DEL,BLR,T+15,2026-09-26,IndiGo,6E-880,15:45,18:40,02h 55m,ECONOMY,R,7433.0,1853.0,9286.0,23,Available
20260911_181341,2026-09-11T18:15:32,EaseMyTrip,DEL-BLR,DEL,BLR,T+15,2026-09-26,IndiGo,6E-826,09:30,12:25,02h 55m,ECONOMY,R,7433.0,1853.0,9286.0,35,Available
20260911_181341,2026-09-11T18:15:32,EaseMyTrip,DEL-BLR,DEL,BLR,T+15,2026-09-26,Air India,AI-2409,06:00,08:55,02h 55m,ECONOMY,T,7427.0,1873.0,9300.0,9,Available
20260911_181341,2026-09-11T18:15:32,EaseMyTrip,DEL-BLR,DEL,BLR,T+15,2026-09-26,Air India,AI-2803,06:30,09:25,02h 55m,ECONOMY,T,7427.0,1873.0,9300.0,9,Available
20260911_181341,2026-09-11T18:15:32,EaseMyTrip,DEL-BLR,DEL,BLR,T+15,2026-09-26,Air India,AI-2757,00:15,03:10,02h 55m,ECONOMY,U,7719.0,1887.0,9606.0,9,Available
20260911_181341,2026-09-11T18:15:32,EaseMyTrip,DEL-BLR,DEL,BLR,T+15,2026-09-26,Air India,AI-2653,04:30,07:20,02h 50m,ECONOMY,U,7862.0,1894.0,9756.0,9,Available
20260911_181341,2026-09-11T18:15:32,EaseMyTrip,DEL-BLR,DEL,BLR,T+15,2026-09-26,Air India,AI-2815,07:00,09:55,02h 55m,ECONOMY,U,7862.0,1894.0,9756.0,9,Available
20260911_181341,2026-09-11T18:15:32,EaseMyTrip,DEL-BLR,DEL,BLR,T+15,2026-09-26,Air India,AI-2487,18:30,21:25,02h 55m,ECONOMY,U,7862.0,1894.0,9756.0,9,Available
20260911_181341,2026-09-11T18:15:32,EaseMyTrip,DEL-BLR,DEL,BLR,T+15,2026-09-26,Air India,AI-2512,19:00,21:55,02h 55m,ECONOMY,U,7862.0,1894.0,9756.0,9,Available
20260911_181341,2026-09-11T18:15:32,EaseMyTrip,DEL-BLR,DEL,BLR,T+15,2026-09-26,Air India,AI-2412,21:30,00:25,02h 55m,ECONOMY,U,7862.0,1894.0,9756.0,1,Available
20260911_181341,2026-09-11T18:15:32,EaseMyTrip,DEL-BLR,DEL,BLR,T+15,2026-09-26,IndiGo,6E-828,14:30,17:25,02h 55m,ECONOMY,R,7895.0,1876.0,9771.0,37,Available
20260911_181341,2026-09-11T18:15:32,EaseMyTrip,DEL-BLR,DEL,BLR,T+15,2026-09-26,IndiGo,6E-842,10:45,13:40,02h 55m,ECONOMY,R,7895.0,1876.0,9771.0,38,Available
20260911_181341,2026-09-11T18:15:32,EaseMyTrip,DEL-BLR,DEL,BLR,T+15,2026-09-26,IndiGo,6E-176,13:15,16:10,02h 55m,ECONOMY,R,7895.0,1876.0,9771.0,30,Available
20260911_181341,2026-09-11T18:15:32,EaseMyTrip,DEL-BLR,DEL,BLR,T+15,2026-09-26,IndiGo,6E-850,12:20,15:20,03h 00m,ECONOMY,R,7895.0,1876.0,9771.0,28,Available
20260911_181341,2026-09-11T18:15:32,EaseMyTrip,DEL-BLR,DEL,BLR,T+15,2026-09-26,Akasa Air,QP-1822,16:40,19:40,03h 00m,ECONOMY,R4,9108.0,1123.0,10231.0,9,Available
20260911_181341,2026-09-11T18:15:32,EaseMyTrip,DEL-BLR,DEL,BLR,T+15,2026-09-26,Air India,AI-2817,16:30,19:15,02h 45m,ECONOMY,L,8324.0,1918.0,10242.0,9,Available
20260911_181341,2026-09-11T18:15:32,EaseMyTrip,DEL-BLR,DEL,BLR,T+15,2026-09-26,Air India,AI-2809,19:30,22:20,02h 50m,ECONOMY,L,8324.0,1918.0,10242.0,9,Available
20260911_181341,2026-09-11T18:15:32,EaseMyTrip,DEL-BLR,DEL,BLR,T+15,2026-09-26,Air India,AI-2415,09:30,12:25,02h 55m,ECONOMY,L,8324.0,1918.0,10242.0,9,Available
20260911_181341,2026-09-11T18:15:32,EaseMyTrip,DEL-BLR,DEL,BLR,T+15,2026-09-26,Air India,AI-2664,15:50,18:45,02h 55m,ECONOMY,L,8324.0,1918.0,10242.0,9,Available
20260911_181341,2026-09-11T18:15:32,EaseMyTrip,DEL-BLR,DEL,BLR,T+15,2026-09-26,Air India,AI-427,08:30,11:20,02h 50m,ECONOMY,L,8491.0,1926.0,10417.0,9,Available
20260911_181341,2026-09-11T18:15:32,EaseMyTrip,DEL-BLR,DEL,BLR,T+15,2026-09-26,Air India,AI-2819,15:00,17:55,02h 55m,ECONOMY,L,8491.0,1926.0,10417.0,9,Available
20260911_181341,2026-09-11T18:15:32,EaseMyTrip,DEL-BLR,DEL,BLR,T+15,2026-09-26,Air India,AI-2485,10:30,13:20,02h 50m,ECONOMY,L,8657.0,1934.0,10591.0,9,Available
20260911_181341,2026-09-11T18:15:40,EaseMyTrip,BOM-BLR,BOM,BLR,T+1,2026-09-12,Akasa Air,QP-1518,21:45,23:45,02h 00m,ECONOMY,R0,6169.0,1030.0,7199.0,1,Available
20260911_181341,2026-09-11T18:15:40,EaseMyTrip,BOM-BLR,BOM,BLR,T+1,2026-09-12,IndiGo,6E-5388,22:20,00:20,02h 00m,ECONOMY,R,6663.0,1449.0,8112.0,1,Available
20260911_181341,2026-09-11T18:15:40,EaseMyTrip,BOM-BLR,BOM,BLR,T+1,2026-09-12,IndiGo,6E-6188,21:30,23:25,01h 55m,ECONOMY,R,7063.0,1469.0,8532.0,1,Available
20260911_181341,2026-09-11T18:15:40,EaseMyTrip,BOM-BLR,BOM,BLR,T+1,2026-09-12,Air India,AI-2401,20:45,22:45,02h 00m,ECONOMY,Q,7341.0,1556.0,8897.0,3,Available
20260911_181341,2026-09-11T18:15:40,EaseMyTrip,BOM-BLR,BOM,BLR,T+1,2026-09-12,Air India,AI-2865,19:45,21:50,02h 05m,ECONOMY,Q,7341.0,1556.0,8897.0,9,Available
20260911_181341,2026-09-11T18:15:40,EaseMyTrip,BOM-BLR,BOM,BLR,T+1,2026-09-12,Akasa Air,QP-1382,18:25,20:20,01h 55m,ECONOMY,P4,8070.0,1126.0,9196.0,8,Available
20260911_181341,2026-09-11T18:15:40,EaseMyTrip,BOM-BLR,BOM,BLR,T+1,2026-09-12,Air India,AI-2641,18:30,20:35,02h 05m,ECONOMY,Q,7635.0,1571.0,9206.0,9,Available
20260911_181341,2026-09-11T18:15:40,EaseMyTrip,BOM-BLR,BOM,BLR,T+1,2026-09-12,IndiGo,6E-5047,18:30,20:25,01h 55m,ECONOMY,R,8063.0,1519.0,9582.0,8,Available
20260911_181341,2026-09-11T18:15:40,EaseMyTrip,BOM-BLR,BOM,BLR,T+1,2026-09-12,IndiGo,6E-5221,17:00,18:55,01h 55m,ECONOMY,R,8563.0,1544.0,10107.0,4,Available
20260911_181341,2026-09-11T18:15:40,EaseMyTrip,BOM-BLR,BOM,BLR,T+1,2026-09-12,Air India,AI-2849,17:30,19:35,02h 05m,ECONOMY,K,9464.0,1662.0,11126.0,9,Available
20260911_181341,2026-09-11T18:15:40,EaseMyTrip,BOM-BLR,BOM,BLR,T+1,2026-09-12,IndiGo,6E-5382,14:30,16:25,01h 55m,ECONOMY,R,9763.0,1604.0,11367.0,11,Available
20260911_181341,2026-09-11T18:15:40,EaseMyTrip,BOM-BLR,BOM,BLR,T+1,2026-09-12,Akasa Air,QP-1133,19:40,21:45,02h 05m,ECONOMY,O3,10559.0,1250.0,11809.0,9,Available
20260911_181341,2026-09-11T18:15:40,EaseMyTrip,BOM-BLR,BOM,BLR,T+1,2026-09-12,IndiGo,6E-5071,15:35,17:25,01h 50m,ECONOMY,R,10463.0,1639.0,12102.0,3,Available
20260911_181341,2026-09-11T18:15:40,EaseMyTrip,BOM-BLR,BOM,BLR,T+1,2026-09-12,Air India,AI-2857,23:30,01:35,02h 05m,ECONOMY,H,10900.0,1734.0,12634.0,2,Available
20260911_181341,2026-09-11T18:15:40,EaseMyTrip,BOM-BLR,BOM,BLR,T+1,2026-09-12,IndiGo,6E-5217,11:00,12:55,01h 55m,ECONOMY,R,11163.0,1674.0,12837.0,3,Available
20260911_181341,2026-09-11T18:15:40,EaseMyTrip,BOM-BLR,BOM,BLR,T+1,2026-09-12,IndiGo,6E-5193,08:05,09:55,01h 50m,ECONOMY,R,12763.0,1754.0,14517.0,4,Available
20260911_181341,2026-09-11T18:15:40,EaseMyTrip,BOM-BLR,BOM,BLR,T+1,2026-09-12,IndiGo,6E-5184,12:30,14:25,01h 55m,ECONOMY,R,12763.0,1754.0,14517.0,12,Available
20260911_181341,2026-09-11T18:15:40,EaseMyTrip,BOM-BLR,BOM,BLR,T+1,2026-09-12,Air India,AI-2853,15:25,17:35,02h 10m,ECONOMY,M,12954.0,1837.0,14791.0,1,Available
20260911_181341,2026-09-11T18:15:40,EaseMyTrip,BOM-BLR,BOM,BLR,T+1,2026-09-12,Akasa Air,QP-1527,07:35,09:35,02h 00m,ECONOMY,N2,13814.0,1412.0,15226.0,9,Available
20260911_181341,2026-09-11T18:15:40,EaseMyTrip,BOM-BLR,BOM,BLR,T+1,2026-09-12,IndiGo,6E-5323,01:10,03:05,01h 55m,ECONOMY,R,13646.0,1798.0,15444.0,1,Available
20260911_181341,2026-09-11T18:15:40,EaseMyTrip,BOM-BLR,BOM,BLR,T+1,2026-09-12,IndiGo,6E-5294,04:30,06:25,01h 55m,ECONOMY,R,13646.0,1798.0,15444.0,3,Available
20260911_181341,2026-09-11T18:15:40,EaseMyTrip,BOM-BLR,BOM,BLR,T+1,2026-09-12,IndiGo,6E-5092,09:50,11:55,02h 05m,ECONOMY,R,13763.0,1804.0,15567.0,6,Available
20260911_181341,2026-09-11T18:15:40,EaseMyTrip,BOM-BLR,BOM,BLR,T+1,2026-09-12,Akasa Air,QP-1516,00:35,02:25,01h 50m,ECONOMY,N0,15108.0,1478.0,16586.0,9,Available
20260911_181341,2026-09-11T18:15:40,EaseMyTrip,BOM-BLR,BOM,BLR,T+1,2026-09-12,IndiGo,6E-5296,06:30,08:25,01h 55m,ECONOMY,R,14963.0,1864.0,16827.0,8,Available
20260911_181341,2026-09-11T18:15:40,EaseMyTrip,BOM-BLR,BOM,BLR,T+1,2026-09-12,Air India,AI-2812,02:05,04:10,02h 05m,ECONOMY,B,15045.0,1941.0,16986.0,1,Available
20260911_181341,2026-09-11T18:15:40,EaseMyTrip,BOM-BLR,BOM,BLR,T+1,2026-09-12,Air India,AI-2410,05:30,07:35,02h 05m,ECONOMY,B,15045.0,1941.0,16986.0,1,Available
20260911_181341,2026-09-11T18:15:40,EaseMyTrip,BOM-BLR,BOM,BLR,T+1,2026-09-12,Air India,AI-2632,12:00,14:05,02h 05m,ECONOMY,B,15346.0,1956.0,17302.0,2,Available
20260911_181341,2026-09-11T18:15:40,EaseMyTrip,BOM-BLR,BOM,BLR,T+1,2026-09-12,Air India,AI-2863,10:00,12:05,02h 05m,ECONOMY,B,15647.0,1971.0,17618.0,1,Available
20260911_181341,2026-09-11T18:16:04,EaseMyTrip,BOM-BLR,BOM,BLR,T+7,2026-09-18,Air India,AI-3305,23:40,01:40,02h 00m,ECONOMY,U,5064.0,1442.0,6506.0,9,Available
20260911_181341,2026-09-11T18:16:04,EaseMyTrip,BOM-BLR,BOM,BLR,T+7,2026-09-18,Akasa Air,QP-1384,23:10,01:05,01h 55m,ECONOMY,R1,5898.0,1016.0,6914.0,8,Available
20260911_181341,2026-09-11T18:16:04,EaseMyTrip,BOM-BLR,BOM,BLR,T+7,2026-09-18,Akasa Air,QP-1518,21:45,23:45,02h 00m,ECONOMY,R1,5898.0,1016.0,6914.0,8,Available
20260911_181341,2026-09-11T18:16:04,EaseMyTrip,BOM-BLR,BOM,BLR,T+7,2026-09-18,Air India,AI-2857,23:30,01:35,02h 05m,ECONOMY,L,5582.0,1468.0,7050.0,9,Available
20260911_181341,2026-09-11T18:16:04,EaseMyTrip,BOM-BLR,BOM,BLR,T+7,2026-09-18,IndiGo,6E-5071,15:35,17:25,01h 50m,ECONOMY,R,5663.0,1399.0,7062.0,3,Available
20260911_181341,2026-09-11T18:16:04,EaseMyTrip,BOM-BLR,BOM,BLR,T+7,2026-09-18,IndiGo,6E-6188,21:30,23:25,01h 55m,ECONOMY,R,5663.0,1399.0,7062.0,1,Available
20260911_181341,2026-09-11T18:16:04,EaseMyTrip,BOM-BLR,BOM,BLR,T+7,2026-09-18,IndiGo,6E-5184,12:30,14:25,01h 55m,ECONOMY,R,5663.0,1399.0,7062.0,8,Available
20260911_181341,2026-09-11T18:16:04,EaseMyTrip,BOM-BLR,BOM,BLR,T+7,2026-09-18,IndiGo,6E-5217,11:00,12:55,01h 55m,ECONOMY,R,5663.0,1399.0,7062.0,2,Available
20260911_181341,2026-09-11T18:16:04,EaseMyTrip,BOM-BLR,BOM,BLR,T+7,2026-09-18,IndiGo,6E-5296,06:30,08:25,01h 55m,ECONOMY,R,5663.0,1399.0,7062.0,92,Available
20260911_181341,2026-09-11T18:16:04,EaseMyTrip,BOM-BLR,BOM,BLR,T+7,2026-09-18,IndiGo,6E-5388,22:20,00:20,02h 00m,ECONOMY,R,5663.0,1399.0,7062.0,60,Available
20260911_181341,2026-09-11T18:16:04,EaseMyTrip,BOM-BLR,BOM,BLR,T+7,2026-09-18,IndiGo,6E-5092,09:50,11:55,02h 05m,ECONOMY,R,5663.0,1399.0,7062.0,1,Available
20260911_181341,2026-09-11T18:16:04,EaseMyTrip,BOM-BLR,BOM,BLR,T+7,2026-09-18,IndiGo,6E-5193,08:05,09:55,01h 50m,ECONOMY,R,5963.0,1414.0,7377.0,69,Available
20260911_181341,2026-09-11T18:16:04,EaseMyTrip,BOM-BLR,BOM,BLR,T+7,2026-09-18,IndiGo,6E-5382,14:30,16:25,01h 55m,ECONOMY,R,5963.0,1414.0,7377.0,88,Available
20260911_181341,2026-09-11T18:16:04,EaseMyTrip,BOM-BLR,BOM,BLR,T+7,2026-09-18,IndiGo,6E-5221,17:00,18:55,01h 55m,ECONOMY,R,5963.0,1414.0,7377.0,2,Available
20260911_181341,2026-09-11T18:16:04,EaseMyTrip,BOM-BLR,BOM,BLR,T+7,2026-09-18,Air India,AI-2603,06:35,08:35,02h 00m,ECONOMY,L,5941.0,1486.0,7427.0,9,Available
20260911_181341,2026-09-11T18:16:04,EaseMyTrip,BOM-BLR,BOM,BLR,T+7,2026-09-18,Air India,AI-2853,15:25,17:35,02h 10m,ECONOMY,L,5941.0,1486.0,7427.0,9,Available
20260911_181341,2026-09-11T18:16:04,EaseMyTrip,BOM-BLR,BOM,BLR,T+7,2026-09-18,Air India,AI-2863,10:00,12:05,02h 05m,ECONOMY,L,6179.0,1498.0,7677.0,9,Available
20260911_181341,2026-09-11T18:16:04,EaseMyTrip,BOM-BLR,BOM,BLR,T+7,2026-09-18,Air India,AI-2632,12:00,14:05,02h 05m,ECONOMY,G,6241.0,1501.0,7742.0,3,Available
20260911_181341,2026-09-11T18:16:04,EaseMyTrip,BOM-BLR,BOM,BLR,T+7,2026-09-18,Air India,AI-2851,07:55,10:05,02h 10m,ECONOMY,L,6298.0,1504.0,7802.0,9,Available
20260911_181341,2026-09-11T18:16:04,EaseMyTrip,BOM-BLR,BOM,BLR,T+7,2026-09-18,Akasa Air,QP-1527,07:35,09:35,02h 00m,ECONOMY,Q3,6747.0,1060.0,7807.0,8,Available
20260911_181341,2026-09-11T18:16:04,EaseMyTrip,BOM-BLR,BOM,BLR,T+7,2026-09-18,Air India,AI-2849,17:30,19:35,02h 05m,ECONOMY,G,6491.0,1513.0,8004.0,9,Available
20260911_181341,2026-09-11T18:16:04,EaseMyTrip,BOM-BLR,BOM,BLR,T+7,2026-09-18,Air India,AI-2401,20:45,22:45,02h 00m,ECONOMY,Q,7708.0,1574.0,9282.0,7,Available
20260911_181341,2026-09-11T18:16:04,EaseMyTrip,BOM-BLR,BOM,BLR,T+7,2026-09-18,Air India,AI-2865,19:45,21:50,02h 05m,ECONOMY,Q,7708.0,1574.0,9282.0,9,Available
20260911_181341,2026-09-11T18:16:31,EaseMyTrip,BOM-BLR,BOM,BLR,T+15,2026-09-26,Akasa Air,QP-1518,21:45,23:45,02h 00m,ECONOMY,R1,5898.0,1016.0,6914.0,8,Available
20260911_181341,2026-09-11T18:16:31,EaseMyTrip,BOM-BLR,BOM,BLR,T+15,2026-09-26,IndiGo,6E-6188,21:30,23:25,01h 55m,ECONOMY,R,5663.0,1399.0,7062.0,2,Available
20260911_181341,2026-09-11T18:16:31,EaseMyTrip,BOM-BLR,BOM,BLR,T+15,2026-09-26,IndiGo,6E-5047,18:30,20:25,01h 55m,ECONOMY,R,5663.0,1399.0,7062.0,14,Available
20260911_181341,2026-09-11T18:16:31,EaseMyTrip,BOM-BLR,BOM,BLR,T+15,2026-09-26,IndiGo,6E-5184,12:30,14:25,01h 55m,ECONOMY,R,5663.0,1399.0,7062.0,6,Available
20260911_181341,2026-09-11T18:16:31,EaseMyTrip,BOM-BLR,BOM,BLR,T+15,2026-09-26,IndiGo,6E-5221,17:00,18:55,01h 55m,ECONOMY,R,5663.0,1399.0,7062.0,9,Available
20260911_181341,2026-09-11T18:16:31,EaseMyTrip,BOM-BLR,BOM,BLR,T+15,2026-09-26,IndiGo,6E-5296,06:30,08:25,01h 55m,ECONOMY,R,5663.0,1399.0,7062.0,94,Available
20260911_181341,2026-09-11T18:16:31,EaseMyTrip,BOM-BLR,BOM,BLR,T+15,2026-09-26,IndiGo,6E-5388,22:20,00:20,02h 00m,ECONOMY,R,5663.0,1399.0,7062.0,106,Available
20260911_181341,2026-09-11T18:16:31,EaseMyTrip,BOM-BLR,BOM,BLR,T+15,2026-09-26,IndiGo,6E-5092,09:50,11:55,02h 05m,ECONOMY,R,5663.0,1399.0,7062.0,8,Available
20260911_181341,2026-09-11T18:16:31,EaseMyTrip,BOM-BLR,BOM,BLR,T+15,2026-09-26,Akasa Air,QP-1382,18:25,20:20,01h 55m,ECONOMY,R0,6169.0,1030.0,7199.0,8,Available
20260911_181341,2026-09-11T18:16:31,EaseMyTrip,BOM-BLR,BOM,BLR,T+15,2026-09-26,Akasa Air,QP-1527,07:35,09:35,02h 00m,ECONOMY,R0,6169.0,1030.0,7199.0,8,Available
20260911_181341,2026-09-11T18:16:31,EaseMyTrip,BOM-BLR,BOM,BLR,T+15,2026-09-26,IndiGo,6E-5071,15:35,17:25,01h 50m,ECONOMY,R,5963.0,1414.0,7377.0,42,Available
20260911_181341,2026-09-11T18:16:31,EaseMyTrip,BOM-BLR,BOM,BLR,T+15,2026-09-26,IndiGo,6E-5193,08:05,09:55,01h 50m,ECONOMY,R,5963.0,1414.0,7377.0,11,Available
20260911_181341,2026-09-11T18:16:31,EaseMyTrip,BOM-BLR,BOM,BLR,T+15,2026-09-26,IndiGo,6E-5382,14:30,16:25,01h 55m,ECONOMY,R,5963.0,1414.0,7377.0,20,Available
20260911_181341,2026-09-11T18:16:31,EaseMyTrip,BOM-BLR,BOM,BLR,T+15,2026-09-26,Air India,AI-2603,06:35,08:35,02h 00m,ECONOMY,L,5941.0,1486.0,7427.0,9,Available
20260911_181341,2026-09-11T18:16:31,EaseMyTrip,BOM-BLR,BOM,BLR,T+15,2026-09-26,Air India,AI-2401,20:45,22:45,02h 00m,ECONOMY,L,5941.0,1486.0,7427.0,9,Available
20260911_181341,2026-09-11T18:16:31,EaseMyTrip,BOM-BLR,BOM,BLR,T+15,2026-09-26,Air India,AI-2865,19:45,21:50,02h 05m,ECONOMY,L,5941.0,1486.0,7427.0,9,Available
20260911_181341,2026-09-11T18:16:31,EaseMyTrip,BOM-BLR,BOM,BLR,T+15,2026-09-26,Air India,AI-2853,15:25,17:35,02h 10m,ECONOMY,L,6060.0,1492.0,7552.0,9,Available
20260911_181341,2026-09-11T18:16:31,EaseMyTrip,BOM-BLR,BOM,BLR,T+15,2026-09-26,Air India,AI-2849,17:30,19:35,02h 05m,ECONOMY,L,6179.0,1498.0,7677.0,9,Available
20260911_181341,2026-09-11T18:16:31,EaseMyTrip,BOM-BLR,BOM,BLR,T+15,2026-09-26,Air India,AI-2641,18:30,20:35,02h 05m,ECONOMY,L,6179.0,1498.0,7677.0,9,Available
20260911_181341,2026-09-11T18:16:31,EaseMyTrip,BOM-BLR,BOM,BLR,T+15,2026-09-26,IndiGo,6E-5217,11:00,12:55,01h 55m,ECONOMY,R,6263.0,1429.0,7692.0,73,Available
20260911_181341,2026-09-11T18:16:31,EaseMyTrip,BOM-BLR,BOM,BLR,T+15,2026-09-26,Air India,AI-2851,07:55,10:05,02h 10m,ECONOMY,L,6298.0,1504.0,7802.0,9,Available
20260911_181341,2026-09-11T18:16:31,EaseMyTrip,BOM-BLR,BOM,BLR,T+15,2026-09-26,Air India,AI-2863,10:00,12:05,02h 05m,ECONOMY,G,6491.0,1513.0,8004.0,7,Available
20260911_181341,2026-09-11T18:16:31,EaseMyTrip,BOM-BLR,BOM,BLR,T+15,2026-09-26,Akasa Air,QP-1133,19:40,21:45,02h 05m,ECONOMY,Q2,7056.0,1074.0,8130.0,3,Available
20260911_181341,2026-09-11T18:16:31,EaseMyTrip,BOM-BLR,BOM,BLR,T+15,2026-09-26,Air India,AI-2632,12:00,14:05,02h 05m,ECONOMY,W,6672.0,1522.0,8194.0,6,Available
20260911_183015,2026-09-11T18:30:47,EaseMyTrip,DEL-BOM,DEL,BOM,T+1,2026-09-12,IndiGo,6E-322,23:30,01:45,02h 15m,ECONOMY,R,5065.0,1465.0,6530.0,30,Available
20260911_183015,2026-09-11T18:30:47,EaseMyTrip,DEL-BOM,DEL,BOM,T+1,2026-09-12,IndiGo,6E-329,18:00,20:15,02h 15m,ECONOMY,R,5065.0,1465.0,6530.0,33,Available
20260911_183015,2026-09-11T18:30:47,EaseMyTrip,DEL-BOM,DEL,BOM,T+1,2026-09-12,IndiGo,6E-6706,17:00,19:15,02h 15m,ECONOMY,R,5065.0,1465.0,6530.0,17,Available
20260911_183015,2026-09-11T18:30:47,EaseMyTrip,DEL-BOM,DEL,BOM,T+1,2026-09-12,IndiGo,6E-864,15:30,17:45,02h 15m,ECONOMY,R,5065.0,1465.0,6530.0,1,Available
20260911_183015,2026-09-11T18:30:47,EaseMyTrip,DEL-BOM,DEL,BOM,T+1,2026-09-12,IndiGo,6E-6318,14:45,17:00,02h 15m,ECONOMY,R,5065.0,1465.0,6530.0,26,Available
20260911_183015,2026-09-11T18:30:47,EaseMyTrip,DEL-BOM,DEL,BOM,T+1,2026-09-12,IndiGo,6E-6814,07:15,09:30,02h 15m,ECONOMY,R,5065.0,1465.0,6530.0,19,Available
20260911_183015,2026-09-11T18:30:47,EaseMyTrip,DEL-BOM,DEL,BOM,T+1,2026-09-12,Akasa Air,QP-1128,16:00,18:20,02h 20m,ECONOMY,U1,5640.0,890.0,6530.0,9,Available
20260911_183015,2026-09-11T18:30:47,EaseMyTrip,DEL-BOM,DEL,BOM,T+1,2026-09-12,IndiGo,6E-6114,22:45,01:05,02h 20m,ECONOMY,R,5065.0,1465.0,6530.0,92,Available
20260911_183015,2026-09-11T18:30:47,EaseMyTrip,DEL-BOM,DEL,BOM,T+1,2026-09-12,IndiGo,6E-327,16:15,18:35,02h 20m,ECONOMY,R,5065.0,1465.0,6530.0,41,Available
20260911_183015,2026-09-11T18:30:47,EaseMyTrip,DEL-BOM,DEL,BOM,T+1,2026-09-12,IndiGo,6E-395,21:45,00:05,02h 20m,ECONOMY,R,5065.0,1465.0,6530.0,36,Available
20260911_183015,2026-09-11T18:30:47,EaseMyTrip,DEL-BOM,DEL,BOM,T+1,2026-09-12,Akasa Air,QP-1826,19:55,22:20,02h 25m,ECONOMY,U1,5640.0,890.0,6530.0,9,Available
20260911_183015,2026-09-11T18:30:47,EaseMyTrip,DEL-BOM,DEL,BOM,T+1,2026-09-12,IndiGo,6E-6022,14:00,16:25,02h 25m,ECONOMY,R,5065.0,1465.0,6530.0,7,Available
20260911_183015,2026-09-11T18:30:47,EaseMyTrip,DEL-BOM,DEL,BOM,T+1,2026-09-12,Air India Express,IX-1235,23:25,01:50,02h 25m,ECONOMY,H,5191.0,1497.0,6688.0,9,Available
20260911_183015,2026-09-11T18:30:47,EaseMyTrip,DEL-BOM,DEL,BOM,T+1,2026-09-12,IndiGo,6E-303,20:00,22:10,02h 10m,ECONOMY,R,5215.0,1473.0,6688.0,4,Available
20260911_183015,2026-09-11T18:30:47,EaseMyTrip,DEL-BOM,DEL,BOM,T+1,2026-09-12,IndiGo,6E-6218,06:05,08:20,02h 15m,ECONOMY,R,5215.0,1473.0,6688.0,9,Available
20260911_183015,2026-09-11T18:30:47,EaseMyTrip,DEL-BOM,DEL,BOM,T+1,2026-09-12,IndiGo,6E-320,08:00,10:20,02h 20m,ECONOMY,R,5215.0,1473.0,6688.0,23,Available
20260911_183015,2026-09-11T18:30:47,EaseMyTrip,DEL-BOM,DEL,BOM,T+1,2026-09-12,IndiGo,6E-354,19:00,21:25,02h 25m,ECONOMY,R,5215.0,1473.0,6688.0,10,Available
20260911_183015,2026-09-11T18:30:47,EaseMyTrip,DEL-BOM,DEL,BOM,T+1,2026-09-12,Akasa Air,QP-1820,17:30,19:45,02h 15m,ECONOMY,T4,5829.0,900.0,6729.0,9,Available
20260911_183015,2026-09-11T18:30:47,EaseMyTrip,DEL-BOM,DEL,BOM,T+1,2026-09-12,Akasa Air,QP-1119,08:40,11:05,02h 25m,ECONOMY,T4,5829.0,900.0,6729.0,9,Available
20260911_183015,2026-09-11T18:30:47,EaseMyTrip,DEL-BOM,DEL,BOM,T+1,2026-09-12,Air India,AI-1745,05:00,07:20,02h 20m,ECONOMY,S,5236.0,1494.0,6730.0,9,Available
20260911_183015,2026-09-11T18:30:47,EaseMyTrip,DEL-BOM,DEL,BOM,T+1,2026-09-12,Air India,AI-2439,23:00,01:25,02h 25m,ECONOMY,S,5236.0,1494.0,6730.0,9,Available
20260911_183015,2026-09-11T18:30:47,EaseMyTrip,DEL-BOM,DEL,BOM,T+1,2026-09-12,IndiGo,6E-324,13:00,15:10,02h 10m,ECONOMY,R,5415.0,1483.0,6898.0,13,Available
20260911_183015,2026-09-11T18:30:47,EaseMyTrip,DEL-BOM,DEL,BOM,T+1,2026-09-12,IndiGo,6E-6676,12:00,14:15,02h 15m,ECONOMY,R,5415.0,1483.0,6898.0,10,Available
20260911_183015,2026-09-11T18:30:47,EaseMyTrip,DEL-BOM,DEL,BOM,T+1,2026-09-12,IndiGo,6E-675,08:45,11:00,02h 15m,ECONOMY,R,5415.0,1483.0,6898.0,8,Available
20260911_183015,2026-09-11T18:30:47,EaseMyTrip,DEL-BOM,DEL,BOM,T+1,2026-09-12,IndiGo,6E-6328,10:15,12:35,02h 20m,ECONOMY,R,5415.0,1483.0,6898.0,2,Available
20260911_183015,2026-09-11T18:30:47,EaseMyTrip,DEL-BOM,DEL,BOM,T+1,2026-09-12,IndiGo,6E-6107,09:30,11:55,02h 25m,ECONOMY,R,5415.0,1483.0,6898.0,3,Available
20260911_183015,2026-09-11T18:30:47,EaseMyTrip,DEL-BOM,DEL,BOM,T+1,2026-09-12,Akasa Air,QP-1112,09:20,11:40,02h 20m,ECONOMY,T2,6065.0,912.0,6977.0,9,Available
20260911_183015,2026-09-11T18:30:47,EaseMyTrip,DEL-BOM,DEL,BOM,T+1,2026-09-12,Air India,AI-865,08:55,11:10,02h 15m,ECONOMY,S,5493.0,1507.0,7000.0,9,Available
20260911_183015,2026-09-11T18:30:47,EaseMyTrip,DEL-BOM,DEL,BOM,T+1,2026-09-12,Air India,AI-2975,06:30,08:50,02h 20m,ECONOMY,S,5493.0,1507.0,7000.0,9,Available
20260911_183015,2026-09-11T18:30:47,EaseMyTrip,DEL-BOM,DEL,BOM,T+1,2026-09-12,Air India,AI-2941,16:30,18:50,02h 20m,ECONOMY,S,5493.0,1507.0,7000.0,9,Available
20260911_183015,2026-09-11T18:30:47,EaseMyTrip,DEL-BOM,DEL,BOM,T+1,2026-09-12,Air India,AI-2943,07:30,09:55,02h 25m,ECONOMY,S,5493.0,1507.0,7000.0,8,Available
20260911_183015,2026-09-11T18:30:47,EaseMyTrip,DEL-BOM,DEL,BOM,T+1,2026-09-12,Air India,AI-1777,16:00,18:25,02h 25m,ECONOMY,S,5493.0,1507.0,7000.0,9,Available
20260911_183015,2026-09-11T18:30:47,EaseMyTrip,DEL-BOM,DEL,BOM,T+1,2026-09-12,Air India,AI-441,17:00,19:25,02h 25m,ECONOMY,S,5493.0,1507.0,7000.0,9,Available
20260911_183015,2026-09-11T18:30:47,EaseMyTrip,DEL-BOM,DEL,BOM,T+1,2026-09-12,Air India,AI-2955,18:00,20:25,02h 25m,ECONOMY,S,5493.0,1507.0,7000.0,9,Available
20260911_183015,2026-09-11T18:30:47,EaseMyTrip,DEL-BOM,DEL,BOM,T+1,2026-09-12,Air India,AI-2977,19:00,21:25,02h 25m,ECONOMY,S,5493.0,1507.0,7000.0,9,Available
20260911_183015,2026-09-11T18:30:47,EaseMyTrip,DEL-BOM,DEL,BOM,T+1,2026-09-12,Air India,AI-2985,19:30,21:55,02h 25m,ECONOMY,S,5493.0,1507.0,7000.0,9,Available
20260911_183015,2026-09-11T18:30:47,EaseMyTrip,DEL-BOM,DEL,BOM,T+1,2026-09-12,Air India,AI-2433,21:30,23:55,02h 25m,ECONOMY,S,5493.0,1507.0,7000.0,9,Available
20260911_183015,2026-09-11T18:30:47,EaseMyTrip,DEL-BOM,DEL,BOM,T+1,2026-09-12,Air India,AI-2927,09:30,12:00,02h 30m,ECONOMY,S,5493.0,1507.0,7000.0,9,Available
20260911_183015,2026-09-11T18:30:47,EaseMyTrip,DEL-BOM,DEL,BOM,T+1,2026-09-12,Akasa Air,QP-1833,06:50,09:10,02h 20m,ECONOMY,T1,6185.0,918.0,7103.0,9,Available
20260911_183015,2026-09-11T18:30:47,EaseMyTrip,DEL-BOM,DEL,BOM,T+1,2026-09-12,Air India,AI-2678,08:30,10:45,02h 15m,ECONOMY,T,5644.0,1515.0,7159.0,9,Available
20260911_183015,2026-09-11T18:30:47,EaseMyTrip,DEL-BOM,DEL,BOM,T+1,2026-09-12,Air India,AI-2963,09:00,11:15,02h 15m,ECONOMY,T,5644.0,1515.0,7159.0,9,Available
20260911_183015,2026-09-11T18:30:47,EaseMyTrip,DEL-BOM,DEL,BOM,T+1,2026-09-12,Air India,AI-2981,21:00,23:20,02h 20m,ECONOMY,T,5644.0,1515.0,7159.0,9,Available
20260911_183015,2026-09-11T18:30:47,EaseMyTrip,DEL-BOM,DEL,BOM,T+1,2026-09-12,Air India,AI-2429,07:00,09:25,02h 25m,ECONOMY,T,5644.0,1515.0,7159.0,9,Available
20260911_183015,2026-09-11T18:30:47,EaseMyTrip,DEL-BOM,DEL,BOM,T+1,2026-09-12,Air India,AI-2995,10:00,12:25,02h 25m,ECONOMY,T,5644.0,1515.0,7159.0,9,Available
20260911_183015,2026-09-11T18:30:47,EaseMyTrip,DEL-BOM,DEL,BOM,T+1,2026-09-12,Air India,AI-2933,15:30,17:55,02h 25m,ECONOMY,T,5644.0,1515.0,7159.0,9,Available
20260911_183015,2026-09-11T18:30:47,EaseMyTrip,DEL-BOM,DEL,BOM,T+1,2026-09-12,Air India,AI-2957,20:30,23:05,02h 35m,ECONOMY,T,5644.0,1515.0,7159.0,9,Available
20260911_183015,2026-09-11T18:30:47,EaseMyTrip,DEL-BOM,DEL,BOM,T+1,2026-09-12,IndiGo,6E-6047,11:00,13:15,02h 15m,ECONOMY,R,5665.0,1495.0,7160.0,9,Available
20260911_183015,2026-09-11T18:30:47,EaseMyTrip,DEL-BOM,DEL,BOM,T+1,2026-09-12,Akasa Air,QP-1110,10:30,12:45,02h 15m,ECONOMY,T0,6309.0,924.0,7233.0,9,Available
20260911_183015,2026-09-11T18:30:47,EaseMyTrip,DEL-BOM,DEL,BOM,T+1,2026-09-12,IndiGo,6E-449,05:00,07:15,02h 15m,ECONOMY,R,5965.0,1510.0,7475.0,2,Available
20260911_183015,2026-09-11T18:30:47,EaseMyTrip,DEL-BOM,DEL,BOM,T+1,2026-09-12,Air India,AI-1785,12:00,14:25,02h 25m,ECONOMY,L,6093.0,1537.0,7630.0,3,Available
20260911_183015,2026-09-11T18:30:47,EaseMyTrip,DEL-BOM,DEL,BOM,T+1,2026-09-12,Akasa Air,QP-1836,12:30,14:55,02h 25m,ECONOMY,R1,6829.0,950.0,7779.0,9,Available
20260911_183015,2026-09-11T18:31:17,EaseMyTrip,DEL-BOM,DEL,BOM,T+7,2026-09-18,Air India Express,IX-1056,05:35,08:05,02h 30m,ECONOMY,G,5040.0,1489.0,6529.0,9,Available
20260911_183015,2026-09-11T18:31:17,EaseMyTrip,DEL-BOM,DEL,BOM,T+7,2026-09-18,IndiGo,6E-324,13:00,15:10,02h 10m,ECONOMY,R,5065.0,1465.0,6530.0,53,Available
20260911_183015,2026-09-11T18:31:17,EaseMyTrip,DEL-BOM,DEL,BOM,T+7,2026-09-18,Akasa Air,QP-1110,10:30,12:45,02h 15m,ECONOMY,U1,5640.0,890.0,6530.0,9,Available
20260911_183015,2026-09-11T18:31:17,EaseMyTrip,DEL-BOM,DEL,BOM,T+7,2026-09-18,IndiGo,6E-449,05:00,07:15,02h 15m,ECONOMY,R,5065.0,1465.0,6530.0,110,Available
20260911_183015,2026-09-11T18:31:17,EaseMyTrip,DEL-BOM,DEL,BOM,T+7,2026-09-18,IndiGo,6E-864,15:30,17:45,02h 15m,ECONOMY,R,5065.0,1465.0,6530.0,82,Available
20260911_183015,2026-09-11T18:31:17,EaseMyTrip,DEL-BOM,DEL,BOM,T+7,2026-09-18,IndiGo,6E-6318,14:45,17:00,02h 15m,ECONOMY,R,5065.0,1465.0,6530.0,83,Available
20260911_183015,2026-09-11T18:31:17,EaseMyTrip,DEL-BOM,DEL,BOM,T+7,2026-09-18,IndiGo,6E-675,08:45,11:00,02h 15m,ECONOMY,R,5065.0,1465.0,6530.0,23,Available
20260911_183015,2026-09-11T18:31:17,EaseMyTrip,DEL-BOM,DEL,BOM,T+7,2026-09-18,IndiGo,6E-6047,11:00,13:15,02h 15m,ECONOMY,R,5065.0,1465.0,6530.0,51,Available
20260911_183015,2026-09-11T18:31:17,EaseMyTrip,DEL-BOM,DEL,BOM,T+7,2026-09-18,IndiGo,6E-6676,12:00,14:15,02h 15m,ECONOMY,R,5065.0,1465.0,6530.0,74,Available
20260911_183015,2026-09-11T18:31:17,EaseMyTrip,DEL-BOM,DEL,BOM,T+7,2026-09-18,Akasa Air,QP-1833,06:50,09:10,02h 20m,ECONOMY,U1,5640.0,890.0,6530.0,9,Available
20260911_183015,2026-09-11T18:31:17,EaseMyTrip,DEL-BOM,DEL,BOM,T+7,2026-09-18,Akasa Air,QP-1112,09:20,11:40,02h 20m,ECONOMY,U1,5640.0,890.0,6530.0,9,Available
20260911_183015,2026-09-11T18:31:17,EaseMyTrip,DEL-BOM,DEL,BOM,T+7,2026-09-18,Akasa Air,QP-1128,16:00,18:20,02h 20m,ECONOMY,U1,5640.0,890.0,6530.0,9,Available
20260911_183015,2026-09-11T18:31:17,EaseMyTrip,DEL-BOM,DEL,BOM,T+7,2026-09-18,IndiGo,6E-6328,10:15,12:35,02h 20m,ECONOMY,R,5065.0,1465.0,6530.0,42,Available
20260911_183015,2026-09-11T18:31:17,EaseMyTrip,DEL-BOM,DEL,BOM,T+7,2026-09-18,Akasa Air,QP-1119,08:40,11:05,02h 25m,ECONOMY,U1,5640.0,890.0,6530.0,9,Available
20260911_183015,2026-09-11T18:31:17,EaseMyTrip,DEL-BOM,DEL,BOM,T+7,2026-09-18,Akasa Air,QP-1836,12:30,14:55,02h 25m,ECONOMY,U1,5640.0,890.0,6530.0,9,Available
20260911_183015,2026-09-11T18:31:17,EaseMyTrip,DEL-BOM,DEL,BOM,T+7,2026-09-18,IndiGo,6E-6022,14:00,16:25,02h 25m,ECONOMY,R,5065.0,1465.0,6530.0,102,Available
20260911_183015,2026-09-11T18:31:17,EaseMyTrip,DEL-BOM,DEL,BOM,T+7,2026-09-18,IndiGo,6E-6107,09:30,11:55,02h 25m,ECONOMY,R,5065.0,1465.0,6530.0,61,Available
20260911_183015,2026-09-11T18:31:17,EaseMyTrip,DEL-BOM,DEL,BOM,T+7,2026-09-18,IndiGo,6E-6218,06:05,08:20,02h 15m,ECONOMY,R,5215.0,1473.0,6688.0,78,Available
20260911_183015,2026-09-11T18:31:17,EaseMyTrip,DEL-BOM,DEL,BOM,T+7,2026-09-18,IndiGo,6E-327,16:15,18:35,02h 20m,ECONOMY,R,5215.0,1473.0,6688.0,62,Available
20260911_183015,2026-09-11T18:31:17,EaseMyTrip,DEL-BOM,DEL,BOM,T+7,2026-09-18,Air India,AI-1745,05:00,07:20,02h 20m,ECONOMY,S,5236.0,1494.0,6730.0,9,Available
20260911_183015,2026-09-11T18:31:17,EaseMyTrip,DEL-BOM,DEL,BOM,T+7,2026-09-18,IndiGo,6E-6814,07:15,09:30,02h 15m,ECONOMY,R,5415.0,1483.0,6898.0,74,Available
20260911_183015,2026-09-11T18:31:17,EaseMyTrip,DEL-BOM,DEL,BOM,T+7,2026-09-18,IndiGo,6E-320,08:00,10:20,02h 20m,ECONOMY,R,5415.0,1483.0,6898.0,61,Available
20260911_183015,2026-09-11T18:31:17,EaseMyTrip,DEL-BOM,DEL,BOM,T+7,2026-09-18,Air India,AI-2678,08:30,10:45,02h 15m,ECONOMY,S,5493.0,1507.0,7000.0,9,Available
20260911_183015,2026-09-11T18:31:17,EaseMyTrip,DEL-BOM,DEL,BOM,T+7,2026-09-18,Air India,AI-2425,10:30,12:50,02h 20m,ECONOMY,S,5493.0,1507.0,7000.0,9,Available
20260911_183015,2026-09-11T18:31:17,EaseMyTrip,DEL-BOM,DEL,BOM,T+7,2026-09-18,Air India,AI-2951,13:30,15:50,02h 20m,ECONOMY,S,5493.0,1507.0,7000.0,1,Available
20260911_183015,2026-09-11T18:31:17,EaseMyTrip,DEL-BOM,DEL,BOM,T+7,2026-09-18,Air India,AI-2441,14:10,16:30,02h 20m,ECONOMY,S,5493.0,1507.0,7000.0,9,Available
20260911_183015,2026-09-11T18:31:17,EaseMyTrip,DEL-BOM,DEL,BOM,T+7,2026-09-18,Air India,AI-2995,10:00,12:25,02h 25m,ECONOMY,S,5493.0,1507.0,7000.0,9,Available
20260911_183015,2026-09-11T18:31:17,EaseMyTrip,DEL-BOM,DEL,BOM,T+7,2026-09-18,Air India,AI-2945,11:00,13:25,02h 25m,ECONOMY,S,5493.0,1507.0,7000.0,9,Available
20260911_183015,2026-09-11T18:31:17,EaseMyTrip,DEL-BOM,DEL,BOM,T+7,2026-09-18,Air India,AI-1785,12:00,14:25,02h 25m,ECONOMY,S,5493.0,1507.0,7000.0,9,Available
20260911_183015,2026-09-11T18:31:17,EaseMyTrip,DEL-BOM,DEL,BOM,T+7,2026-09-18,Air India,AI-2933,15:30,17:55,02h 25m,ECONOMY,S,5493.0,1507.0,7000.0,9,Available
20260911_183015,2026-09-11T18:31:17,EaseMyTrip,DEL-BOM,DEL,BOM,T+7,2026-09-18,Air India,AI-1777,16:00,18:25,02h 25m,ECONOMY,S,5493.0,1507.0,7000.0,9,Available
20260911_183015,2026-09-11T18:31:17,EaseMyTrip,DEL-BOM,DEL,BOM,T+7,2026-09-18,Air India,AI-441,17:00,19:25,02h 25m,ECONOMY,S,5493.0,1507.0,7000.0,9,Available
20260911_183015,2026-09-11T18:31:17,EaseMyTrip,DEL-BOM,DEL,BOM,T+7,2026-09-18,Air India,AI-2927,09:30,12:00,02h 30m,ECONOMY,S,5493.0,1507.0,7000.0,9,Available
20260911_183015,2026-09-11T18:31:17,EaseMyTrip,DEL-BOM,DEL,BOM,T+7,2026-09-18,Air India,AI-2975,06:30,08:50,02h 20m,ECONOMY,T,5644.0,1515.0,7159.0,9,Available
20260911_183015,2026-09-11T18:31:17,EaseMyTrip,DEL-BOM,DEL,BOM,T+7,2026-09-18,Air India,AI-2941,16:30,18:50,02h 20m,ECONOMY,T,5644.0,1515.0,7159.0,9,Available
20260911_183015,2026-09-11T18:31:17,EaseMyTrip,DEL-BOM,DEL,BOM,T+7,2026-09-18,Air India,AI-1780,16:10,20:00,03h 50m,ECONOMY,T,5644.0,1515.0,7159.0,9,Available
20260911_183015,2026-09-11T18:31:17,EaseMyTrip,DEL-BOM,DEL,BOM,T+7,2026-09-18,IndiGo,6E-6114,22:45,01:05,02h 20m,ECONOMY,R,5665.0,1495.0,7160.0,10,Available
20260911_183015,2026-09-11T18:31:17,EaseMyTrip,DEL-BOM,DEL,BOM,T+7,2026-09-18,Air India Express,IX-1235,23:25,01:50,02h 25m,ECONOMY,E,5976.0,1537.0,7513.0,9,Available
20260911_183015,2026-09-11T18:31:17,EaseMyTrip,DEL-BOM,DEL,BOM,T+7,2026-09-18,Air India,AI-2429,07:00,09:25,02h 25m,ECONOMY,U,5844.0,1525.0,7369.0,9,Available
20260911_183015,2026-09-11T18:31:17,EaseMyTrip,DEL-BOM,DEL,BOM,T+7,2026-09-18,Air India,AI-2943,07:30,09:55,02h 25m,ECONOMY,U,5844.0,1525.0,7369.0,9,Available
20260911_183015,2026-09-11T18:31:17,EaseMyTrip,DEL-BOM,DEL,BOM,T+7,2026-09-18,IndiGo,6E-322,23:30,01:45,02h 15m,ECONOMY,R,5965.0,1510.0,7475.0,4,Available
20260911_183015,2026-09-11T18:31:17,EaseMyTrip,DEL-BOM,DEL,BOM,T+7,2026-09-18,Air India,AI-2439,23:00,01:25,02h 25m,ECONOMY,L,6093.0,1537.0,7630.0,9,Available
20260911_183015,2026-09-11T18:31:17,EaseMyTrip,DEL-BOM,DEL,BOM,T+7,2026-09-18,IndiGo,6E-6706,17:00,19:15,02h 15m,ECONOMY,R,6265.0,1525.0,7790.0,1,Available
20260911_183015,2026-09-11T18:31:17,EaseMyTrip,DEL-BOM,DEL,BOM,T+7,2026-09-18,Akasa Air,QP-1820,17:30,19:45,02h 15m,ECONOMY,Q2,7392.0,978.0,8370.0,9,Available
20260911_183015,2026-09-11T18:32:19,EaseMyTrip,DEL-BLR,DEL,BLR,T+1,2026-09-12,IndiGo,6E-811,18:20,21:10,02h 50m,ECONOMY,R,7433.0,1853.0,9286.0,20,Available
20260911_183015,2026-09-11T18:32:19,EaseMyTrip,DEL-BLR,DEL,BLR,T+1,2026-09-12,IndiGo,6E-873,08:20,11:10,02h 50m,ECONOMY,R,7433.0,1853.0,9286.0,1,Available
20260911_183015,2026-09-11T18:32:19,EaseMyTrip,DEL-BLR,DEL,BLR,T+1,2026-09-12,IndiGo,6E-880,15:45,18:40,02h 55m,ECONOMY,R,7433.0,1853.0,9286.0,4,Available
20260911_183015,2026-09-11T18:32:19,EaseMyTrip,DEL-BLR,DEL,BLR,T+1,2026-09-12,IndiGo,6E-837,17:00,19:55,02h 55m,ECONOMY,R,7433.0,1853.0,9286.0,16,Available
20260911_183015,2026-09-11T18:32:19,EaseMyTrip,DEL-BLR,DEL,BLR,T+1,2026-09-12,IndiGo,6E-810,07:05,10:00,02h 55m,ECONOMY,R,7433.0,1853.0,9286.0,10,Available
20260911_183015,2026-09-11T18:32:19,EaseMyTrip,DEL-BLR,DEL,BLR,T+1,2026-09-12,Air India,AI-2817,16:30,19:15,02h 45m,ECONOMY,T,7427.0,1873.0,9300.0,9,Available
20260911_183015,2026-09-11T18:32:19,EaseMyTrip,DEL-BLR,DEL,BLR,T+1,2026-09-12,Air India,AI-2653,04:30,07:20,02h 50m,ECONOMY,T,7427.0,1873.0,9300.0,5,Available
20260911_183015,2026-09-11T18:32:19,EaseMyTrip,DEL-BLR,DEL,BLR,T+1,2026-09-12,Air India,AI-427,08:30,11:20,02h 50m,ECONOMY,T,7427.0,1873.0,9300.0,9,Available
20260911_183015,2026-09-11T18:32:19,EaseMyTrip,DEL-BLR,DEL,BLR,T+1,2026-09-12,Air India,AI-2485,10:30,13:20,02h 50m,ECONOMY,T,7427.0,1873.0,9300.0,9,Available
20260911_183015,2026-09-11T18:32:19,EaseMyTrip,DEL-BLR,DEL,BLR,T+1,2026-09-12,Air India,AI-2809,19:30,22:20,02h 50m,ECONOMY,T,7427.0,1873.0,9300.0,9,Available
20260911_183015,2026-09-11T18:32:19,EaseMyTrip,DEL-BLR,DEL,BLR,T+1,2026-09-12,Air India,AI-2409,06:00,08:55,02h 55m,ECONOMY,T,7427.0,1873.0,9300.0,9,Available
20260911_183015,2026-09-11T18:32:19,EaseMyTrip,DEL-BLR,DEL,BLR,T+1,2026-09-12,Air India,AI-2803,06:30,09:25,02h 55m,ECONOMY,T,7427.0,1873.0,9300.0,9,Available
20260911_183015,2026-09-11T18:32:19,EaseMyTrip,DEL-BLR,DEL,BLR,T+1,2026-09-12,Air India,AI-2815,07:00,09:55,02h 55m,ECONOMY,T,7427.0,1873.0,9300.0,9,Available
20260911_183015,2026-09-11T18:32:19,EaseMyTrip,DEL-BLR,DEL,BLR,T+1,2026-09-12,Air India,AI-2415,09:30,12:25,02h 55m,ECONOMY,T,7427.0,1873.0,9300.0,9,Available
20260911_183015,2026-09-11T18:32:19,EaseMyTrip,DEL-BLR,DEL,BLR,T+1,2026-09-12,Air India,AI-2819,15:00,17:55,02h 55m,ECONOMY,T,7427.0,1873.0,9300.0,9,Available
20260911_183015,2026-09-11T18:32:19,EaseMyTrip,DEL-BLR,DEL,BLR,T+1,2026-09-12,Air India,AI-2664,15:50,18:45,02h 55m,ECONOMY,T,7427.0,1873.0,9300.0,9,Available
20260911_183015,2026-09-11T18:32:19,EaseMyTrip,DEL-BLR,DEL,BLR,T+1,2026-09-12,Air India,AI-2487,18:30,21:25,02h 55m,ECONOMY,T,7427.0,1873.0,9300.0,9,Available
20260911_183015,2026-09-11T18:32:19,EaseMyTrip,DEL-BLR,DEL,BLR,T+1,2026-09-12,Air India,AI-2512,19:00,21:55,02h 55m,ECONOMY,T,7427.0,1873.0,9300.0,9,Available
20260911_183015,2026-09-11T18:32:19,EaseMyTrip,DEL-BLR,DEL,BLR,T+1,2026-09-12,Air India,AI-2412,21:30,00:25,02h 55m,ECONOMY,T,7427.0,1873.0,9300.0,9,Available
20260911_183015,2026-09-11T18:32:19,EaseMyTrip,DEL-BLR,DEL,BLR,T+1,2026-09-12,Akasa Air,QP-1822,16:40,19:40,03h 00m,ECONOMY,T3,8414.0,1087.0,9501.0,7,Available
20260911_183015,2026-09-11T18:32:19,EaseMyTrip,DEL-BLR,DEL,BLR,T+1,2026-09-12,Air India Express,IX-1070,18:20,21:15,02h 55m,ECONOMY,K,7695.0,1890.0,9585.0,9,Available
20260911_183015,2026-09-11T18:32:19,EaseMyTrip,DEL-BLR,DEL,BLR,T+1,2026-09-12,IndiGo,6E-828,14:30,17:25,02h 55m,ECONOMY,R,7895.0,1876.0,9771.0,13,Available
20260911_183015,2026-09-11T18:32:19,EaseMyTrip,DEL-BLR,DEL,BLR,T+1,2026-09-12,IndiGo,6E-842,10:45,13:40,02h 55m,ECONOMY,R,7895.0,1876.0,9771.0,12,Available
20260911_183015,2026-09-11T18:32:19,EaseMyTrip,DEL-BLR,DEL,BLR,T+1,2026-09-12,IndiGo,6E-826,09:30,12:25,02h 55m,ECONOMY,R,7895.0,1876.0,9771.0,13,Available
20260911_183015,2026-09-11T18:32:19,EaseMyTrip,DEL-BLR,DEL,BLR,T+1,2026-09-12,IndiGo,6E-2314,05:45,08:40,02h 55m,ECONOMY,R,7895.0,1876.0,9771.0,1,Available
20260911_183015,2026-09-11T18:32:19,EaseMyTrip,DEL-BLR,DEL,BLR,T+1,2026-09-12,IndiGo,6E-176,13:15,16:10,02h 55m,ECONOMY,R,7895.0,1876.0,9771.0,11,Available
20260911_183015,2026-09-11T18:32:19,EaseMyTrip,DEL-BLR,DEL,BLR,T+1,2026-09-12,IndiGo,6E-850,12:20,15:20,03h 00m,ECONOMY,R,7895.0,1876.0,9771.0,10,Available
20260911_183015,2026-09-11T18:34:52,EaseMyTrip,BOM-BLR,BOM,BLR,T+15,2026-09-26,Akasa Air,QP-1518,21:45,23:45,02h 00m,ECONOMY,R1,5898.0,1016.0,6914.0,8,Available
20260911_183015,2026-09-11T18:34:52,EaseMyTrip,BOM-BLR,BOM,BLR,T+15,2026-09-26,IndiGo,6E-6188,21:30,23:25,01h 55m,ECONOMY,R,5663.0,1399.0,7062.0,1,Available
20260911_183015,2026-09-11T18:34:52,EaseMyTrip,BOM-BLR,BOM,BLR,T+15,2026-09-26,IndiGo,6E-5047,18:30,20:25,01h 55m,ECONOMY,R,5663.0,1399.0,7062.0,13,Available
20260911_183015,2026-09-11T18:34:52,EaseMyTrip,BOM-BLR,BOM,BLR,T+15,2026-09-26,IndiGo,6E-5184,12:30,14:25,01h 55m,ECONOMY,R,5663.0,1399.0,7062.0,7,Available
20260911_183015,2026-09-11T18:34:52,EaseMyTrip,BOM-BLR,BOM,BLR,T+15,2026-09-26,IndiGo,6E-5221,17:00,18:55,01h 55m,ECONOMY,R,5663.0,1399.0,7062.0,9,Available
20260911_183015,2026-09-11T18:34:52,EaseMyTrip,BOM-BLR,BOM,BLR,T+15,2026-09-26,IndiGo,6E-5296,06:30,08:25,01h 55m,ECONOMY,R,5663.0,1399.0,7062.0,94,Available
20260911_183015,2026-09-11T18:34:52,EaseMyTrip,BOM-BLR,BOM,BLR,T+15,2026-09-26,IndiGo,6E-5388,22:20,00:20,02h 00m,ECONOMY,R,5663.0,1399.0,7062.0,106,Available
20260911_183015,2026-09-11T18:34:52,EaseMyTrip,BOM-BLR,BOM,BLR,T+15,2026-09-26,IndiGo,6E-5092,09:50,11:55,02h 05m,ECONOMY,R,5663.0,1399.0,7062.0,8,Available
20260911_183015,2026-09-11T18:34:52,EaseMyTrip,BOM-BLR,BOM,BLR,T+15,2026-09-26,Akasa Air,QP-1382,18:25,20:20,01h 55m,ECONOMY,R0,6169.0,1030.0,7199.0,8,Available
20260911_183015,2026-09-11T18:34:52,EaseMyTrip,BOM-BLR,BOM,BLR,T+15,2026-09-26,Akasa Air,QP-1527,07:35,09:35,02h 00m,ECONOMY,R0,6169.0,1030.0,7199.0,8,Available
20260911_183015,2026-09-11T18:34:52,EaseMyTrip,BOM-BLR,BOM,BLR,T+15,2026-09-26,IndiGo,6E-5071,15:35,17:25,01h 50m,ECONOMY,R,5963.0,1414.0,7377.0,42,Available
20260911_183015,2026-09-11T18:34:52,EaseMyTrip,BOM-BLR,BOM,BLR,T+15,2026-09-26,IndiGo,6E-5193,08:05,09:55,01h 50m,ECONOMY,R,5963.0,1414.0,7377.0,11,Available
20260911_183015,2026-09-11T18:34:52,EaseMyTrip,BOM-BLR,BOM,BLR,T+15,2026-09-26,IndiGo,6E-5382,14:30,16:25,01h 55m,ECONOMY,R,5963.0,1414.0,7377.0,20,Available
20260911_183015,2026-09-11T18:34:52,EaseMyTrip,BOM-BLR,BOM,BLR,T+15,2026-09-26,Air India,AI-2603,06:35,08:35,02h 00m,ECONOMY,L,5941.0,1486.0,7427.0,9,Available
20260911_183015,2026-09-11T18:34:52,EaseMyTrip,BOM-BLR,BOM,BLR,T+15,2026-09-26,Air India,AI-2401,20:45,22:45,02h 00m,ECONOMY,L,5941.0,1486.0,7427.0,9,Available
20260911_183015,2026-09-11T18:34:52,EaseMyTrip,BOM-BLR,BOM,BLR,T+15,2026-09-26,Air India,AI-2865,19:45,21:50,02h 05m,ECONOMY,L,5941.0,1486.0,7427.0,9,Available
20260911_183015,2026-09-11T18:34:52,EaseMyTrip,BOM-BLR,BOM,BLR,T+15,2026-09-26,Air India,AI-2853,15:25,17:35,02h 10m,ECONOMY,L,6060.0,1492.0,7552.0,9,Available
20260911_183015,2026-09-11T18:34:52,EaseMyTrip,BOM-BLR,BOM,BLR,T+15,2026-09-26,Air India,AI-2849,17:30,19:35,02h 05m,ECONOMY,L,6179.0,1498.0,7677.0,9,Available
20260911_183015,2026-09-11T18:34:52,EaseMyTrip,BOM-BLR,BOM,BLR,T+15,2026-09-26,Air India,AI-2641,18:30,20:35,02h 05m,ECONOMY,L,6179.0,1498.0,7677.0,9,Available
20260911_183015,2026-09-11T18:34:52,EaseMyTrip,BOM-BLR,BOM,BLR,T+15,2026-09-26,IndiGo,6E-5217,11:00,12:55,01h 55m,ECONOMY,R,6263.0,1429.0,7692.0,73,Available
20260911_183015,2026-09-11T18:34:52,EaseMyTrip,BOM-BLR,BOM,BLR,T+15,2026-09-26,Air India,AI-2851,07:55,10:05,02h 10m,ECONOMY,L,6298.0,1504.0,7802.0,9,Available
20260911_183015,2026-09-11T18:34:52,EaseMyTrip,BOM-BLR,BOM,BLR,T+15,2026-09-26,Air India,AI-2863,10:00,12:05,02h 05m,ECONOMY,G,6491.0,1513.0,8004.0,7,Available
20260911_183015,2026-09-11T18:34:52,EaseMyTrip,BOM-BLR,BOM,BLR,T+15,2026-09-26,Akasa Air,QP-1133,19:40,21:45,02h 05m,ECONOMY,Q2,7056.0,1074.0,8130.0,3,Available
20260911_183015,2026-09-11T18:34:52,EaseMyTrip,BOM-BLR,BOM,BLR,T+15,2026-09-26,Air India,AI-2632,12:00,14:05,02h 05m,ECONOMY,W,6672.0,1522.0,8194.0,6,Available
